crop,country,correction_bnusd_per_mha
alfalfa,AFG,-0.4871982932090759
alfalfa,AGO,-0.5872955620288849
alfalfa,ALB,-0.07792569696903229
alfalfa,ARE,-2.049747943878174
alfalfa,ARG,-0.4696880578994751
alfalfa,ARM,-0.0
alfalfa,ATG,-7.5
alfalfa,AUS,0.46143344044685364
alfalfa,AUT,-0.7028570473194122
alfalfa,AZE,-0.9098386764526367
alfalfa,BDI,-0.5491533577442169
alfalfa,BEL,0.03711422311607748
alfalfa,BEN,-3.5913655310869217
alfalfa,BFA,-7.5
alfalfa,BGD,-0.7455650568008423
alfalfa,BGR,0.43935418128967285
alfalfa,BHS,-4.098972737789154
alfalfa,BIH,4.02377387881279
alfalfa,BLR,0.5052714645862579
alfalfa,BLZ,3.480129837989807
alfalfa,BOL,-0.6502359807491302
alfalfa,BRA,-0.5913008153438568
alfalfa,BRB,2.7962645292282104
alfalfa,BRN,-0.8346583247184753
alfalfa,BTN,-0.16802090778946877
alfalfa,BWA,-0.0
alfalfa,CAF,-0.9864689707756042
alfalfa,CAN,-0.17796827852725983
alfalfa,CHE,0.3180949091911316
alfalfa,CHL,-0.5822583436965942
alfalfa,CHN,-0.0
alfalfa,CIV,7.5
alfalfa,CMR,1.5092471241950989
alfalfa,COD,-0.9032082557678223
alfalfa,COG,-0.9104407727718353
alfalfa,COL,-0.19368816912174225
alfalfa,COM,-0.863983690738678
alfalfa,CPV,-7.5
alfalfa,CRI,-0.8729466199874878
alfalfa,CUB,-0.2861141711473465
alfalfa,CYP,-0.3325519561767578
alfalfa,CZE,-0.48490050435066223
alfalfa,DEU,-0.08516138419508934
alfalfa,DJI,-0.8389344215393066
alfalfa,DNK,7.0713512897491455
alfalfa,DOM,-0.6154150068759918
alfalfa,DZA,-0.0
alfalfa,ECU,-0.6202325224876404
alfalfa,EGY,-0.0
alfalfa,ERI,-0.8385542333126068
alfalfa,ESP,-0.9092093706130981
alfalfa,EST,-0.0
alfalfa,ETH,-0.7877408266067505
alfalfa,FIN,-0.0
alfalfa,FJI,-0.29838553071022034
alfalfa,FRA,-0.30599623918533325
alfalfa,GAB,-0.8374183773994446
alfalfa,GBR,0.17221316322684288
alfalfa,GEO,-0.5341951251029968
alfalfa,GHA,3.2963876724243164
alfalfa,GIN,-0.04096483252942562
alfalfa,GMB,-7.5
alfalfa,GNB,-7.5
alfalfa,GNQ,-0.7580702304840088
alfalfa,GRC,-0.600588470697403
alfalfa,GRD,0.47753024101257324
alfalfa,GTM,-0.4777442663908005
alfalfa,GUF,-2.7332428693771362
alfalfa,GUY,-0.062099993228912354
alfalfa,HND,-0.3474761098623276
alfalfa,HRV,-3.9130672812461853
alfalfa,HTI,-0.9823175668716431
alfalfa,HUN,-0.5841749906539917
alfalfa,IDN,-0.31282414495944977
alfalfa,IND,3.588812828063965
alfalfa,IRL,-0.5094911456108093
alfalfa,IRN,-1.3364668488502502
alfalfa,IRQ,6.606939315795898
alfalfa,ISL,-0.7594122290611267
alfalfa,ISR,1.7107293605804443
alfalfa,ITA,-0.4753532111644745
alfalfa,JAM,2.1736905574798584
alfalfa,JOR,-2.3239680528640747
alfalfa,JPN,-0.09601344913244247
alfalfa,KAZ,-0.5724284648895264
alfalfa,KEN,-0.5058733820915222
alfalfa,KGZ,-0.8250242173671722
alfalfa,KHM,-0.8290514051914215
alfalfa,KOR,0.1254679560661316
alfalfa,LAO,3.528120443224907
alfalfa,LBN,-0.5459891706705093
alfalfa,LBR,-0.921650618314743
alfalfa,LBY,-2.0206398963928223
alfalfa,LKA,-0.6787195801734924
alfalfa,LSO,-0.9019585251808167
alfalfa,LTU,0.45676255226135254
alfalfa,LUX,-0.31451722234487534
alfalfa,LVA,-0.7909163534641266
alfalfa,MAR,2.5556141138076782
alfalfa,MDA,0.26266995072364807
alfalfa,MDG,-0.9153843522071838
alfalfa,MEX,-0.30616630613803864
alfalfa,MKD,0.5724646747112274
alfalfa,MLI,-7.5
alfalfa,MLT,-7.5
alfalfa,MMR,5.617528438568115
alfalfa,MNE,2.835260033607483
alfalfa,MNG,-4.187393367290497
alfalfa,MOZ,-0.8671532869338989
alfalfa,MRT,-1.172128438949585
alfalfa,MUS,-0.80821493268013
alfalfa,MWI,-0.45312023162841797
alfalfa,MYS,-0.2835811972618103
alfalfa,NAM,-1.0108903646469116
alfalfa,NER,3.75
alfalfa,NGA,-7.5
alfalfa,NIC,-1.851704716682434
alfalfa,NLD,7.207123517990112
alfalfa,NOR,-0.0
alfalfa,NPL,-0.9458981156349182
alfalfa,NZL,-0.2614366412162781
alfalfa,OMN,-0.0
alfalfa,PAK,-0.840601921081543
alfalfa,PAN,-1.0103959441184998
alfalfa,PER,-0.027207091450691223
alfalfa,PHL,-0.06899064034223557
alfalfa,PNG,-0.10392701625823975
alfalfa,POL,-0.473319947719574
alfalfa,PRI,-0.8350662589073181
alfalfa,PRT,2.5400439500808716
alfalfa,PRY,-0.1363610178232193
alfalfa,PSE,-1.467234492301941
alfalfa,ROU,-0.0
alfalfa,RUS,-0.3639320135116577
alfalfa,RWA,-0.30697302520275116
alfalfa,SAU,-0.40443602204322815
alfalfa,SDN,-0.7904700338840485
alfalfa,SEN,-0.0
alfalfa,SLB,-0.620479166507721
alfalfa,SLE,-0.49844561517238617
alfalfa,SLV,1.2316006422042847
alfalfa,SOM,-0.6640211641788483
alfalfa,SRB,-0.00028765559545718133
alfalfa,SSD,-0.8803735077381134
alfalfa,STP,1.336071789264679
alfalfa,SUR,-0.7846477329730988
alfalfa,SVK,-0.08839803468436003
alfalfa,SVN,-0.009401127696037292
alfalfa,SWE,-7.5
alfalfa,SWZ,-0.23009134829044342
alfalfa,SYR,-0.3654564321041107
alfalfa,TCD,-0.7717383205890656
alfalfa,TGO,-0.3813713639974594
alfalfa,THA,-0.6493283808231354
alfalfa,TJK,-0.19931456446647644
alfalfa,TKM,-0.8468963205814362
alfalfa,TLS,-0.0398040059953928
alfalfa,TTO,-0.7212981581687927
alfalfa,TUN,0.1430484503507614
alfalfa,TUR,4.0645023584365845
alfalfa,TWN,1.438284695148468
alfalfa,TZA,-0.6811783611774445
alfalfa,UGA,-0.9554993808269501
alfalfa,UKR,-0.319707989692688
alfalfa,URY,-0.03190572187304497
alfalfa,USA,-0.50160151720047
alfalfa,UZB,-1.905257225036621
alfalfa,VEN,-0.8419032692909241
alfalfa,VNM,0.4117329567670822
alfalfa,VUT,-0.10068031400442123
alfalfa,YEM,-0.7676626443862915
alfalfa,ZAF,-0.6115226745605469
alfalfa,ZMB,-7.5
alfalfa,ZWE,-0.7069021463394165
apple,AFG,-0.0
apple,ALB,-0.0
apple,ARG,-0.0
apple,ARM,-0.0
apple,AUS,-0.0
apple,AUT,-0.0
apple,AZE,-0.0
apple,BEL,-0.0
apple,BGR,-0.0
apple,BIH,-0.0
apple,BLR,-0.0
apple,BLZ,-7.5
apple,BOL,-7.5
apple,BRA,-0.0
apple,BTN,-0.0
apple,BWA,-0.0
apple,CAN,-7.5
apple,CHE,-0.0
apple,CHL,-0.0
apple,CHN,-0.0
apple,COL,7.5
apple,CZE,-0.0
apple,DEU,-0.0
apple,DNK,-0.0
apple,DZA,-0.0
apple,ECU,-3.75
apple,EGY,-0.0
apple,ESP,-0.0
apple,EST,-0.0
apple,ETH,-0.0
apple,FIN,-0.0
apple,FRA,-0.0
apple,GBR,-0.0
apple,GEO,-0.0
apple,GRC,-0.0
apple,GTM,-0.0
apple,HND,-0.0
apple,HRV,-0.0
apple,HUN,-0.0
apple,IND,-0.0
apple,IRL,-0.0
apple,IRN,-0.0
apple,IRQ,-0.0
apple,ISR,-0.0
apple,ITA,-0.0
apple,JOR,-0.0
apple,JPN,-0.0
apple,KAZ,-0.0
apple,KEN,-7.5
apple,KGZ,-0.0
apple,KOR,-0.0
apple,LAO,-7.5
apple,LBN,-0.0
apple,LBY,-0.0
apple,LSO,-7.5
apple,LTU,-0.0
apple,LUX,-0.0
apple,LVA,-0.0
apple,MAR,-0.0
apple,MDA,-0.0
apple,MDG,-1.9277794361114502
apple,MEX,-0.0
apple,MKD,-0.0
apple,MMR,-7.5
apple,MNE,-0.0
apple,MNG,7.5
apple,MOZ,-0.0
apple,NIC,-0.0
apple,NLD,-0.0
apple,NOR,-0.0
apple,NPL,-0.0
apple,NZL,-0.0
apple,PAK,-0.0
apple,PER,-7.5
apple,POL,-0.0
apple,PRT,-0.0
apple,PRY,-7.5
apple,PSE,-0.0
apple,ROU,-0.0
apple,RUS,-0.0
apple,SAU,0.0
apple,SLV,-0.0
apple,SRB,-0.0
apple,SVK,-0.0
apple,SVN,-0.0
apple,SWE,-7.5
apple,SWZ,-0.0
apple,SYR,-0.0
apple,TJK,-0.0
apple,TKM,-0.0
apple,TUN,-0.0
apple,TUR,-0.0
apple,TWN,-0.0
apple,TZA,-0.0
apple,UGA,-0.0
apple,UKR,-0.0
apple,URY,-0.0
apple,USA,-0.0
apple,UZB,-0.0
apple,VEN,-0.0
apple,VNM,-7.5
apple,YEM,-0.0
apple,ZAF,-0.0
apple,ZMB,-0.0
apple,ZWE,-7.5
banana,AFG,-0.0
banana,AGO,-2.675038456916809
banana,ALB,-0.0
banana,ARE,-1.116786241531372
banana,ARG,-0.5006579756736755
banana,ATG,7.5
banana,AUS,-7.5
banana,BDI,-0.8039266467094421
banana,BEN,-7.5
banana,BFA,-4.465593576431274
banana,BGD,-4.907442331314087
banana,BHS,-5.701611280441284
banana,BLZ,-4.773700475692749
banana,BOL,-0.7089869379997253
banana,BRA,-2.1484917402267456
banana,BRB,-7.5
banana,BRN,-1.9960423707962036
banana,BTN,-7.5
banana,BWA,-0.0
banana,CAF,-7.5
banana,CHL,-0.0
banana,CHN,-7.5
banana,CIV,-7.5
banana,CMR,-7.37291145324707
banana,COD,-7.5
banana,COG,-7.5
banana,COL,-7.5
banana,COM,-7.5
banana,CPV,-7.5
banana,CRI,-7.5
banana,CUB,-7.444797992706299
banana,CYP,-3.5807487964630127
banana,DJI,-0.0
banana,DOM,-1.9253215193748474
banana,DZA,-1.7567592859268188
banana,ECU,-3.789535641670227
banana,EGY,-7.5
banana,ERI,-4.768052101135254
banana,ESP,-7.5
banana,ETH,-0.2293231338262558
banana,FJI,-5.631571292877197
banana,FRA,-4.2172300815582275
banana,GAB,-7.5
banana,GHA,-1.7776051759719849
banana,GIN,0.507595032453537
banana,GMB,-0.0
banana,GNB,-7.5
banana,GNQ,-7.5
banana,GRC,-7.5
banana,GRD,-1.1112971305847168
banana,GTM,-0.20870709419250488
banana,GUF,7.5
banana,GUY,-7.5
banana,HND,-7.5
banana,HTI,-7.090696096420288
banana,IDN,3.8170498609542847
banana,IND,4.272392749786377
banana,IRN,-7.5
banana,IRQ,7.5
banana,ISR,-7.5
banana,JAM,-2.1946396827697754
banana,JOR,-7.5
banana,KEN,-1.3334147930145264
banana,KHM,-7.0168373584747314
banana,LAO,-3.831998586654663
banana,LBN,-7.5
banana,LBR,-7.5
banana,LKA,-4.299564838409424
banana,MAR,-7.5
banana,MDG,-7.5
banana,MEX,0.4291626214981079
banana,MLI,-7.5
banana,MMR,-6.545746326446533
banana,MOZ,-7.5
banana,MRT,-6.603187322616577
banana,MUS,-1.5701363682746887
banana,MWI,-7.5
banana,MYS,-2.7401959896087646
banana,NAM,7.5
banana,NER,-6.1900670528411865
banana,NGA,7.5
banana,NIC,-6.079637765884399
banana,NPL,-2.755752682685852
banana,OMN,-6.7095723152160645
banana,PAK,-7.5
banana,PAN,-3.2987263202667236
banana,PER,-6.944968938827515
banana,PHL,-4.811185359954834
banana,PNG,-5.365080833435059
banana,PRI,-7.5
banana,PRT,-2.9780778884887695
banana,PRY,-2.3229236602783203
banana,PSE,-7.5
banana,RWA,-4.648836612701416
banana,SAU,-2.748689293861389
banana,SDN,-4.465444564819336
banana,SEN,-7.5
banana,SLB,-7.5
banana,SLE,-7.494049072265625
banana,SLV,-0.31568434834480286
banana,SOM,-5.81528377532959
banana,SSD,-7.5
banana,STP,-6.985697031021118
banana,SUR,-7.5
banana,SWZ,-7.5
banana,SYR,0.5310457199811935
banana,TGO,2.0914310216903687
banana,THA,-2.633740186691284
banana,TLS,-0.5844948887825012
banana,TTO,-7.5
banana,TUR,-7.5
banana,TWN,-3.7527897357940674
banana,TZA,-1.9472641944885254
banana,UGA,-7.5
banana,URY,7.5
banana,USA,-5.582991600036621
banana,VEN,-6.348810195922852
banana,VNM,-1.2467227280139923
banana,VUT,-6.43522572517395
banana,YEM,-3.058821201324463
banana,ZAF,-7.5
banana,ZMB,-1.4184268712997437
banana,ZWE,-7.5
barley,AFG,-0.4187573343515396
barley,AGO,-0.0
barley,ALB,-0.5586256086826324
barley,ARE,0.19229894131422043
barley,ARG,-0.2825237661600113
barley,ARM,-0.15258222073316574
barley,AUS,0.1281726323068142
barley,AUT,-0.36022841930389404
barley,AZE,-0.1111694686114788
barley,BDI,-0.0
barley,BEL,0.1221410408616066
barley,BGD,7.5
barley,BGR,0.08520667999982834
barley,BIH,-0.06764769554138184
barley,BLR,-0.0861055925488472
barley,BOL,-0.0814414918422699
barley,BRA,-0.34297217428684235
barley,BTN,0.46964721381664276
barley,BWA,7.5
barley,CAN,-0.3142903745174408
barley,CHE,-0.7696525752544403
barley,CHL,-0.5423400700092316
barley,CHN,-0.17735445499420166
barley,COD,-0.49593929946422577
barley,COL,-0.4312538653612137
barley,CYP,0.2360926065593958
barley,CZE,-0.22510503232479095
barley,DEU,-0.0015442976728081703
barley,DNK,-0.2694867104291916
barley,DZA,-0.028481834568083286
barley,ECU,-0.27652809023857117
barley,EGY,-0.6694534420967102
barley,ERI,-0.4594382047653198
barley,ESP,0.0870860293507576
barley,EST,-0.006252468563616276
barley,ETH,-0.21113399416208267
barley,FIN,-0.03456543758511543
barley,FRA,-0.1639757826924324
barley,GBR,-0.18947896687313914
barley,GEO,-0.1467255800962448
barley,GRC,0.02513524517416954
barley,GTM,-0.0
barley,HRV,3.754185736645013
barley,HUN,0.23794272541999817
barley,IND,-0.17143815755844116
barley,IRL,-0.23192565515637398
barley,IRN,-0.2615121603012085
barley,IRQ,-0.3818698525428772
barley,ISR,0.5657221376895905
barley,ITA,-0.06712974980473518
barley,JOR,-0.25647490471601486
barley,JPN,0.8553435802459717
barley,KAZ,-0.12322695553302765
barley,KEN,-0.5151639580726624
barley,KGZ,-0.18379686027765274
barley,KOR,-0.015463439747691154
barley,LAO,-0.23752398043870926
barley,LBN,-0.17762497067451477
barley,LBY,-0.8125518262386322
barley,LSO,-0.49006636440753937
barley,LTU,-0.06000501662492752
barley,LUX,0.1242247074842453
barley,LVA,-0.020220201462507248
barley,MAR,-0.4517219066619873
barley,MDA,0.18721414357423782
barley,MEX,-0.4153892993927002
barley,MKD,0.1140565536916256
barley,MLT,-2.2854796648025513
barley,MMR,-0.24291132390499115
barley,MNE,-0.06297320313751698
barley,MNG,-0.11350186169147491
barley,MOZ,7.5
barley,MRT,0.03816027566790581
barley,MWI,-0.0
barley,NAM,-0.0
barley,NLD,-1.063898503780365
barley,NOR,-0.7584243714809418
barley,NPL,0.12788785248994827
barley,NZL,-0.6163097620010376
barley,OMN,-1.2718602865934372
barley,PAK,-0.4249209463596344
barley,PER,-0.130045548081398
barley,POL,-0.04485376924276352
barley,PRT,-0.11721297353506088
barley,PRY,7.5
barley,PSE,-0.2729615718126297
barley,ROU,-0.18177609145641327
barley,RUS,-0.09665001556277275
barley,RWA,-0.0
barley,SAU,0.019388597458600998
barley,SDN,-0.5076397061347961
barley,SRB,0.07933812588453293
barley,SVK,-0.188148632645607
barley,SVN,0.16217166185379028
barley,SWE,0.1923786848783493
barley,SWZ,7.5
barley,SYR,-0.378543496131897
barley,THA,-0.2892022430896759
barley,TJK,-0.2651941701769829
barley,TKM,-0.2776133120059967
barley,TUN,-0.12429077178239822
barley,TUR,-0.08587954565882683
barley,TZA,-0.42379121482372284
barley,UGA,-0.0
barley,UKR,-0.15150313824415207
barley,URY,-0.009589978959411383
barley,USA,-0.38665035367012024
barley,UZB,-0.19317518174648285
barley,VEN,-0.0
barley,VNM,-0.39377374947071075
barley,YEM,-0.18355751037597656
barley,ZAF,-0.29490402340888977
barley,ZMB,7.5
barley,ZWE,2.4862823486328125
biomass-sorghum,AFG,-0.0
biomass-sorghum,AGO,-0.0
biomass-sorghum,ALB,-0.0
biomass-sorghum,ARE,-0.0
biomass-sorghum,ARG,-0.0
biomass-sorghum,ARM,-0.0
biomass-sorghum,AUS,-0.0
biomass-sorghum,AUT,-0.0
biomass-sorghum,AZE,-0.0
biomass-sorghum,BDI,-0.0
biomass-sorghum,BEL,-0.0
biomass-sorghum,BEN,-0.0
biomass-sorghum,BFA,-0.0
biomass-sorghum,BGD,-0.0
biomass-sorghum,BGR,-0.0
biomass-sorghum,BIH,-0.0
biomass-sorghum,BLR,-0.0
biomass-sorghum,BLZ,-0.0
biomass-sorghum,BOL,-0.0
biomass-sorghum,BRA,-0.0
biomass-sorghum,BTN,-0.0
biomass-sorghum,BWA,-0.0
biomass-sorghum,CAF,-0.0
biomass-sorghum,CAN,-0.0
biomass-sorghum,CHE,-0.0
biomass-sorghum,CHN,-0.0
biomass-sorghum,CIV,-0.0
biomass-sorghum,CMR,-0.0
biomass-sorghum,COD,-0.0
biomass-sorghum,COG,-0.0
biomass-sorghum,COL,-0.0
biomass-sorghum,CRI,-0.0
biomass-sorghum,CUB,-0.0
biomass-sorghum,CZE,-0.0
biomass-sorghum,DEU,-0.0
biomass-sorghum,DOM,-0.0
biomass-sorghum,DZA,-0.0
biomass-sorghum,ECU,-0.0
biomass-sorghum,EGY,-0.0
biomass-sorghum,ERI,-0.0
biomass-sorghum,ESP,-0.0
biomass-sorghum,EST,-0.0
biomass-sorghum,ETH,-0.0
biomass-sorghum,FJI,-0.0
biomass-sorghum,FRA,-0.0
biomass-sorghum,GAB,-0.0
biomass-sorghum,GEO,-0.0
biomass-sorghum,GHA,-0.0
biomass-sorghum,GIN,-0.0
biomass-sorghum,GMB,-0.0
biomass-sorghum,GNB,-0.0
biomass-sorghum,GRC,-0.0
biomass-sorghum,GTM,-0.0
biomass-sorghum,GUY,-0.0
biomass-sorghum,HND,-0.0
biomass-sorghum,HRV,-0.0
biomass-sorghum,HTI,-0.0
biomass-sorghum,HUN,-0.0
biomass-sorghum,IDN,-0.0
biomass-sorghum,IND,-0.0
biomass-sorghum,IRN,-0.0
biomass-sorghum,IRQ,-0.0
biomass-sorghum,ISR,-0.0
biomass-sorghum,ITA,-0.0
biomass-sorghum,JOR,-0.0
biomass-sorghum,KAZ,-0.0
biomass-sorghum,KEN,-0.0
biomass-sorghum,KGZ,-0.0
biomass-sorghum,KHM,-0.0
biomass-sorghum,KOR,-0.0
biomass-sorghum,LAO,-0.0
biomass-sorghum,LBN,-0.0
biomass-sorghum,LBR,-0.0
biomass-sorghum,LSO,-0.0
biomass-sorghum,LTU,-0.0
biomass-sorghum,LUX,-0.0
biomass-sorghum,LVA,-0.0
biomass-sorghum,MAR,-0.0
biomass-sorghum,MDA,-0.0
biomass-sorghum,MDG,-0.0
biomass-sorghum,MEX,-0.0
biomass-sorghum,MKD,-0.0
biomass-sorghum,MLI,-0.0
biomass-sorghum,MMR,-0.0
biomass-sorghum,MNE,-0.0
biomass-sorghum,MNG,-0.0
biomass-sorghum,MOZ,-0.0
biomass-sorghum,MRT,-0.0
biomass-sorghum,MWI,-0.0
biomass-sorghum,MYS,-0.0
biomass-sorghum,NAM,-0.0
biomass-sorghum,NER,-0.0
biomass-sorghum,NGA,-0.0
biomass-sorghum,NIC,-0.0
biomass-sorghum,NPL,-0.0
biomass-sorghum,OMN,-0.0
biomass-sorghum,PAK,-0.0
biomass-sorghum,PAN,-0.0
biomass-sorghum,PER,-0.0
biomass-sorghum,PNG,-0.0
biomass-sorghum,POL,-0.0
biomass-sorghum,PRT,-0.0
biomass-sorghum,PRY,-0.0
biomass-sorghum,PSE,-0.0
biomass-sorghum,ROU,-0.0
biomass-sorghum,RUS,-0.0
biomass-sorghum,RWA,-0.0
biomass-sorghum,SAU,-0.0
biomass-sorghum,SDN,-0.0
biomass-sorghum,SEN,-0.0
biomass-sorghum,SLE,-0.0
biomass-sorghum,SLV,-0.0
biomass-sorghum,SOM,-0.0
biomass-sorghum,SRB,-0.0
biomass-sorghum,SSD,-0.0
biomass-sorghum,SUR,-0.0
biomass-sorghum,SVK,-0.0
biomass-sorghum,SVN,-0.0
biomass-sorghum,SWZ,-0.0
biomass-sorghum,SYR,-0.0
biomass-sorghum,TCD,-0.0
biomass-sorghum,TGO,-0.0
biomass-sorghum,THA,-0.0
biomass-sorghum,TJK,-0.0
biomass-sorghum,TKM,-0.0
biomass-sorghum,TUN,-0.0
biomass-sorghum,TUR,-0.0
biomass-sorghum,TWN,-0.0
biomass-sorghum,TZA,-0.0
biomass-sorghum,UGA,-0.0
biomass-sorghum,UKR,-0.0
biomass-sorghum,URY,-0.0
biomass-sorghum,USA,-0.0
biomass-sorghum,UZB,-0.0
biomass-sorghum,VEN,-0.0
biomass-sorghum,VNM,-0.0
biomass-sorghum,YEM,-0.0
biomass-sorghum,ZAF,-0.0
biomass-sorghum,ZMB,-0.0
biomass-sorghum,ZWE,-0.0
buckwheat,AFG,-0.0
buckwheat,AGO,-0.0
buckwheat,ALB,0.31239601969718933
buckwheat,ARE,-0.0
buckwheat,ARG,0.9257281720638275
buckwheat,ARM,0.7820713669061661
buckwheat,AUS,1.9702330231666565
buckwheat,AUT,3.983856201171875
buckwheat,AZE,1.3635597825050354
buckwheat,BDI,-0.0
buckwheat,BEL,6.243065118789673
buckwheat,BEN,-7.5
buckwheat,BFA,-7.5
buckwheat,BGD,-0.0
buckwheat,BGR,4.814522981643677
buckwheat,BIH,2.1079163551330566
buckwheat,BLR,-0.12750568985939026
buckwheat,BLZ,-0.0
buckwheat,BOL,-7.5
buckwheat,BRA,-0.0
buckwheat,BTN,-0.053684456273913383
buckwheat,BWA,3.75
buckwheat,CAF,7.5
buckwheat,CAN,2.229360580444336
buckwheat,CHE,2.044388711452484
buckwheat,CHL,2.8904812335968018
buckwheat,CHN,0.7918442785739899
buckwheat,CIV,-7.5
buckwheat,CMR,-7.5
buckwheat,COD,7.5
buckwheat,COG,0.0
buckwheat,COL,-7.5
buckwheat,CYP,7.5
buckwheat,CZE,4.201117515563965
buckwheat,DEU,4.680012226104736
buckwheat,DNK,4.881952524185181
buckwheat,DZA,1.5186086893081665
buckwheat,ECU,-7.5
buckwheat,EGY,1.0642497539520264
buckwheat,ERI,-0.11944250762462616
buckwheat,ESP,1.384593665599823
buckwheat,EST,2.520328998565674
buckwheat,ETH,-0.0
buckwheat,FIN,1.8523441553115845
buckwheat,FRA,3.9445656538009644
buckwheat,GAB,-0.0
buckwheat,GBR,2.9845614433288574
buckwheat,GEO,0.69776850938797
buckwheat,GHA,7.5
buckwheat,GIN,-0.027448823675513268
buckwheat,GMB,-7.5
buckwheat,GNB,-7.5
buckwheat,GRC,0.38971497118473053
buckwheat,GTM,-0.0
buckwheat,GUF,-0.0
buckwheat,GUY,-0.0
buckwheat,HRV,5.226340174674988
buckwheat,HUN,3.5206165313720703
buckwheat,IND,7.5
buckwheat,IRL,6.398992538452148
buckwheat,IRN,2.7338268756866455
buckwheat,IRQ,5.2497358322143555
buckwheat,ISR,3.776187112554908
buckwheat,ITA,0.4887797236442566
buckwheat,JOR,-0.0
buckwheat,JPN,-0.1301967203617096
buckwheat,KAZ,0.7750862836837769
buckwheat,KEN,-7.5
buckwheat,KGZ,7.5
buckwheat,KHM,7.5
buckwheat,KOR,1.1548049449920654
buckwheat,LAO,7.5
buckwheat,LBN,7.5
buckwheat,LBR,-0.0
buckwheat,LBY,-0.0
buckwheat,LSO,7.5
buckwheat,LTU,4.752562761306763
buckwheat,LUX,3.186661720275879
buckwheat,LVA,5.313703536987305
buckwheat,MAR,3.906995490193367
buckwheat,MDA,7.5
buckwheat,MEX,-0.0
buckwheat,MKD,1.5365615487098694
buckwheat,MLI,-0.0
buckwheat,MMR,3.75
buckwheat,MNE,1.9927122592926025
buckwheat,MNG,1.126276969909668
buckwheat,MOZ,-0.0
buckwheat,MRT,-7.5
buckwheat,MWI,-0.0
buckwheat,MYS,-0.0
buckwheat,NAM,-0.0
buckwheat,NER,-7.5
buckwheat,NGA,-0.18936488777399063
buckwheat,NLD,2.029551327228546
buckwheat,NOR,1.7749409079551697
buckwheat,NPL,0.5064387917518616
buckwheat,NZL,2.8052268028259277
buckwheat,OMN,-7.5
buckwheat,PER,-7.5
buckwheat,POL,3.102378487586975
buckwheat,PRT,0.2866450101137161
buckwheat,PRY,7.5
buckwheat,PSE,7.5
buckwheat,ROU,2.196386933326721
buckwheat,RUS,0.7402212619781494
buckwheat,RWA,-7.5
buckwheat,SAU,2.860752582550049
buckwheat,SDN,-3.75
buckwheat,SEN,-7.5
buckwheat,SLE,-0.08607662469148636
buckwheat,SOM,-0.0
buckwheat,SRB,3.1095118522644043
buckwheat,SSD,-7.5
buckwheat,SUR,-0.0
buckwheat,SVK,2.051300048828125
buckwheat,SVN,5.219473361968994
buckwheat,SWE,4.955526828765869
buckwheat,SWZ,-0.0
buckwheat,SYR,1.050454020500183
buckwheat,TCD,-0.0
buckwheat,TGO,-7.5
buckwheat,THA,-7.5
buckwheat,TJK,0.7483574151992798
buckwheat,TKM,1.3502866625785828
buckwheat,TUN,1.1675870418548584
buckwheat,TUR,1.6896829009056091
buckwheat,TWN,1.3987276554107666
buckwheat,TZA,-0.0
buckwheat,UGA,-0.0
buckwheat,UKR,2.0241997838020325
buckwheat,URY,1.3901387453079224
buckwheat,USA,2.0262036323547363
buckwheat,UZB,7.5
buckwheat,VEN,-0.0
buckwheat,VNM,-0.0
buckwheat,YEM,-0.0
buckwheat,ZAF,0.5815677046775818
buckwheat,ZMB,-0.0
buckwheat,ZWE,7.5
cabbage,AFG,-5.286866664886475
cabbage,AGO,-6.345226764678955
cabbage,ALB,-2.835782289505005
cabbage,ARE,-1.0343778729438782
cabbage,ARG,-3.6154696941375732
cabbage,ARM,-1.0903156474232674
cabbage,ATG,-7.5
cabbage,AUS,-7.5
cabbage,AUT,-3.5087651014328003
cabbage,AZE,0.5322303753346205
cabbage,BDI,-6.721211910247803
cabbage,BEL,-7.5
cabbage,BEN,-5.916523694992065
cabbage,BFA,-7.488344669342041
cabbage,BGD,1.0499660149216652
cabbage,BGR,-0.7329925298690796
cabbage,BHS,-7.3833770751953125
cabbage,BIH,3.0574533939361572
cabbage,BLR,3.662936568260193
cabbage,BLZ,-7.5
cabbage,BOL,-2.443333625793457
cabbage,BRA,-7.5
cabbage,BRB,-7.5
cabbage,BRN,-7.5
cabbage,BTN,-0.9364849328994751
cabbage,BWA,-7.5
cabbage,CAF,-7.5
cabbage,CAN,-5.3308329582214355
cabbage,CHE,-7.5
cabbage,CHL,-7.5
cabbage,CHN,-4.399016857147217
cabbage,CIV,-7.368859052658081
cabbage,CMR,-5.933734893798828
cabbage,COD,-7.104915142059326
cabbage,COG,-7.5
cabbage,COL,-7.5
cabbage,COM,-7.5
cabbage,CPV,-0.0
cabbage,CRI,-4.764395236968994
cabbage,CUB,-4.275169730186462
cabbage,CYP,-7.5
cabbage,CZE,-1.387437753379345
cabbage,DEU,-3.9080392122268677
cabbage,DJI,-7.5
cabbage,DNK,-3.3315072059631348
cabbage,DOM,-7.5
cabbage,DZA,-5.114021062850952
cabbage,ECU,0.2920842170715332
cabbage,EGY,-0.0
cabbage,ERI,-7.5
cabbage,ESP,-2.9123010635375977
cabbage,EST,-2.405376434326172
cabbage,ETH,-0.16070172935724258
cabbage,FIN,-7.5
cabbage,FJI,-7.5
cabbage,FRA,-7.5
cabbage,GAB,-7.5
cabbage,GBR,-7.427465915679932
cabbage,GEO,-1.689068853855133
cabbage,GHA,-7.5
cabbage,GIN,-7.5
cabbage,GMB,-7.306031227111816
cabbage,GNB,-7.5
cabbage,GNQ,0.0
cabbage,GRC,-6.178058624267578
cabbage,GRD,-6.757470607757568
cabbage,GTM,-6.066713571548462
cabbage,GUF,-7.5
cabbage,GUY,-7.5
cabbage,HND,-4.104998707771301
cabbage,HRV,6.7122578620910645
cabbage,HTI,-7.5
cabbage,HUN,-0.3122407793998718
cabbage,IDN,-5.477739334106445
cabbage,IND,-4.948345184326172
cabbage,IRL,-2.7219549417495728
cabbage,IRN,-4.924112319946289
cabbage,IRQ,-1.3448196649551392
cabbage,ISR,-2.673950672149658
cabbage,ITA,-5.3109002113342285
cabbage,JAM,-7.3027918338775635
cabbage,JOR,-3.362290859222412
cabbage,JPN,-7.5
cabbage,KAZ,-0.0
cabbage,KEN,-2.7257044315338135
cabbage,KGZ,-1.3927920460700989
cabbage,KHM,-7.5
cabbage,KOR,1.499678909778595
cabbage,LAO,-7.16411566734314
cabbage,LBN,-7.276117324829102
cabbage,LBR,-7.5
cabbage,LBY,-7.5
cabbage,LKA,-6.7402403354644775
cabbage,LSO,-7.334450721740723
cabbage,LTU,-1.947817862033844
cabbage,LUX,-7.5
cabbage,LVA,1.1829180121421814
cabbage,MAR,2.36239892244339
cabbage,MDA,1.1663309633731842
cabbage,MDG,-6.779276371002197
cabbage,MEX,-0.45404984056949615
cabbage,MKD,-2.6096874475479126
cabbage,MLI,-5.339072227478027
cabbage,MLT,-2.454876184463501
cabbage,MMR,-5.391595125198364
cabbage,MNE,-4.992884159088135
cabbage,MNG,-6.048544883728027
cabbage,MOZ,-7.090494155883789
cabbage,MRT,-7.5
cabbage,MUS,-7.5
cabbage,MWI,-4.414270877838135
cabbage,MYS,-5.73218035697937
cabbage,NAM,-7.5
cabbage,NER,-2.705056667327881
cabbage,NGA,-7.5
cabbage,NIC,-7.5
cabbage,NLD,4.919143438339233
cabbage,NOR,-7.5
cabbage,NPL,-3.089465618133545
cabbage,NZL,-4.091490387916565
cabbage,OMN,-5.429549694061279
cabbage,PAK,-0.0
cabbage,PAN,-7.5
cabbage,PER,2.0827361345291138
cabbage,PHL,-3.747147798538208
cabbage,PNG,-5.040932893753052
cabbage,POL,0.4334743618965149
cabbage,PRI,-7.5
cabbage,PRT,-3.9909251928329468
cabbage,PRY,-7.249224662780762
cabbage,PSE,-7.5
cabbage,ROU,-3.2993557453155518
cabbage,RUS,2.6599366664886475
cabbage,RWA,-1.1885002255439758
cabbage,SAU,-6.719134092330933
cabbage,SDN,-7.5
cabbage,SEN,-7.5
cabbage,SLB,-7.5
cabbage,SLE,-7.5
cabbage,SLV,-0.0
cabbage,SOM,-7.5
cabbage,SRB,-1.515929102897644
cabbage,SSD,-7.412999629974365
cabbage,STP,-7.5
cabbage,SUR,-7.5
cabbage,SVK,-2.581891655921936
cabbage,SVN,1.3530209064483643
cabbage,SWE,-7.5
cabbage,SWZ,-7.5
cabbage,SYR,-5.070834636688232
cabbage,TCD,-7.5
cabbage,TGO,-3.8023887872695923
cabbage,THA,-5.6015543937683105
cabbage,TJK,-2.4056535959243774
cabbage,TKM,-3.1623873710632324
cabbage,TLS,-6.177994012832642
cabbage,TTO,-7.5
cabbage,TUN,2.0287976264953613
cabbage,TUR,0.9958328902721405
cabbage,TWN,-4.9071946144104
cabbage,TZA,-2.1779613494873047
cabbage,UGA,-7.5
cabbage,UKR,2.3905001878738403
cabbage,URY,-2.6054848432540894
cabbage,USA,-7.5
cabbage,UZB,-6.831534385681152
cabbage,VEN,-4.557056903839111
cabbage,VNM,-4.491565942764282
cabbage,VUT,-7.5
cabbage,YEM,-7.00579833984375
cabbage,ZAF,-3.2977590560913086
cabbage,ZMB,-7.143756628036499
cabbage,ZWE,-7.5
carrot,AFG,-5.806236982345581
carrot,AGO,-6.871384143829346
carrot,ALB,-6.377769231796265
carrot,ARE,-1.4127564430236816
carrot,ARG,-7.5
carrot,ARM,-1.8091961741447449
carrot,ATG,-7.027867317199707
carrot,AUS,-7.5
carrot,AUT,-7.5
carrot,AZE,-1.6645132899284363
carrot,BDI,-7.3242878913879395
carrot,BEL,-7.5
carrot,BEN,-5.689934253692627
carrot,BFA,-7.478459358215332
carrot,BGD,-5.033395409584045
carrot,BGR,-0.4726959317922592
carrot,BHS,-6.9721479415893555
carrot,BIH,2.3821566104888916
carrot,BLR,5.688199758529663
carrot,BLZ,-4.348471522331238
carrot,BOL,-1.3185542225837708
carrot,BRA,-4.906071662902832
carrot,BRB,-7.5
carrot,BRN,-7.5
carrot,BTN,-4.526047468185425
carrot,BWA,-5.865479946136475
carrot,CAF,-7.5
carrot,CAN,-4.831845045089722
carrot,CHE,-7.5
carrot,CHL,-7.5
carrot,CHN,-7.5
carrot,CIV,-7.278609991073608
carrot,CMR,0.0
carrot,COD,-7.5
carrot,COG,-7.5
carrot,COL,-5.014619827270508
carrot,COM,-7.5
carrot,CPV,-0.4004417955875397
carrot,CRI,-5.443671464920044
carrot,CUB,-4.659021377563477
carrot,CYP,-7.162464141845703
carrot,CZE,-1.9924309328198433
carrot,DEU,-5.3596086502075195
carrot,DJI,-7.5
carrot,DNK,-7.5
carrot,DOM,-5.612785339355469
carrot,DZA,-3.062746524810791
carrot,ECU,0.4135635644197464
carrot,EGY,-0.0
carrot,ERI,-7.5
carrot,ESP,-6.65871524810791
carrot,EST,-2.2138925790786743
carrot,ETH,0.9378416240215302
carrot,FIN,-7.5
carrot,FJI,-5.452038884162903
carrot,FRA,-3.6295082569122314
carrot,GAB,-7.5
carrot,GBR,-7.5
carrot,GEO,0.18343508895486593
carrot,GHA,-1.17506692558527
carrot,GIN,-7.5
carrot,GMB,-7.5
carrot,GNB,-7.5
carrot,GNQ,0.0
carrot,GRC,-7.5
carrot,GRD,-7.5
carrot,GTM,-6.543432235717773
carrot,GUF,-7.5
carrot,GUY,-0.0
carrot,HND,-4.369240999221802
carrot,HRV,7.5
carrot,HTI,-7.5
carrot,HUN,-1.2404145002365112
carrot,IDN,-6.9704999923706055
carrot,IND,-5.347836494445801
carrot,IRL,-7.5
carrot,IRN,-0.0
carrot,IRQ,-0.728018194437027
carrot,ISR,-7.5
carrot,ITA,-5.8028857707977295
carrot,JAM,-5.675093412399292
carrot,JOR,-7.5
carrot,JPN,-7.5
carrot,KAZ,1.4767288565635681
carrot,KEN,-1.6042959690093994
carrot,KGZ,-0.9771336615085602
carrot,KHM,-7.5
carrot,KOR,1.1922860145568848
carrot,LAO,-7.5
carrot,LBN,-7.5
carrot,LBR,-7.5
carrot,LBY,-6.672535419464111
carrot,LKA,-7.384328842163086
carrot,LSO,-7.5
carrot,LTU,-1.0955814123153687
carrot,LUX,-7.5
carrot,LVA,2.0062057971954346
carrot,MAR,2.058555841445923
carrot,MDA,1.2323088347911835
carrot,MDG,-7.399303197860718
carrot,MEX,1.187644898891449
carrot,MKD,2.485979199409485
carrot,MLI,-7.5
carrot,MLT,-6.047470808029175
carrot,MMR,-5.98361349105835
carrot,MNE,-5.511378765106201
carrot,MNG,-1.2392792701721191
carrot,MOZ,-7.5
carrot,MRT,-7.5
carrot,MUS,-7.474103689193726
carrot,MWI,-7.5
carrot,MYS,-6.05767560005188
carrot,NAM,-7.280421257019043
carrot,NER,-7.5
carrot,NGA,-7.5
carrot,NIC,-4.656042098999023
carrot,NLD,6.063256025314331
carrot,NOR,-7.5
carrot,NPL,-6.402909278869629
carrot,NZL,-4.614850044250488
carrot,OMN,-7.17158317565918
carrot,PAK,-6.432855844497681
carrot,PAN,-7.5
carrot,PER,0.09477008879184723
carrot,PHL,-4.233938217163086
carrot,PNG,-5.6165385246276855
carrot,POL,5.937272548675537
carrot,PRI,-7.271944046020508
carrot,PRT,-7.174869775772095
carrot,PRY,-3.2529959678649902
carrot,PSE,-7.5
carrot,ROU,-2.9086763858795166
carrot,RUS,4.706348180770874
carrot,RWA,-2.6819846630096436
carrot,SAU,-7.5
carrot,SDN,-6.263456344604492
carrot,SEN,-5.879500389099121
carrot,SLB,-7.5
carrot,SLE,-7.5
carrot,SLV,3.690238680690527
carrot,SOM,-7.5
carrot,SRB,-1.875464379787445
carrot,SSD,-7.5
carrot,STP,-7.410740852355957
carrot,SUR,-7.5
carrot,SVK,-6.8889665603637695
carrot,SVN,2.0351998805999756
carrot,SWE,-7.5
carrot,SWZ,-7.5
carrot,SYR,-5.6336236000061035
carrot,TCD,-7.17708158493042
carrot,TGO,-7.5
carrot,THA,-6.738171577453613
carrot,TJK,2.33724582195282
carrot,TKM,-3.688304901123047
carrot,TLS,-7.5
carrot,TTO,-7.5
carrot,TUN,1.0717898607254028
carrot,TUR,-0.9074680209159851
carrot,TWN,-5.46833610534668
carrot,TZA,-7.5
carrot,UGA,-7.5
carrot,UKR,3.8842824697494507
carrot,URY,-2.751194953918457
carrot,USA,-7.5
carrot,UZB,-3.80368971824646
carrot,VEN,-4.074825763702393
carrot,VNM,-5.959528923034668
carrot,VUT,-3.895671248435974
carrot,YEM,-1.747275948524475
carrot,ZAF,-1.7266131043434143
carrot,ZMB,-7.5
carrot,ZWE,-2.9904356002807617
cassava,AGO,-3.5131616592407227
cassava,ARG,-4.459716796875
cassava,ATG,-3.128025531768799
cassava,BDI,-2.2058814764022827
cassava,BEN,-2.6390379667282104
cassava,BFA,-3.1110682487487793
cassava,BGD,-1.473847210407257
cassava,BHS,-2.3221222162246704
cassava,BLZ,-3.8984142541885376
cassava,BOL,-1.4356878399848938
cassava,BRA,-1.1667272448539734
cassava,BRB,-7.5
cassava,BRN,-7.5
cassava,BTN,7.5
cassava,BWA,-7.5
cassava,CAF,-3.557805061340332
cassava,CHN,-3.0589241981506348
cassava,CIV,-1.014205276966095
cassava,CMR,-3.0556161403656006
cassava,COD,-3.41409432888031
cassava,COG,-3.3528025150299072
cassava,COL,-3.262478828430176
cassava,COM,-3.495519518852234
cassava,CPV,-7.5
cassava,CRI,-3.129948854446411
cassava,CUB,-3.3373879194259644
cassava,DOM,-1.6669446229934692
cassava,ECU,-1.0049558579921722
cassava,ETH,-3.3138649463653564
cassava,FJI,-5.579802989959717
cassava,GAB,-3.592336893081665
cassava,GHA,-2.186608672142029
cassava,GIN,-0.620744913816452
cassava,GMB,-3.584047317504883
cassava,GNB,-3.3578656911849976
cassava,GNQ,-3.6481608152389526
cassava,GRD,-0.0
cassava,GTM,-3.73516309261322
cassava,GUF,-0.0
cassava,GUY,-7.5
cassava,HND,-6.6100335121154785
cassava,HTI,-3.5204029083251953
cassava,IDN,-3.37480092048645
cassava,IND,-1.7788151502609253
cassava,JAM,-4.472858428955078
cassava,KEN,-3.5257022380828857
cassava,KHM,-2.88781476020813
cassava,LAO,-2.4501465559005737
cassava,LBR,-3.479271173477173
cassava,LKA,-2.723169207572937
cassava,MDG,-3.370829463005066
cassava,MEX,-1.4591079950332642
cassava,MLI,-4.300215721130371
cassava,MMR,-3.2298333644866943
cassava,MOZ,-1.749271035194397
cassava,MUS,-5.6612465381622314
cassava,MWI,-6.062408447265625
cassava,MYS,-3.448170304298401
cassava,NAM,-3.520648717880249
cassava,NER,-4.121509552001953
cassava,NGA,-3.5679913759231567
cassava,NIC,-0.9575675427913666
cassava,NPL,-1.1126686930656433
cassava,PAK,-2.0716150999069214
cassava,PAN,-5.0914647579193115
cassava,PER,-1.301473617553711
cassava,PHL,-1.107275128364563
cassava,PNG,-3.153544306755066
cassava,PRI,-3.520457148551941
cassava,PRY,-0.3778742551803589
cassava,RWA,-2.346178650856018
cassava,SDN,-3.494142532348633
cassava,SEN,-2.4359112977981567
cassava,SLB,-2.6912903785705566
cassava,SLE,-3.430017113685608
cassava,SLV,2.3173657655715942
cassava,SOM,-3.344501495361328
cassava,SSD,-2.977165460586548
cassava,STP,-3.3601062297821045
cassava,SUR,-7.5
cassava,SWZ,-3.3887147903442383
cassava,TCD,-3.4443891048431396
cassava,TGO,-0.6918336153030396
cassava,THA,-0.31370341777801514
cassava,TLS,-2.4316378831863403
cassava,TTO,-4.500502347946167
cassava,TWN,-2.810279130935669
cassava,TZA,-0.5591993629932404
cassava,UGA,-3.685280919075012
cassava,URY,7.5
cassava,USA,-0.0
cassava,VEN,-3.03603196144104
cassava,VNM,-2.8682398796081543
cassava,ZAF,-3.5306856632232666
cassava,ZMB,-4.954883098602295
cassava,ZWE,-3.1184709072113037
chickpea,AFG,-0.9218103289604187
chickpea,AGO,-0.9614778161048889
chickpea,ALB,-0.31761037558317184
chickpea,ARE,-0.0
chickpea,ARG,-0.41504137217998505
chickpea,ARM,0.2488434687256813
chickpea,AUS,1.1652106642723083
chickpea,AUT,0.08095498010516167
chickpea,AZE,0.40483061969280243
chickpea,BDI,-0.8693793714046478
chickpea,BEL,4.8263596296310425
chickpea,BEN,-0.5824934840202332
chickpea,BFA,-0.9581692218780518
chickpea,BGD,0.15419202856719494
chickpea,BGR,0.04109298437833786
chickpea,BHS,-7.5
chickpea,BIH,3.8803510069847107
chickpea,BLR,0.8493457436561584
chickpea,BLZ,-0.5422249436378479
chickpea,BOL,-0.30408258736133575
chickpea,BRA,-0.8676013350486755
chickpea,BRB,-7.5
chickpea,BRN,0.0
chickpea,BTN,-0.5761995911598206
chickpea,BWA,-1.1007390022277832
chickpea,CAF,-7.5
chickpea,CAN,0.3147835284471512
chickpea,CHE,1.827147662639618
chickpea,CHL,-0.44207656383514404
chickpea,CHN,0.7694365978240967
chickpea,CIV,-0.7327797412872314
chickpea,CMR,-0.6468957364559174
chickpea,COD,-0.921259343624115
chickpea,COG,-4.205327868461609
chickpea,COL,7.5
chickpea,COM,-0.6583594381809235
chickpea,CPV,-1.1394142508506775
chickpea,CRI,-1.0212169289588928
chickpea,CUB,-0.4835360497236252
chickpea,CYP,3.42161425948143
chickpea,CZE,0.09151977300643921
chickpea,DEU,1.5975306034088135
chickpea,DJI,-7.5
chickpea,DNK,-0.0
chickpea,DOM,-0.0
chickpea,DZA,-0.08299433439970016
chickpea,ECU,-0.7976311445236206
chickpea,EGY,0.8386829197406769
chickpea,ERI,-0.9052450656890869
chickpea,ESP,0.4863460958003998
chickpea,EST,-3.935289368033409
chickpea,ETH,-0.11891356110572815
chickpea,FIN,3.75
chickpea,FJI,-7.5
chickpea,FRA,0.8675423264503479
chickpea,GAB,-7.5
chickpea,GBR,-0.017061658203601837
chickpea,GEO,-0.4054882228374481
chickpea,GHA,-0.7555860280990601
chickpea,GIN,-0.6398709416389465
chickpea,GMB,-0.8659664988517761
chickpea,GNB,-1.0064148306846619
chickpea,GNQ,7.5
chickpea,GRC,-2.3397276401519775
chickpea,GRD,-7.5
chickpea,GTM,-0.5222555845975876
chickpea,GUF,7.5
chickpea,GUY,-7.5
chickpea,HND,-0.9579229652881622
chickpea,HRV,3.818297915160656
chickpea,HTI,-0.8860389292240143
chickpea,HUN,0.44886238873004913
chickpea,IDN,-0.4777595102787018
chickpea,IND,-0.760028213262558
chickpea,IRL,-0.0
chickpea,IRN,-0.0
chickpea,IRQ,-0.0
chickpea,ISR,-2.8134666681289673
chickpea,ITA,-0.09490847121924162
chickpea,JAM,-7.5
chickpea,JOR,-1.261971116065979
chickpea,JPN,0.31172528862953186
chickpea,KAZ,-0.3909299522638321
chickpea,KEN,0.19353072345256805
chickpea,KGZ,-0.14225183799862862
chickpea,KHM,-7.5
chickpea,KOR,0.12950135208666325
chickpea,LAO,-0.1857226463034749
chickpea,LBN,-0.4495591074228287
chickpea,LBR,-4.176578223705292
chickpea,LBY,7.5
chickpea,LKA,-0.5424348413944244
chickpea,LSO,-1.001146376132965
chickpea,LTU,-0.0
chickpea,LUX,0.29170816764235497
chickpea,LVA,-0.0
chickpea,MAR,0.026657484471797943
chickpea,MDA,0.4039292111992836
chickpea,MDG,-0.43377190828323364
chickpea,MEX,-0.6930040121078491
chickpea,MKD,0.5546442121267319
chickpea,MLI,-0.6968889236450195
chickpea,MMR,-0.6296014785766602
chickpea,MNE,0.8627481758594513
chickpea,MNG,7.5
chickpea,MOZ,-0.9082749783992767
chickpea,MRT,-7.5
chickpea,MWI,3.5124275386333466
chickpea,MYS,-0.13442279398441315
chickpea,NAM,-0.4333065152168274
chickpea,NER,-7.5
chickpea,NGA,-0.7476144433021545
chickpea,NIC,3.4309463500976562
chickpea,NLD,0.28949275612831116
chickpea,NOR,-0.2834423780441284
chickpea,NPL,0.10526520386338234
chickpea,NZL,-7.5
chickpea,OMN,-0.0
chickpea,PAK,-0.8804610669612885
chickpea,PAN,-1.0787039399147034
chickpea,PER,7.5
chickpea,PHL,-0.6501606106758118
chickpea,PNG,-0.9857852756977081
chickpea,POL,0.5397517085075378
chickpea,PRI,7.5
chickpea,PRT,-0.4767391234636307
chickpea,PRY,-0.6391605138778687
chickpea,PSE,-1.7610529661178589
chickpea,ROU,0.2696589231491089
chickpea,RUS,-0.1516421213746071
chickpea,RWA,-0.8100993931293488
chickpea,SAU,0.7040126025676727
chickpea,SDN,-0.9678605198860168
chickpea,SEN,-1.0342116355895996
chickpea,SLB,-0.39671242237091064
chickpea,SLE,-0.8822873830795288
chickpea,SLV,3.550321266055107
chickpea,SOM,-1.0365944504737854
chickpea,SRB,0.4814656227827072
chickpea,SSD,-7.5
chickpea,SUR,0.0
chickpea,SVK,0.24150126427412033
chickpea,SVN,4.212505906820297
chickpea,SWE,-7.5
chickpea,SWZ,-0.8116733431816101
chickpea,SYR,-0.07793670147657394
chickpea,TCD,-0.775750458240509
chickpea,TGO,-0.9055196344852448
chickpea,THA,-0.6774692535400391
chickpea,TJK,-0.37404169142246246
chickpea,TKM,0.12138092517852783
chickpea,TLS,3.6441412568092346
chickpea,TTO,-7.5
chickpea,TUN,-0.15600044839084148
chickpea,TUR,0.14989539980888367
chickpea,TWN,-0.0
chickpea,TZA,-0.422584593296051
chickpea,UGA,-0.8269079029560089
chickpea,UKR,0.36617517471313477
chickpea,URY,-0.5389360785484314
chickpea,USA,0.5680636167526245
chickpea,UZB,-0.400772362947464
chickpea,VEN,-0.6763498187065125
chickpea,VNM,-0.5947420597076416
chickpea,YEM,-1.0955820083618164
chickpea,ZAF,-0.8467257618904114
chickpea,ZMB,-0.8408817052841187
chickpea,ZWE,-0.9858399331569672
citrus,AFG,-1.7804901003837585
citrus,AGO,-0.6377404928207397
citrus,ALB,0.2614482045173645
citrus,ARG,2.243412971496582
citrus,AUS,-6.308634042739868
citrus,AZE,-1.3014668226242065
citrus,BDI,-0.0
citrus,BEN,-5.101064920425415
citrus,BFA,3.7880473136901855
citrus,BGD,5.757705926895142
citrus,BGR,-0.0
citrus,BHS,2.278841495513916
citrus,BIH,-6.587547540664673
citrus,BLZ,2.029743015766144
citrus,BOL,-4.062040567398071
citrus,BRA,2.0798434019088745
citrus,BTN,0.4496631920337677
citrus,BWA,-0.03722129389643669
citrus,CAF,-4.92325234413147
citrus,CHL,-6.994062423706055
citrus,CHN,-7.5
citrus,CIV,-0.6424213349819183
citrus,CMR,-4.735088109970093
citrus,COD,-0.39758288860321045
citrus,COG,-4.799746990203857
citrus,COL,1.1780983209609985
citrus,COM,-0.0
citrus,CPV,-0.0
citrus,CRI,7.5
citrus,CUB,-2.4771084785461426
citrus,CYP,-0.9078657627105713
citrus,DOM,7.5
citrus,DZA,-6.901739120483398
citrus,ECU,2.2819138765335083
citrus,EGY,-0.0
citrus,ERI,-0.0
citrus,ESP,-1.1617494374513626
citrus,ETH,0.8695449531078339
citrus,FJI,-7.5
citrus,FRA,-0.5189663469791412
citrus,GAB,-6.01437520980835
citrus,GEO,-1.0635172724723816
citrus,GHA,-1.1172749996185303
citrus,GIN,1.3799039721488953
citrus,GRC,-0.7855774164199829
citrus,GTM,-0.5287919789552689
citrus,GUY,-7.5
citrus,HND,7.5
citrus,HRV,-4.871538400650024
citrus,HTI,-2.2037728428840637
citrus,IDN,-7.5
citrus,IND,-0.7280738353729248
citrus,IRN,-5.244016647338867
citrus,IRQ,-0.18687553703784943
citrus,ISR,-7.5
citrus,ITA,-4.003233909606934
citrus,JAM,-7.5
citrus,JOR,0.1520332545042038
citrus,JPN,-7.5
citrus,KEN,5.682003974914551
citrus,KHM,-2.0237021446228027
citrus,KOR,1.990337312221527
citrus,LAO,-2.243261933326721
citrus,LBN,-7.5
citrus,LBR,-4.265284538269043
citrus,LBY,2.2026119232177734
citrus,LKA,3.7019325494766235
citrus,LSO,-0.0
citrus,MAR,1.8978403806686401
citrus,MDG,-4.989710807800293
citrus,MEX,2.7888810634613037
citrus,MKD,-0.0
citrus,MLI,2.3623498678207397
citrus,MLT,-7.5
citrus,MMR,-0.0
citrus,MNE,1.374720573425293
citrus,MOZ,-2.9254825115203857
citrus,MRT,-0.0
citrus,MUS,-2.768696427345276
citrus,MWI,-0.0875750482082367
citrus,MYS,0.8731502890586853
citrus,NAM,-3.112484335899353
citrus,NER,-0.0
citrus,NGA,-4.2169694900512695
citrus,NIC,3.615327686071396
citrus,NPL,1.492235153913498
citrus,NZL,3.7520986795425415
citrus,OMN,7.5
citrus,PAK,-1.3235944509506226
citrus,PAN,4.368679881095886
citrus,PER,7.5
citrus,PHL,3.683353304862976
citrus,PNG,-0.0
citrus,PRI,-7.104050874710083
citrus,PRT,-7.055749177932739
citrus,PRY,-2.6765100955963135
citrus,PSE,-2.904595971107483
citrus,RUS,-2.9324461221694946
citrus,RWA,0.3758105933666229
citrus,SAU,-4.3054728507995605
citrus,SDN,1.096218466758728
citrus,SEN,0.2413330376148224
citrus,SLE,-1.810008704662323
citrus,SLV,3.549985319375992
citrus,SOM,-2.60722553730011
citrus,SSD,-4.2644898891448975
citrus,SUR,-7.5
citrus,SVN,-0.0
citrus,SWZ,-4.6086506843566895
citrus,SYR,0.800525575876236
citrus,TGO,1.4314204454421997
citrus,THA,-6.863284111022949
citrus,TJK,-7.5
citrus,TKM,-0.0
citrus,TLS,0.9723072797060013
citrus,TTO,-4.239041566848755
citrus,TUN,0.8534165918827057
citrus,TUR,2.2246556282043457
citrus,TWN,-0.0
citrus,TZA,-5.186407804489136
citrus,UGA,-0.0
citrus,URY,-1.0701135396957397
citrus,USA,-1.8147802352905273
citrus,UZB,-7.129599332809448
citrus,VEN,-0.4005410522222519
citrus,VNM,-5.128638505935669
citrus,VUT,-0.0
citrus,YEM,-4.111887454986572
citrus,ZAF,-3.1746315956115723
citrus,ZMB,-1.2283637523651123
citrus,ZWE,6.974452018737793
cocoa,AGO,-0.7407816648483276
cocoa,BDI,0.19294369965791702
cocoa,BEN,0.2689744681119919
cocoa,BLZ,0.5393521338701248
cocoa,BOL,0.1803903728723526
cocoa,BRA,-0.08893673866987228
cocoa,BRN,3.441360741853714
cocoa,CAF,-0.8407956957817078
cocoa,CIV,-0.19214388728141785
cocoa,CMR,-0.031668173149228096
cocoa,COD,0.16611722111701965
cocoa,COG,-0.3045683801174164
cocoa,COL,0.08696425706148148
cocoa,COM,-7.5
cocoa,CRI,-0.6613252460956573
cocoa,CUB,-0.3774135708808899
cocoa,DOM,-0.6849322617053986
cocoa,ECU,0.1053030751645565
cocoa,FJI,0.6531359553337097
cocoa,GAB,-0.8104032278060913
cocoa,GHA,-0.06613338738679886
cocoa,GIN,0.6573728024959564
cocoa,GNQ,-0.7563711702823639
cocoa,GRD,-0.0
cocoa,GTM,3.922236204147339
cocoa,GUF,-0.0
cocoa,GUY,-0.0014986480819061399
cocoa,HND,-0.6159171760082245
cocoa,HTI,-0.28445733711123466
cocoa,IDN,0.25445764511823654
cocoa,IND,-0.1881355196237564
cocoa,JAM,0.3822081387042999
cocoa,KEN,0.6680341958999634
cocoa,KHM,-0.21801156550645828
cocoa,LAO,-0.0
cocoa,LBR,-0.5979589819908142
cocoa,LKA,1.5314160585403442
cocoa,MDG,0.6015763580799103
cocoa,MEX,0.16277047991752625
cocoa,MWI,1.8880242109298706
cocoa,MYS,0.06528558395802975
cocoa,NGA,-0.4792783856391907
cocoa,NIC,0.6047551929950714
cocoa,PAN,-0.6648602485656738
cocoa,PER,-0.5496848225593567
cocoa,PHL,-0.008527284488081932
cocoa,PNG,-0.13120536785572767
cocoa,PRY,-0.0
cocoa,RWA,4.000052809715271
cocoa,SLB,-0.21512625366449356
cocoa,SLE,-0.40576837956905365
cocoa,SLV,-0.12708157300949097
cocoa,SSD,-7.5
cocoa,STP,-0.0
cocoa,SUR,-0.8354443311691284
cocoa,TGO,0.09569528885185719
cocoa,THA,7.5
cocoa,TLS,0.1001596599817276
cocoa,TTO,-0.6252623200416565
cocoa,TZA,-0.057673392817378044
cocoa,UGA,-0.22273822128772736
cocoa,VEN,-0.09449061751365662
cocoa,VNM,0.041352140717208385
cocoa,VUT,0.49111413955688477
coconut,AGO,2.9950703382492065
coconut,BDI,-2.0277440547943115
coconut,BEN,-1.4266260266304016
coconut,BGD,-2.5548453330993652
coconut,BHS,-7.5
coconut,BLZ,-1.8590981364250183
coconut,BOL,-3.2553341388702393
coconut,BRA,-2.9309463500976562
coconut,BRB,-7.5
coconut,BRN,-1.4981409311294556
coconut,CAF,7.5
coconut,CHN,-7.5
coconut,CIV,-1.5330488085746765
coconut,CMR,-1.493929147720337
coconut,COD,7.5
coconut,COG,-1.5384795665740967
coconut,COL,-6.008275032043457
coconut,COM,-1.480179786682129
coconut,CPV,-1.6192893981933594
coconut,CRI,-2.374231457710266
coconut,CUB,-1.6033791899681091
coconut,DOM,-4.255359530448914
coconut,ECU,-1.9388359785079956
coconut,FJI,-4.296877861022949
coconut,GAB,-1.525098443031311
coconut,GHA,-1.5471230745315552
coconut,GIN,-1.4840240478515625
coconut,GNB,-1.4838063716888428
coconut,GNQ,-1.5090593695640564
coconut,GRD,-7.5
coconut,GTM,-1.6329079866409302
coconut,GUF,2.573767900466919
coconut,GUY,-1.165761113166809
coconut,HND,-1.8987637162208557
coconut,HTI,-1.521582007408142
coconut,IDN,-1.4059889316558838
coconut,IND,-1.7917516231536865
coconut,JAM,-1.7767977118492126
coconut,KEN,-0.7084986567497253
coconut,KHM,-1.8429962396621704
coconut,LAO,-1.9474013447761536
coconut,LBR,-1.5192660689353943
coconut,LKA,-1.6807979941368103
coconut,MDG,-1.4588276147842407
coconut,MEX,-1.4647159576416016
coconut,MMR,-2.0374443531036377
coconut,MOZ,-1.1635932326316833
coconut,MUS,-1.3337085247039795
coconut,MWI,-2.189568877220154
coconut,MYS,-2.157084107398987
coconut,NGA,-1.7459630966186523
coconut,NIC,-1.6851892471313477
coconut,OMN,-7.5
coconut,PAK,-4.695107996463776
coconut,PAN,-1.41265469789505
coconut,PER,-2.7465145587921143
coconut,PHL,-0.8747024834156036
coconut,PNG,-1.8231987953186035
coconut,PRI,-3.4468419551849365
coconut,PRY,-2.4394936561584473
coconut,SEN,-1.4934654831886292
coconut,SLB,-1.6785808205604553
coconut,SLE,-0.5821569263935089
coconut,SLV,-2.7924779653549194
coconut,SOM,-1.57123601436615
coconut,STP,-1.4708040356636047
coconut,SUR,-7.5
coconut,TGO,-1.4672199487686157
coconut,THA,-1.9223508834838867
coconut,TLS,2.733007550239563
coconut,TTO,-1.873409390449524
coconut,TWN,-2.0322993993759155
coconut,TZA,-1.6616963744163513
coconut,VEN,-2.092409610748291
coconut,VNM,-4.44483208656311
coconut,VUT,-1.7660234570503235
coconut,ZAF,-7.5
coffee,AGO,-0.927558571100235
coffee,ARG,7.5
coffee,BDI,0.4080757647752762
coffee,BEN,-0.995934396982193
coffee,BGD,-0.0
coffee,BLZ,-0.4149980992078781
coffee,BOL,0.4810025990009308
coffee,BRA,0.5797175765037537
coffee,BRN,-0.0
coffee,BTN,-0.0
coffee,CAF,-0.8061559796333313
coffee,CHN,2.620288133621216
coffee,CIV,-0.08075946196913719
coffee,CMR,-0.4897095263004303
coffee,COD,-0.7305057048797607
coffee,COG,-0.8352054357528687
coffee,COL,-1.6419035196304321
coffee,COM,-0.9205071330070496
coffee,CPV,-0.8728218972682953
coffee,CRI,-1.6910265684127808
coffee,CUB,-0.8156778216362
coffee,DOM,-0.7542693018913269
coffee,ECU,0.0016665752045810223
coffee,ERI,-0.0
coffee,ETH,-0.30804257094860077
coffee,FJI,-0.229182168841362
coffee,GAB,-0.7922433018684387
coffee,GHA,-0.08292599767446518
coffee,GIN,0.359529048204422
coffee,GNQ,-0.78532674908638
coffee,GTM,-0.567752793431282
coffee,GUF,-0.0
coffee,GUY,-0.025331459939479828
coffee,HND,-0.9224233627319336
coffee,HTI,-0.5140723139047623
coffee,IDN,-0.051921285688877106
coffee,IND,0.17020943760871887
coffee,JAM,0.9940935373306274
coffee,KEN,-1.1008212566375732
coffee,KHM,-0.1181008480489254
coffee,LAO,1.1007952690124512
coffee,LBR,-1.0347481966018677
coffee,LKA,-0.6546918991953135
coffee,MDG,-0.579194039106369
coffee,MEX,0.11198975145816803
coffee,MMR,-0.026505976915359497
coffee,MOZ,1.1756560802459717
coffee,MWI,0.4250670373439789
coffee,MYS,2.202652335166931
coffee,NGA,1.1461092233657837
coffee,NIC,-0.07157652266323566
coffee,NPL,-0.09250311553478241
coffee,OMN,-7.5
coffee,PAN,-0.9129375517368317
coffee,PER,-1.0271836519241333
coffee,PHL,-0.15635506808757782
coffee,PNG,0.32191796600818634
coffee,PRI,-1.4037508368492126
coffee,PRY,0.9654102921485901
coffee,RWA,0.5766716599464417
coffee,SAU,-7.5
coffee,SDN,-7.5
coffee,SLE,-0.13644050434231758
coffee,SLV,-0.27841802686452866
coffee,SSD,-0.6916156113147736
coffee,STP,7.5
coffee,SUR,-1.153051495552063
coffee,TGO,-0.19790982455015182
coffee,THA,0.2577815651893616
coffee,TLS,-0.09897618740797043
coffee,TTO,-0.8823502063751221
coffee,TWN,0.12506883218884468
coffee,TZA,-0.9334394931793213
coffee,UGA,-0.5111777484416962
coffee,USA,-2.399358034133911
coffee,VEN,-0.5953760147094727
coffee,VNM,1.0952052474021912
coffee,VUT,-0.17948737740516663
coffee,YEM,-1.4217631816864014
coffee,ZAF,-0.0
coffee,ZMB,-0.41151684522628784
coffee,ZWE,-0.3019348382949829
cotton,AFG,-1.2406986355781555
cotton,AGO,7.5
cotton,ALB,-1.5293852090835571
cotton,ARG,-1.1217274069786072
cotton,ARM,-1.028889536857605
cotton,ATG,-7.5
cotton,AUS,-5.685364484786987
cotton,AZE,-0.6446296572685242
cotton,BDI,-0.24068231880664825
cotton,BEN,-1.230915129184723
cotton,BFA,-1.2513386607170105
cotton,BGD,7.5
cotton,BGR,-1.2591280341148376
cotton,BLZ,-0.0
cotton,BOL,-0.9544740915298462
cotton,BRA,-2.479067802429199
cotton,BTN,-7.5
cotton,BWA,7.5
cotton,CAF,-1.2733153700828552
cotton,CHL,-0.0
cotton,CHN,-5.1450111865997314
cotton,CIV,-0.37923353910446167
cotton,CMR,-1.232100248336792
cotton,COD,-1.275514006614685
cotton,COG,-7.5
cotton,COL,-2.6939163208007812
cotton,CRI,-1.2276363372802734
cotton,DJI,-1.1594150066375732
cotton,DOM,7.5
cotton,DZA,7.5
cotton,ECU,-0.8532684743404388
cotton,EGY,7.5
cotton,ERI,-1.267859160900116
cotton,ESP,-1.3546637892723083
cotton,ETH,-2.159304141998291
cotton,GAB,-0.0
cotton,GEO,-1.1588162183761597
cotton,GHA,-1.2058888673782349
cotton,GIN,-0.07339616119861603
cotton,GMB,-1.2666719555854797
cotton,GNB,-1.228821337223053
cotton,GRC,-1.5543620586395264
cotton,GRD,-7.5
cotton,GTM,-2.46269953250885
cotton,HND,3.1549599170684814
cotton,HTI,-1.2689548134803772
cotton,IND,-1.2606110572814941
cotton,IRN,-2.5498476028442383
cotton,IRQ,7.5
cotton,ISR,-1.0753875970840454
cotton,JOR,2.9115819334983826
cotton,KAZ,-1.0401132106781006
cotton,KEN,7.5
cotton,KGZ,-1.1106114387512207
cotton,KHM,7.5
cotton,KOR,-1.1316925287246704
cotton,LAO,-1.2292828559875488
cotton,LBN,3.2053982615470886
cotton,LBR,-1.2678402066230774
cotton,LSO,7.5
cotton,MAR,7.5
cotton,MDG,-1.2089003324508667
cotton,MEX,-2.7620718479156494
cotton,MKD,3.091824769973755
cotton,MLI,-0.37256887555122375
cotton,MMR,-1.24560546875
cotton,MNE,-0.0
cotton,MOZ,-1.2531800866127014
cotton,MRT,-7.5
cotton,MWI,-1.252260982990265
cotton,MYS,-0.0
cotton,NAM,7.5
cotton,NER,-0.6842548847198486
cotton,NGA,-1.2505629658699036
cotton,NIC,3.222839117050171
cotton,NPL,-1.2614699006080627
cotton,OMN,-0.0
cotton,PAK,7.5
cotton,PER,-3.3812315464019775
cotton,PRT,-1.081517219543457
cotton,PRY,-0.5083143711090088
cotton,PSE,-1.6732866168022156
cotton,ROU,-0.0
cotton,RUS,7.5
cotton,RWA,-1.258562445640564
cotton,SAU,2.9744069576263428
cotton,SDN,-1.258240818977356
cotton,SEN,-1.3312064409255981
cotton,SLE,-1.2565714716911316
cotton,SLV,2.938047409057617
cotton,SOM,-1.2374279499053955
cotton,SSD,-1.1484477519989014
cotton,SWZ,-1.255005121231079
cotton,SYR,-1.9856899976730347
cotton,TCD,-1.2054237127304077
cotton,TGO,-1.2569335103034973
cotton,THA,-1.207340121269226
cotton,TJK,-3.11289381980896
cotton,TKM,-1.1438466310501099
cotton,TUN,-1.9409215450286865
cotton,TUR,-1.246590256690979
cotton,TWN,-7.5
cotton,TZA,-1.2467434406280518
cotton,UGA,-1.2075161337852478
cotton,URY,3.308521091938019
cotton,USA,-1.2187976241111755
cotton,UZB,-1.5155524015426636
cotton,VEN,-1.1654411554336548
cotton,VNM,7.5
cotton,YEM,-1.3559613227844238
cotton,ZAF,7.5
cotton,ZMB,-1.2565063834190369
cotton,ZWE,-0.31508031487464905
cowpea,AFG,-0.6355351209640503
cowpea,AGO,-0.7251425385475159
cowpea,ALB,-0.611592173576355
cowpea,ARE,-0.0
cowpea,ARG,-0.6133587658405304
cowpea,ARM,-7.5
cowpea,AUS,-0.30908235907554626
cowpea,AUT,-0.6662386059761047
cowpea,AZE,-0.16832394897937775
cowpea,BDI,-0.7151638865470886
cowpea,BEL,3.75
cowpea,BEN,-0.6002915501594543
cowpea,BFA,-0.7266736030578613
cowpea,BGD,-0.5378937125205994
cowpea,BGR,-0.4805944561958313
cowpea,BHS,-0.4971959590911865
cowpea,BIH,0.0
cowpea,BLR,-0.07617746666073799
cowpea,BLZ,-0.6057774424552917
cowpea,BOL,-0.5442143678665161
cowpea,BRA,-0.6280431151390076
cowpea,BRB,-0.25137390941381454
cowpea,BRN,0.0
cowpea,BTN,-0.5589917898178101
cowpea,BWA,-0.762413501739502
cowpea,CAF,-0.6030089557170868
cowpea,CAN,-0.6582224369049072
cowpea,CHE,-0.0019316598773002625
cowpea,CHL,-0.5985756516456604
cowpea,CHN,-0.311726450920105
cowpea,CIV,-0.6344223916530609
cowpea,CMR,-0.6285780072212219
cowpea,COD,-0.7289021015167236
cowpea,COG,-0.7235404849052429
cowpea,COL,-0.5638859868049622
cowpea,COM,-0.6145576536655426
cowpea,CPV,-0.7842632830142975
cowpea,CRI,-0.7435832321643829
cowpea,CUB,-0.5786003172397614
cowpea,CYP,-2.1213635206222534
cowpea,CZE,-0.3692214787006378
cowpea,DEU,-0.0
cowpea,DJI,-0.5419491529464722
cowpea,DNK,-0.0
cowpea,DOM,-1.4504103660583496
cowpea,DZA,-0.399748295545578
cowpea,ECU,-0.6740396022796631
cowpea,EGY,-1.0251294374465942
cowpea,ERI,-0.695794403553009
cowpea,ESP,-0.4392091780900955
cowpea,EST,-0.43879902362823486
cowpea,ETH,-0.5104452967643738
cowpea,FIN,3.695410620421171
cowpea,FJI,-0.11933010444045067
cowpea,FRA,-0.020595474168658257
cowpea,GAB,-0.4661245048046112
cowpea,GBR,-0.2273443080484867
cowpea,GEO,-0.5269576460123062
cowpea,GHA,-0.6625093817710876
cowpea,GIN,-0.599021315574646
cowpea,GMB,-0.6792939603328705
cowpea,GNB,-0.7332823574542999
cowpea,GNQ,7.5
cowpea,GRC,-0.5834630131721497
cowpea,GRD,-0.45256274938583374
cowpea,GTM,-0.5986860394477844
cowpea,GUF,-0.5136917382478714
cowpea,GUY,-4.067462921142578
cowpea,HND,-0.7414724230766296
cowpea,HRV,3.598272442817688
cowpea,HTI,-0.7325429022312164
cowpea,HUN,-3.945125326514244
cowpea,IDN,-0.4883338361978531
cowpea,IND,-0.6838836967945099
cowpea,IRL,-0.0
cowpea,IRN,-0.6670425534248352
cowpea,IRQ,7.5
cowpea,ISR,-0.501299723982811
cowpea,ITA,-0.39043353497982025
cowpea,JAM,-2.2673836946487427
cowpea,JOR,-0.640401303768158
cowpea,JPN,-0.023246479919180274
cowpea,KAZ,-0.7057565748691559
cowpea,KEN,-0.17054904997348785
cowpea,KGZ,-0.394534707069397
cowpea,KHM,-0.49848948419094086
cowpea,KOR,-0.23871154338121414
cowpea,LAO,-0.358065202832222
cowpea,LBN,-0.24053746461868286
cowpea,LBR,-0.7008206844329834
cowpea,LBY,-0.8425984680652618
cowpea,LKA,-1.086681067943573
cowpea,LSO,-0.7297006845474243
cowpea,LTU,-0.08652862906455994
cowpea,LUX,-7.5
cowpea,LVA,-0.0
cowpea,MAR,-0.9794380962848663
cowpea,MDA,-4.037790685892105
cowpea,MDG,-0.5058495551347733
cowpea,MEX,-0.6696715354919434
cowpea,MKD,-0.15139345079660416
cowpea,MLI,-0.05954255536198616
cowpea,MMR,-0.5701134502887726
cowpea,MNE,-3.754653638228774
cowpea,MNG,7.5
cowpea,MOZ,-0.7022717893123627
cowpea,MRT,-0.5467115640640259
cowpea,MWI,3.777669383212924
cowpea,MYS,-0.31740930676460266
cowpea,NAM,-0.4185871481895447
cowpea,NER,-0.8006285727024078
cowpea,NGA,-0.6335659921169281
cowpea,NIC,3.448383539915085
cowpea,NLD,-3.847736433148384
cowpea,NOR,-0.4321814477443695
cowpea,NPL,-0.4492584466934204
cowpea,NZL,-3.75
cowpea,OMN,-0.0
cowpea,PAK,-0.7001703977584839
cowpea,PAN,-0.7578061521053314
cowpea,PER,-0.4792979657649994
cowpea,PHL,-0.543597400188446
cowpea,PNG,-0.7247254848480225
cowpea,POL,-0.13346433639526367
cowpea,PRI,3.710277434438467
cowpea,PRT,-0.5303792953491211
cowpea,PRY,-0.641817033290863
cowpea,PSE,-4.189947485923767
cowpea,ROU,-0.31070759892463684
cowpea,RUS,-0.6538589596748352
cowpea,RWA,-0.6900407671928406
cowpea,SAU,-0.31506967544555664
cowpea,SDN,-0.7090531587600708
cowpea,SEN,-0.600936770439148
cowpea,SLB,-0.4833183139562607
cowpea,SLE,-0.6881783902645111
cowpea,SLV,3.471546322107315
cowpea,SOM,-0.7716778814792633
cowpea,SRB,-3.9395421743392944
cowpea,SSD,-0.5969951152801514
cowpea,SUR,3.4463034570217133
cowpea,SVK,-7.5
cowpea,SVN,3.75830951705575
cowpea,SWE,-7.5
cowpea,SWZ,-0.6586441397666931
cowpea,SYR,-0.6587257385253906
cowpea,TCD,-0.646511435508728
cowpea,TGO,-0.7133110165596008
cowpea,THA,-0.5768227875232697
cowpea,TJK,-1.017123058438301
cowpea,TKM,-0.24379857443273067
cowpea,TLS,3.570508986711502
cowpea,TTO,-0.3381018191576004
cowpea,TUN,-0.6980578005313873
cowpea,TUR,-0.4033809304237366
cowpea,TWN,-0.21499690413475037
cowpea,TZA,-0.0882582813501358
cowpea,UGA,-0.6541652679443359
cowpea,UKR,-0.4908379018306732
cowpea,URY,-0.5895851254463196
cowpea,USA,-0.5360758304595947
cowpea,UZB,-0.6323421597480774
cowpea,VEN,-0.5351449251174927
cowpea,VNM,-0.5400447845458984
cowpea,YEM,-0.4158099442720413
cowpea,ZAF,-0.7053785920143127
cowpea,ZMB,-0.6648668050765991
cowpea,ZWE,-0.8196439146995544
dry-pea,AFG,-0.4933714270591736
dry-pea,AGO,-0.5805585980415344
dry-pea,ALB,-0.4736819863319397
dry-pea,ARE,-0.0
dry-pea,ARG,-0.4883961081504822
dry-pea,ARM,-0.08550992608070374
dry-pea,AUS,-0.15481096506118774
dry-pea,AUT,0.06362154707312584
dry-pea,AZE,-1.4960267543792725
dry-pea,BDI,-0.5614061057567596
dry-pea,BEL,0.5098152309656143
dry-pea,BEN,-0.44525620341300964
dry-pea,BFA,-0.5768729746341705
dry-pea,BGD,-0.3925853371620178
dry-pea,BGR,-0.17220541834831238
dry-pea,BHS,-7.5
dry-pea,BIH,3.694853760302067
dry-pea,BLR,-0.25871773064136505
dry-pea,BLZ,-0.5323874652385712
dry-pea,BOL,-0.4373769015073776
dry-pea,BRA,7.5
dry-pea,BRB,-7.5
dry-pea,BRN,-7.5
dry-pea,BTN,-0.4213954657316208
dry-pea,BWA,-0.6099017262458801
dry-pea,CAF,-7.5
dry-pea,CAN,-0.2164408639073372
dry-pea,CHE,-0.22710637748241425
dry-pea,CHL,-0.8672872483730316
dry-pea,CHN,-0.03769037127494812
dry-pea,CIV,-0.48665493726730347
dry-pea,CMR,-0.4834032207727432
dry-pea,COD,-7.5
dry-pea,COG,-0.5742405354976654
dry-pea,COL,-0.800157368183136
dry-pea,COM,-0.48282530903816223
dry-pea,CPV,-0.6130418479442596
dry-pea,CRI,-0.5894798040390015
dry-pea,CUB,-0.43640264868736267
dry-pea,CYP,-0.04972516559064388
dry-pea,CZE,-0.1323673129081726
dry-pea,DEU,0.2845756858587265
dry-pea,DJI,-7.5
dry-pea,DNK,0.18427035212516785
dry-pea,DOM,-0.46737201511859894
dry-pea,DZA,-0.2242830991744995
dry-pea,ECU,-0.4069073498249054
dry-pea,EGY,-1.0161270499229431
dry-pea,ERI,-0.5442496538162231
dry-pea,ESP,0.044476989191025496
dry-pea,EST,-0.10113585088402033
dry-pea,ETH,-0.5177971720695496
dry-pea,FIN,3.7648061299696565
dry-pea,FJI,-7.5
dry-pea,FRA,0.11970730125904083
dry-pea,GAB,-7.5
dry-pea,GBR,-0.1495634000748396
dry-pea,GEO,-0.207919642329216
dry-pea,GHA,-0.5094154179096222
dry-pea,GIN,-0.4526126831769943
dry-pea,GMB,-0.532470166683197
dry-pea,GNB,-0.5843282639980316
dry-pea,GNQ,7.5
dry-pea,GRC,-0.4423558861017227
dry-pea,GRD,-7.5
dry-pea,GTM,-0.44980551302433014
dry-pea,GUF,-7.5
dry-pea,GUY,-0.39122290909290314
dry-pea,HND,-0.8054244220256805
dry-pea,HRV,3.634838320314884
dry-pea,HTI,-0.5724283158779144
dry-pea,HUN,-0.3581485450267792
dry-pea,IDN,-0.3525370955467224
dry-pea,IND,-0.5106765925884247
dry-pea,IRL,0.4490601122379303
dry-pea,IRN,-0.5267542004585266
dry-pea,IRQ,2.091937780380249
dry-pea,ISR,0.14639945328235626
dry-pea,ITA,-0.22137897461652756
dry-pea,JAM,-4.277399301528931
dry-pea,JOR,-0.40495795011520386
dry-pea,JPN,0.3455142080783844
dry-pea,KAZ,0.026077155955135822
dry-pea,KEN,-0.6033316850662231
dry-pea,KGZ,-0.12016269937157631
dry-pea,KHM,-0.3810466229915619
dry-pea,KOR,3.7098344452679157
dry-pea,LAO,-0.21940455585718155
dry-pea,LBN,-0.10347389057278633
dry-pea,LBR,-0.5513644516468048
dry-pea,LBY,-0.5836555659770966
dry-pea,LKA,-0.38317517936229706
dry-pea,LSO,3.7832325361669064
dry-pea,LTU,0.22982832789421082
dry-pea,LUX,0.04072251170873642
dry-pea,LVA,0.3717096149921417
dry-pea,MAR,-0.371041014790535
dry-pea,MDA,0.23354430124163628
dry-pea,MDG,-0.3602241724729538
dry-pea,MEX,-0.3181203603744507
dry-pea,MKD,-0.03636726085096598
dry-pea,MLI,-0.5209836959838867
dry-pea,MMR,-0.4249318242073059
dry-pea,MNE,0.1430448740720749
dry-pea,MNG,7.5
dry-pea,MOZ,-0.5649358034133911
dry-pea,MRT,-0.5035360306501389
dry-pea,MWI,3.561078891158104
dry-pea,MYS,-0.17317429184913635
dry-pea,NAM,-0.3741084933280945
dry-pea,NER,-4.066159248352051
dry-pea,NGA,-0.49956926703453064
dry-pea,NIC,3.520449176430702
dry-pea,NLD,-1.1599525809288025
dry-pea,NOR,-0.2654552459716797
dry-pea,NPL,-0.3007604330778122
dry-pea,NZL,0.16659069061279297
dry-pea,OMN,-0.0
dry-pea,PAK,-0.5440143346786499
dry-pea,PAN,-0.5958085358142853
dry-pea,PER,-0.6728200316429138
dry-pea,PHL,-0.40446440875530243
dry-pea,PNG,-0.590808093547821
dry-pea,POL,0.04680212400853634
dry-pea,PRI,-7.5
dry-pea,PRT,-0.38882873952388763
dry-pea,PRY,-0.48618030548095703
dry-pea,PSE,-1.7374610900878906
dry-pea,ROU,-1.6490594148635864
dry-pea,RUS,-0.05553594045341015
dry-pea,RWA,-0.6696812212467194
dry-pea,SAU,-0.05220664106309414
dry-pea,SDN,-0.5916385054588318
dry-pea,SEN,-0.6786640882492065
dry-pea,SLB,-0.3597775846719742
dry-pea,SLE,-0.5421023964881897
dry-pea,SLV,3.54590305685997
dry-pea,SOM,-0.5803573727607727
dry-pea,SRB,-0.031371512450277805
dry-pea,SSD,-0.5806223750114441
dry-pea,SUR,0.0
dry-pea,SVK,-0.08936438336968422
dry-pea,SVN,0.05875239148736
dry-pea,SWE,-0.08535777777433395
dry-pea,SWZ,-0.5015873908996582
dry-pea,SYR,-0.3692600429058075
dry-pea,TCD,-0.4992212951183319
dry-pea,TGO,-0.5619465708732605
dry-pea,THA,-0.45751945674419403
dry-pea,TJK,-0.3812354505062103
dry-pea,TKM,-0.11080135777592659
dry-pea,TLS,3.6386957615613937
dry-pea,TTO,-3.817381300032139
dry-pea,TUN,-0.5356812477111816
dry-pea,TUR,-0.8169991374015808
dry-pea,TWN,-0.06678882241249084
dry-pea,TZA,-0.37864869832992554
dry-pea,UGA,-0.5022493302822113
dry-pea,UKR,-0.13028940185904503
dry-pea,URY,-0.43406982719898224
dry-pea,USA,-0.1332961693406105
dry-pea,UZB,-2.0470712184906006
dry-pea,VEN,7.5
dry-pea,VNM,-0.40101358294487
dry-pea,YEM,-7.5
dry-pea,ZAF,-0.4703952372074127
dry-pea,ZMB,-0.526756763458252
dry-pea,ZWE,-0.6804939210414886
dryland-rice,AFG,-0.8894760608673096
dryland-rice,AGO,-1.3897314071655273
dryland-rice,ALB,-0.0
dryland-rice,ARG,-0.8756312727928162
dryland-rice,ARM,-0.0
dryland-rice,AUS,-1.331098198890686
dryland-rice,AZE,-7.5
dryland-rice,BDI,-0.3298987150192261
dryland-rice,BEN,-1.5531932711601257
dryland-rice,BFA,-1.0922712683677673
dryland-rice,BGD,-0.45617668330669403
dryland-rice,BGR,-1.325208067893982
dryland-rice,BLZ,-1.6182726621627808
dryland-rice,BOL,-0.4494512528181076
dryland-rice,BRA,-0.7549292743206024
dryland-rice,BRN,-1.383442759513855
dryland-rice,BTN,-1.4375230073928833
dryland-rice,BWA,-0.0
dryland-rice,CAF,-1.4627134799957275
dryland-rice,CAN,-0.0
dryland-rice,CHE,-0.0
dryland-rice,CHL,-0.584843099117279
dryland-rice,CHN,-1.486692488193512
dryland-rice,CIV,-0.12244011834263802
dryland-rice,CMR,-1.3287075757980347
dryland-rice,COD,-1.5877479314804077
dryland-rice,COG,-1.5973870158195496
dryland-rice,COL,-1.231473684310913
dryland-rice,COM,-0.0
dryland-rice,CRI,-1.2147787809371948
dryland-rice,CUB,-1.1530941724777222
dryland-rice,DOM,-1.879040002822876
dryland-rice,DZA,7.5
dryland-rice,ECU,-0.6395332515239716
dryland-rice,EGY,-1.606022298336029
dryland-rice,ERI,-0.0
dryland-rice,ESP,-1.2270861268043518
dryland-rice,ETH,-0.5597301721572876
dryland-rice,FJI,-0.6760282516479492
dryland-rice,FRA,-0.8501496315002441
dryland-rice,GAB,7.5
dryland-rice,GEO,7.5
dryland-rice,GHA,-0.32904885709285736
dryland-rice,GIN,-0.5627707242965698
dryland-rice,GMB,-0.36060670018196106
dryland-rice,GNB,-1.3795167207717896
dryland-rice,GNQ,7.5
dryland-rice,GRC,-1.2257766127586365
dryland-rice,GTM,-1.5245542526245117
dryland-rice,GUF,7.5
dryland-rice,GUY,-1.0612400770187378
dryland-rice,HND,-1.3751251101493835
dryland-rice,HRV,-0.0
dryland-rice,HTI,-1.409956932067871
dryland-rice,HUN,-7.5
dryland-rice,IDN,-1.395556926727295
dryland-rice,IND,-1.0216220617294312
dryland-rice,IRN,-3.1170542240142822
dryland-rice,IRQ,-1.5091931819915771
dryland-rice,ISR,-7.5
dryland-rice,ITA,-2.0391401648521423
dryland-rice,JPN,-3.4912893772125244
dryland-rice,KAZ,-0.25398413091897964
dryland-rice,KEN,-1.15372234582901
dryland-rice,KGZ,-7.5
dryland-rice,KHM,-1.2497934699058533
dryland-rice,KOR,-6.157113552093506
dryland-rice,LAO,-1.1420122385025024
dryland-rice,LBR,-1.5054137706756592
dryland-rice,LBY,-0.0
dryland-rice,LKA,-0.41906383633613586
dryland-rice,LSO,-0.0
dryland-rice,MAR,-0.42250946164131165
dryland-rice,MDA,-0.0
dryland-rice,MDG,-0.39568449556827545
dryland-rice,MEX,-0.4892921447753906
dryland-rice,MKD,-7.5
dryland-rice,MLI,-0.4050534665584564
dryland-rice,MMR,-1.2771998047828674
dryland-rice,MOZ,-0.3766961097717285
dryland-rice,MRT,-0.9657931923866272
dryland-rice,MUS,-0.0
dryland-rice,MWI,-1.1051453948020935
dryland-rice,MYS,-0.40206149220466614
dryland-rice,NAM,-0.0
dryland-rice,NER,-1.2764039039611816
dryland-rice,NGA,-0.23736247420310974
dryland-rice,NIC,0.9231937825679779
dryland-rice,NPL,-0.2614661380648613
dryland-rice,PAK,-1.1840916872024536
dryland-rice,PAN,-0.8933127224445343
dryland-rice,PER,-0.7380846738815308
dryland-rice,PHL,-0.6858796775341034
dryland-rice,PNG,-1.4469515681266785
dryland-rice,PRI,-2.4858940839767456
dryland-rice,PRT,-0.970287412405014
dryland-rice,PRY,-0.681887686252594
dryland-rice,PSE,-7.5
dryland-rice,ROU,-4.581716895103455
dryland-rice,RUS,-2.4883326292037964
dryland-rice,RWA,-1.7547969818115234
dryland-rice,SAU,7.5
dryland-rice,SDN,7.5
dryland-rice,SEN,-0.08731424808502197
dryland-rice,SLB,-1.428979516029358
dryland-rice,SLE,-0.27129561454057693
dryland-rice,SLV,2.9461928606033325
dryland-rice,SOM,-1.3499878644943237
dryland-rice,SRB,-0.0
dryland-rice,SSD,-1.4763598442077637
dryland-rice,SUR,-0.06401893682777882
dryland-rice,SVK,-0.0
dryland-rice,SVN,-0.0
dryland-rice,SWZ,7.5
dryland-rice,SYR,-7.5
dryland-rice,TCD,-0.7995057106018066
dryland-rice,TGO,-0.16426095366477966
dryland-rice,THA,-0.48045065999031067
dryland-rice,TJK,-4.7121262550354
dryland-rice,TKM,-1.007287323474884
dryland-rice,TLS,-1.8785428404808044
dryland-rice,TTO,-0.1848686784505844
dryland-rice,TUN,-0.0
dryland-rice,TUR,-3.66781222820282
dryland-rice,TWN,-0.7199561893939972
dryland-rice,TZA,-0.10579933971166611
dryland-rice,UGA,-1.4563605785369873
dryland-rice,UKR,-5.989861249923706
dryland-rice,URY,-0.4868675619363785
dryland-rice,USA,-1.0511218309402466
dryland-rice,UZB,-6.451923847198486
dryland-rice,VEN,-0.9874267280101776
dryland-rice,VNM,-0.8483776152133942
dryland-rice,YEM,-0.0
dryland-rice,ZAF,7.5
dryland-rice,ZMB,-1.1126790046691895
dryland-rice,ZWE,7.5
foxtail-millet,AFG,7.5
foxtail-millet,AGO,-0.4091591238975525
foxtail-millet,ARG,-0.5166985988616943
foxtail-millet,ARM,-0.0
foxtail-millet,AUS,-0.5992894470691681
foxtail-millet,AZE,-4.359122276306152
foxtail-millet,BDI,-0.4842502623796463
foxtail-millet,BEN,-0.5529437959194183
foxtail-millet,BFA,-0.3754129856824875
foxtail-millet,BGD,-0.5656820237636566
foxtail-millet,BGR,-0.0
foxtail-millet,BLR,-0.4859863668680191
foxtail-millet,BOL,-0.0
foxtail-millet,BRA,-0.0
foxtail-millet,BTN,-4.4839858412742615
foxtail-millet,BWA,-0.4741934537887573
foxtail-millet,CAF,-7.5
foxtail-millet,CAN,-0.0
foxtail-millet,CHE,-2.6534831523895264
foxtail-millet,CHN,-0.7279049754142761
foxtail-millet,CIV,-0.5916736721992493
foxtail-millet,CMR,-0.4477999657392502
foxtail-millet,COD,-0.46844416856765747
foxtail-millet,COG,-0.4455978125333786
foxtail-millet,DEU,7.5
foxtail-millet,DZA,-0.0
foxtail-millet,ERI,-0.4162062406539917
foxtail-millet,ETH,-0.7407577633857727
foxtail-millet,FRA,3.269676148891449
foxtail-millet,GAB,-0.0
foxtail-millet,GEO,-0.0
foxtail-millet,GHA,-0.6612966358661652
foxtail-millet,GIN,-0.22175727039575577
foxtail-millet,GMB,-0.4614681154489517
foxtail-millet,GNB,-0.44691434502601624
foxtail-millet,GRC,-0.0
foxtail-millet,HUN,7.5
foxtail-millet,IND,-0.41656921803951263
foxtail-millet,IRN,-1.2818821668624878
foxtail-millet,IRQ,-0.9217392802238464
foxtail-millet,KAZ,-0.2724859118461609
foxtail-millet,KEN,-0.4958953708410263
foxtail-millet,KGZ,-0.7216718196868896
foxtail-millet,KHM,-0.0
foxtail-millet,KOR,-0.40085235238075256
foxtail-millet,LAO,0.0
foxtail-millet,LBY,-0.882253885269165
foxtail-millet,LKA,-1.0345825552940369
foxtail-millet,LSO,-0.0
foxtail-millet,MAR,-1.0138853788375854
foxtail-millet,MDA,3.406227618455887
foxtail-millet,MLI,-0.31814154982566833
foxtail-millet,MMR,-0.47329752147197723
foxtail-millet,MNG,-0.0
foxtail-millet,MOZ,-0.4471059888601303
foxtail-millet,MRT,-0.3641741871833801
foxtail-millet,MWI,-0.4820038378238678
foxtail-millet,NAM,-0.07790539413690567
foxtail-millet,NER,-0.13818078488111496
foxtail-millet,NGA,-0.4661347270011902
foxtail-millet,NPL,-0.49197418987751007
foxtail-millet,OMN,-0.0
foxtail-millet,PAK,-0.3561093807220459
foxtail-millet,POL,7.5
foxtail-millet,PRY,-0.0
foxtail-millet,ROU,7.5
foxtail-millet,RUS,-0.31259259581565857
foxtail-millet,RWA,-0.4217905104160309
foxtail-millet,SAU,-0.7550809979438782
foxtail-millet,SDN,-0.43116632103919983
foxtail-millet,SEN,-0.5371301174163818
foxtail-millet,SLE,-0.4648708999156952
foxtail-millet,SOM,0.0
foxtail-millet,SSD,-0.41134345531463623
foxtail-millet,SVK,7.5
foxtail-millet,SWZ,7.5
foxtail-millet,SYR,7.5
foxtail-millet,TCD,-0.21995674818754196
foxtail-millet,TGO,-0.33773717284202576
foxtail-millet,THA,-3.9863667488098145
foxtail-millet,TJK,7.5
foxtail-millet,TKM,7.5
foxtail-millet,TUN,-0.0
foxtail-millet,TUR,-1.3740475177764893
foxtail-millet,TWN,-7.5
foxtail-millet,TZA,-0.5143086314201355
foxtail-millet,UGA,-0.4723087400197983
foxtail-millet,UKR,-0.6767302751541138
foxtail-millet,URY,-0.0
foxtail-millet,USA,-0.43663494288921356
foxtail-millet,UZB,-0.81902015209198
foxtail-millet,VNM,-7.5
foxtail-millet,YEM,-0.44789865612983704
foxtail-millet,ZAF,-0.39007481932640076
foxtail-millet,ZMB,-0.4095316529273987
foxtail-millet,ZWE,0.12031304091215134
gram,AFG,-0.7869587540626526
gram,AGO,-0.9569637775421143
gram,ALB,-0.3338816538453102
gram,ARE,-0.0
gram,ARG,-0.3499649167060852
gram,ARM,-7.5
gram,AUS,1.0949036478996277
gram,AUT,-0.40491820871829987
gram,AZE,0.42326898872852325
gram,BDI,-0.8682858645915985
gram,BEL,3.75
gram,BEN,-0.5813332498073578
gram,BFA,-0.9571040272712708
gram,BGD,0.162228018976748
gram,BGR,-0.18227074295282364
gram,BHS,-0.19186259806156158
gram,BIH,3.881034404039383
gram,BLR,-0.0
gram,BLZ,-0.5303507000207901
gram,BOL,-0.3038516342639923
gram,BRA,-0.5405503213405609
gram,BRB,0.37407076358795166
gram,BRN,0.0
gram,BTN,-0.5750516951084137
gram,BWA,-1.100717544555664
gram,CAF,-0.5949493050575256
gram,CAN,-7.5
gram,CHE,1.832855999469757
gram,CHL,-3.9892018735408783
gram,CHN,-0.0
gram,CIV,-0.7316618263721466
gram,CMR,-0.6457461714744568
gram,COD,-0.9186619222164154
gram,COG,-0.9069721698760986
gram,COL,7.5
gram,COM,-0.657219260931015
gram,CPV,-1.1383962631225586
gram,CRI,-1.0201699137687683
gram,CUB,-0.4823573976755142
gram,CYP,3.420659989118576
gram,CZE,-0.0
gram,DEU,-0.0
gram,DJI,-0.48304322361946106
gram,DNK,-0.0
gram,DOM,-0.0
gram,DZA,-0.08019164949655533
gram,ECU,-0.7965252995491028
gram,EGY,0.8106358647346497
gram,ERI,-0.9037810564041138
gram,ESP,0.4883992373943329
gram,EST,-3.9346840530633926
gram,ETH,-0.11766671389341354
gram,FIN,3.75
gram,FJI,0.5417277961969376
gram,FRA,0.8718376159667969
gram,GAB,-0.1710299625992775
gram,GBR,-0.016147200018167496
gram,GEO,-0.518244057893753
gram,GHA,-0.7544681429862976
gram,GIN,-0.6387329697608948
gram,GMB,-0.8648817837238312
gram,GNB,-1.0053641200065613
gram,GNQ,7.5
gram,GRC,-2.3418339490890503
gram,GRD,-0.06195573881268501
gram,GTM,-0.5210774838924408
gram,GUF,7.5
gram,GUY,-0.1870572417974472
gram,HND,-0.7851909697055817
gram,HRV,3.8198678344488144
gram,HTI,-0.8952569961547852
gram,HUN,-7.5
gram,IDN,-0.47676852345466614
gram,IND,-0.7589160203933716
gram,IRL,-0.0
gram,IRN,-0.0
gram,IRQ,-0.0
gram,ISR,-2.8126256465911865
gram,ITA,-0.027252749539911747
gram,JAM,0.06945624947547913
gram,JOR,-1.2793813943862915
gram,JPN,0.312035396695137
gram,KAZ,-7.5
gram,KEN,0.21679943799972534
gram,KGZ,-0.1409948468208313
gram,KHM,-0.483871653676033
gram,KOR,-0.03595989802852273
gram,LAO,-0.18482667044736445
gram,LBN,-0.4477275311946869
gram,LBR,-0.9147123992443085
gram,LBY,7.5
gram,LKA,-0.5412798821926117
gram,LSO,-1.000094711780548
gram,LTU,-0.0
gram,LUX,-7.5
gram,LVA,-0.0
gram,MAR,-0.15110968239605427
gram,MDA,-4.036959707736969
gram,MDG,-0.43258263170719147
gram,MEX,-0.6918679475784302
gram,MKD,0.613187164068222
gram,MLI,-0.6957616806030273
gram,MMR,-0.6284637749195099
gram,MNE,0.8917797207832336
gram,MNG,7.5
gram,MOZ,-0.9071976840496063
gram,MRT,-0.3847339600324631
gram,MWI,3.5130155235528946
gram,MYS,-0.13317909836769104
gram,NAM,-0.1933940201997757
gram,NER,-7.5
gram,NGA,-0.6564299762248993
gram,NIC,3.4310180246829987
gram,NLD,-7.5
gram,NOR,-0.28322634100914
gram,NPL,0.1064280946739018
gram,NZL,-7.5
gram,OMN,-0.0
gram,PAK,-0.9102942645549774
gram,PAN,-1.0786738395690918
gram,PER,7.5
gram,PHL,-0.6490358412265778
gram,PNG,-0.9847248792648315
gram,POL,-0.0
gram,PRI,7.5
gram,PRT,-0.4763783663511276
gram,PRY,-0.6380062103271484
gram,PSE,-1.9494259357452393
gram,ROU,-0.0
gram,RUS,-0.9066666662693024
gram,RWA,-0.8089918494224548
gram,SAU,0.7771842181682587
gram,SDN,-0.8987243175506592
gram,SEN,-0.6410742998123169
gram,SLB,-0.39550642669200897
gram,SLE,-0.8812079131603241
gram,SLV,3.550925850868225
gram,SOM,-1.0661189556121826
gram,SRB,-0.0323137566447258
gram,SSD,-0.5801723003387451
gram,SUR,3.429217278957367
gram,SVK,-7.5
gram,SVN,4.21469783782959
gram,SWE,-7.5
gram,SWZ,-0.8105788826942444
gram,SYR,-0.202867791056633
gram,TCD,-0.7756468653678894
gram,TGO,-0.8969243168830872
gram,THA,-0.648464024066925
gram,TJK,-0.2558103874325752
gram,TKM,0.12121996283531189
gram,TLS,3.644765220582485
gram,TTO,0.15462109819054604
gram,TUN,-0.2461129128932953
gram,TUR,-0.01098614651709795
gram,TWN,0.11230620741844177
gram,TZA,-0.4124298095703125
gram,UGA,-0.7363406717777252
gram,UKR,-0.20944291353225708
gram,URY,-0.5387639701366425
gram,USA,0.08685825765132904
gram,UZB,-0.41277018189430237
gram,VEN,-0.444192498922348
gram,VNM,-0.5936010181903839
gram,YEM,-1.0020124316215515
gram,ZAF,-0.8646872639656067
gram,ZMB,-0.8380943536758423
gram,ZWE,-0.9624628126621246
groundnut,AFG,7.5
groundnut,AGO,-1.2621914148330688
groundnut,ARG,-0.7769541442394257
groundnut,ARM,3.6006015092134476
groundnut,AUS,-1.4002150893211365
groundnut,AZE,-0.17173494398593903
groundnut,BDI,-1.2962324619293213
groundnut,BEN,-1.20772784948349
groundnut,BFA,-1.2204450964927673
groundnut,BGD,-0.8239313662052155
groundnut,BGR,-0.0
groundnut,BLZ,2.8216893076896667
groundnut,BOL,-0.6529905200004578
groundnut,BRA,-1.0905523300170898
groundnut,BRB,-0.0
groundnut,BRN,-0.0
groundnut,BTN,0.519116073846817
groundnut,BWA,-7.5
groundnut,CAF,-0.9927501082420349
groundnut,CAN,-0.0
groundnut,CHN,-3.042043447494507
groundnut,CIV,-0.31253015995025635
groundnut,CMR,-1.139017105102539
groundnut,COD,-1.2402048707008362
groundnut,COG,-1.3121819496154785
groundnut,COL,-0.9107651710510254
groundnut,COM,-1.2005290985107422
groundnut,CRI,-1.0908082127571106
groundnut,CUB,-1.1320072412490845
groundnut,DOM,-1.257690191268921
groundnut,DZA,2.651545286178589
groundnut,ECU,-2.103195548057556
groundnut,EGY,-5.4604222774505615
groundnut,ERI,-1.2709158658981323
groundnut,ETH,-0.9690209925174713
groundnut,FJI,-1.188400387763977
groundnut,GAB,-1.1695513129234314
groundnut,GEO,-1.1050844192504883
groundnut,GHA,-0.8615924715995789
groundnut,GIN,0.024829327536281198
groundnut,GMB,-0.5133788585662842
groundnut,GNB,-1.1358897686004639
groundnut,GNQ,0.0
groundnut,GRC,2.6054848432540894
groundnut,GTM,3.6612069234251976
groundnut,GUF,-0.0
groundnut,GUY,-1.047451138496399
groundnut,HND,-1.354857623577118
groundnut,HTI,-1.3452699184417725
groundnut,IDN,-1.7651700973510742
groundnut,IND,-0.7013760507106781
groundnut,IRN,-1.1396050453186035
groundnut,IRQ,-0.775611162185669
groundnut,ISR,-5.102309942245483
groundnut,JAM,-2.315937876701355
groundnut,JOR,-0.4473235160112381
groundnut,JPN,-4.195745468139648
groundnut,KAZ,7.5
groundnut,KEN,-0.9210385680198669
groundnut,KGZ,-0.5460936427116394
groundnut,KHM,-1.1088784337043762
groundnut,KOR,-0.5722784847021103
groundnut,LAO,-0.6758522987365723
groundnut,LBN,-0.20830239728093147
groundnut,LBR,-1.2905283570289612
groundnut,LBY,-1.5703999996185303
groundnut,LKA,-1.1069507002830505
groundnut,LSO,-0.0
groundnut,MAR,-2.2765414714813232
groundnut,MDG,-1.2299180626869202
groundnut,MEX,-0.5193817615509033
groundnut,MLI,-0.28929605334997177
groundnut,MMR,-0.9919091463088989
groundnut,MOZ,-0.2579394727945328
groundnut,MRT,-1.2580091953277588
groundnut,MUS,-3.872420310974121
groundnut,MWI,3.5600350946187973
groundnut,MYS,-0.969178706407547
groundnut,NAM,-1.2994798421859741
groundnut,NER,-0.12251293286681175
groundnut,NGA,-1.1423025727272034
groundnut,NIC,-0.08723985310643911
groundnut,NPL,3.567354515194893
groundnut,OMN,-0.0
groundnut,PAK,-0.8779098391532898
groundnut,PAN,-0.0
groundnut,PER,-1.4234087467193604
groundnut,PHL,-0.5464044213294983
groundnut,PNG,-1.1930556297302246
groundnut,PRY,-0.35617561638355255
groundnut,PSE,-7.5
groundnut,RWA,-0.4865107983350754
groundnut,SAU,-0.5966949164867401
groundnut,SDN,-1.344130516052246
groundnut,SEN,-0.31474095582962036
groundnut,SLE,-0.21520767360925674
groundnut,SLV,7.5
groundnut,SOM,-1.151888132095337
groundnut,SSD,-1.1646310687065125
groundnut,SUR,-2.765977144241333
groundnut,SWZ,-1.2950443029403687
groundnut,SYR,3.4412404596805573
groundnut,TCD,-0.36533433198928833
groundnut,TGO,-0.2259889841079712
groundnut,THA,-1.788680076599121
groundnut,TJK,-0.9718661904335022
groundnut,TKM,-0.5646115243434906
groundnut,TLS,3.810239117592573
groundnut,TUN,-0.0
groundnut,TUR,-3.4832847118377686
groundnut,TWN,-0.6364898085594177
groundnut,TZA,-0.1460263878107071
groundnut,UGA,-1.3051137924194336
groundnut,URY,-1.2789815664291382
groundnut,USA,-0.901706874370575
groundnut,UZB,-7.5
groundnut,VEN,-0.5247520208358765
groundnut,VNM,-1.798322856426239
groundnut,VUT,-1.0067529380321503
groundnut,YEM,-1.1641692519187927
groundnut,ZAF,-0.32279032468795776
groundnut,ZMB,-0.5251885056495667
groundnut,ZWE,-0.35788652300834656
maize,AFG,7.5
maize,AGO,-0.8661171793937683
maize,ALB,-1.1433406472206116
maize,ARE,1.523866057395935
maize,ARG,-0.144192636013031
maize,ARM,-0.3005087152123451
maize,ATG,-1.047681450843811
maize,AUS,3.7204729188233614
maize,AUT,-0.35356688499450684
maize,AZE,-0.26360783353447914
maize,BDI,-0.39320242404937744
maize,BEL,0.28855080157518387
maize,BEN,-0.22295154631137848
maize,BFA,-0.2733873873949051
maize,BGD,3.6394226029515266
maize,BGR,-0.06116621196269989
maize,BHS,0.18207037076354027
maize,BIH,-2.550470143556595
maize,BLR,-0.6894509792327881
maize,BLZ,-0.957926332950592
maize,BOL,-0.25549422204494476
maize,BRA,-0.251528799533844
maize,BRB,5.560949802398682
maize,BTN,0.23082445561885834
maize,BWA,-0.88082355260849
maize,CAF,-0.9371176064014435
maize,CAN,-0.8409877419471741
maize,CHE,-1.2824207544326782
maize,CHL,-1.3464668989181519
maize,CHN,-1.378566026687622
maize,CIV,-0.5919494032859802
maize,CMR,3.3979833126068115
maize,COD,-0.949465811252594
maize,COG,-0.9052802622318268
maize,COL,-0.739765465259552
maize,COM,-0.7382202744483948
maize,CPV,-0.0
maize,CRI,-0.500520721077919
maize,CUB,-0.6178471148014069
maize,CZE,-0.09946069121360779
maize,DEU,-0.3951207101345062
maize,DJI,-0.0
maize,DNK,-0.2350686490535736
maize,DOM,3.5270664542913437
maize,DZA,-0.015262504573911428
maize,ECU,-0.5716511011123657
maize,EGY,-1.0233096480369568
maize,ERI,-0.8379835784435272
maize,ESP,3.7126459665596485
maize,EST,7.5
maize,ETH,-0.0
maize,FIN,7.5
maize,FJI,-1.8491083979606628
maize,FRA,-0.25872062891721725
maize,GAB,-0.8207712471485138
maize,GEO,-0.2021917626261711
maize,GHA,-0.386569008231163
maize,GIN,-0.19664347171783447
maize,GMB,-0.27699410915374756
maize,GNB,-0.8977620005607605
maize,GNQ,3.2979323267936707
maize,GRC,-1.7555816173553467
maize,GRD,-0.4871392548084259
maize,GTM,-0.8309210240840912
maize,GUF,-7.5
maize,GUY,-0.8612029552459717
maize,HND,-0.5861905217170715
maize,HRV,-3.946407362818718
maize,HTI,-0.915694534778595
maize,HUN,0.04978767968714237
maize,IDN,3.4403439462184906
maize,IND,7.5
maize,IRN,7.5
maize,IRQ,-0.41158872842788696
maize,ISR,-7.5
maize,ITA,-0.6357949376106262
maize,JAM,-0.4865567535161972
maize,JOR,0.8175360262393951
maize,KAZ,-0.13579393178224564
maize,KEN,-0.23093130439519882
maize,KGZ,-0.6899415254592896
maize,KHM,-0.4444592297077179
maize,KOR,0.054448431357741356
maize,LAO,-0.46488314867019653
maize,LBN,-0.23944642394781113
maize,LBR,-0.8666945397853851
maize,LBY,-0.7571558952331543
maize,LKA,-0.43064427375793457
maize,LSO,-0.2696767598390579
maize,LTU,-0.050187814980745316
maize,LUX,-0.28466844372451305
maize,LVA,-0.17480922117829323
maize,MAR,3.69688842818141
maize,MDA,0.4410329610109329
maize,MDG,-0.7235705256462097
maize,MEX,-0.36197182536125183
maize,MKD,-0.2452622875571251
maize,MLI,-0.17963601648807526
maize,MMR,-0.5025346577167511
maize,MNE,-0.20214801281690598
maize,MNG,-0.31650811433792114
maize,MOZ,-0.1738484725356102
maize,MRT,-0.8521694540977478
maize,MUS,0.5189840197563171
maize,MWI,-0.07510334625840187
maize,MYS,-7.5
maize,NAM,-0.2387678623199463
maize,NER,-0.21921949088573456
maize,NGA,-0.20204158872365952
maize,NIC,0.1965297907590866
maize,NLD,-0.842872504144907
maize,NOR,-0.0
maize,NPL,3.6510741487145424
maize,NZL,-1.224622130393982
maize,OMN,-3.714086174964905
maize,PAK,7.5
maize,PAN,-0.7597578465938568
maize,PER,-1.0821027755737305
maize,PHL,-0.3149960935115814
maize,PNG,-0.0
maize,POL,-0.0627887025475502
maize,PRI,-1.386801540851593
maize,PRT,-0.08560898061841726
maize,PRY,-0.09233888983726501
maize,PSE,7.5
maize,ROU,-0.06478086113929749
maize,RUS,-0.21064451336860657
maize,RWA,-0.27614787220954895
maize,SAU,7.5
maize,SDN,-0.8448671400547028
maize,SEN,-0.5077926516532898
maize,SLE,-0.026652716100215912
maize,SLV,3.49082612991333
maize,SOM,-0.8228798508644104
maize,SRB,0.0953933522105217
maize,SSD,-0.7861346900463104
maize,STP,-4.059507220983505
maize,SUR,-7.5
maize,SVK,-0.1465265341103077
maize,SVN,-0.0747018726542592
maize,SWE,-7.5
maize,SWZ,-0.7706937193870544
maize,SYR,-0.479189395904541
maize,TCD,-0.11166257038712502
maize,TGO,-0.23381422460079193
maize,THA,-0.4005352407693863
maize,TJK,-1.6976114511489868
maize,TKM,-0.5987748205661774
maize,TLS,-0.09189679101109505
maize,TTO,-0.7252146899700165
maize,TUN,-0.0
maize,TUR,-0.7001964151859283
maize,TWN,-0.11535593122243881
maize,TZA,-0.05346912890672684
maize,UGA,-0.7283229529857635
maize,UKR,-0.28664882481098175
maize,URY,-0.18518798053264618
maize,USA,-0.5374593436717987
maize,UZB,-1.8621940612792969
maize,VEN,-0.4269174486398697
maize,VNM,-0.6010983884334564
maize,VUT,-0.9408615827560425
maize,YEM,-0.7858709692955017
maize,ZAF,-0.1109432503581047
maize,ZMB,-0.047033766284585
maize,ZWE,0.8511951565742493
mango,AGO,-0.09743396937847137
mango,ARG,4.021902084350586
mango,ATG,-5.99466609954834
mango,AUS,4.606586456298828
mango,BDI,-0.0
mango,BEN,-4.990329265594482
mango,BFA,3.198615789413452
mango,BGD,-1.2499977350234985
mango,BHS,1.149981439113617
mango,BLZ,-0.0
mango,BOL,1.0979946851730347
mango,BRA,0.20345322787761688
mango,BRB,-0.0
mango,BRN,-0.0
mango,BTN,-1.1620076596736908
mango,BWA,-0.0
mango,CAF,-4.224991798400879
mango,CHN,-5.735028982162476
mango,CIV,0.8540759980678558
mango,CMR,-4.058474779129028
mango,COD,-0.7487710118293762
mango,COG,-4.229318618774414
mango,COL,-1.9911502599716187
mango,COM,-0.0
mango,CPV,-3.2963075637817383
mango,CRI,-4.629778861999512
mango,CUB,-2.2374329566955566
mango,DOM,4.54967999458313
mango,ECU,1.2876142263412476
mango,EGY,6.578300476074219
mango,ERI,-0.0
mango,ETH,0.7505837678909302
mango,FJI,-7.5
mango,GAB,-0.0
mango,GHA,-0.5044175982475281
mango,GIN,1.36191987991333
mango,GMB,1.6194745302200317
mango,GNB,-2.189338743686676
mango,GNQ,-0.0
mango,GRD,0.08615806698799133
mango,GTM,0.7928854674100876
mango,GUF,-0.0
mango,GUY,-7.5
mango,HND,6.117822170257568
mango,HTI,-2.0521429777145386
mango,IDN,-2.766443610191345
mango,IND,-1.0924780368804932
mango,ISR,-7.5
mango,JAM,-1.0088094472885132
mango,JOR,2.8731842041015625
mango,JPN,-3.182639241218567
mango,KEN,5.833381652832031
mango,KHM,-2.8458703756332397
mango,LAO,-2.1210662126541138
mango,LBR,-0.0
mango,LKA,2.216306447982788
mango,MAR,-0.5759309530258179
mango,MDG,-4.30893349647522
mango,MEX,2.2799500226974487
mango,MLI,3.0447112321853638
mango,MMR,-3.7910451889038086
mango,MOZ,-2.365727424621582
mango,MRT,-0.0
mango,MUS,-0.0
mango,MWI,-0.04239754378795624
mango,MYS,-2.2460439950227737
mango,NAM,-2.0698509216308594
mango,NER,0.5440780222415924
mango,NGA,-3.608736515045166
mango,NIC,-0.0
mango,NPL,1.2905285954475403
mango,OMN,-4.375769138336182
mango,PAK,0.018254978582262993
mango,PAN,-1.8805137276649475
mango,PER,6.212911128997803
mango,PHL,2.1102041006088257
mango,PNG,-0.0
mango,PRI,-7.5
mango,PRY,-2.1876742839813232
mango,PSE,-4.679708003997803
mango,RWA,-3.5524206161499023
mango,SAU,-7.5
mango,SDN,2.170213043689728
mango,SEN,1.2794668078422546
mango,SLB,-0.0
mango,SLE,-2.7784546613693237
mango,SLV,2.370437376201153
mango,SOM,-2.3017280101776123
mango,SSD,-0.0
mango,STP,-0.0
mango,SUR,-5.849924802780151
mango,SWZ,2.826046943664551
mango,TCD,-0.0
mango,TGO,-0.0
mango,THA,-1.4345452785491943
mango,TLS,4.142385005950928
mango,TTO,-3.6881864070892334
mango,TWN,1.0987036675214767
mango,TZA,-4.482793807983398
mango,UGA,-0.0
mango,USA,7.5
mango,VEN,-0.064528688788414
mango,VNM,-1.0448293387889862
mango,VUT,-0.0
mango,YEM,-1.7656704187393188
mango,ZAF,-0.7230099141597748
mango,ZMB,-0.0
mango,ZWE,0.6105635762214661
oat,AFG,7.5
oat,AGO,-0.0
oat,ALB,-0.6234124004840851
oat,ARE,-7.5
oat,ARG,-0.3070141673088074
oat,ARM,-0.16813134774565697
oat,AUS,0.06838719733059406
oat,AUT,-0.03124786913394928
oat,AZE,0.02861915435642004
oat,BDI,-0.384830504655838
oat,BEL,0.4998435974121094
oat,BEN,-0.40733492374420166
oat,BFA,-0.4799000173807144
oat,BGD,-0.0
oat,BGR,-0.16182560846209526
oat,BIH,-0.11166271567344666
oat,BLR,-1.4588690176606178
oat,BLZ,7.5
oat,BOL,-0.3767814040184021
oat,BRA,-0.15972164273262024
oat,BTN,0.19930696487426758
oat,BWA,-0.2590659558773041
oat,CAF,7.5
oat,CAN,-0.2533082664012909
oat,CHE,-0.6705095171928406
oat,CHL,-0.4321254938840866
oat,CHN,-0.2961089462041855
oat,CIV,-0.33345863223075867
oat,CMR,-0.34039750695228577
oat,COD,7.5
oat,COG,-3.9553444534540176
oat,COL,-7.5
oat,CYP,-0.01025940291583538
oat,CZE,-0.3942106068134308
oat,DEU,0.058153677731752396
oat,DNK,-0.22794486582279205
oat,DZA,0.0670219138264656
oat,ECU,-0.18670829385519028
oat,EGY,-0.25747741758823395
oat,ERI,-0.3979421705007553
oat,ESP,-0.07679404318332672
oat,EST,0.1025933250784874
oat,ETH,-0.37473003566265106
oat,FIN,-0.2577100023627281
oat,FRA,-0.08607447892427444
oat,GAB,7.5
oat,GBR,-0.2691526561975479
oat,GEO,-0.051201231777668
oat,GHA,-7.5
oat,GIN,-0.4137997478246689
oat,GMB,-0.40619392693042755
oat,GNB,-0.4126766175031662
oat,GRC,-0.1656249463558197
oat,GTM,-0.0
oat,GUF,-0.0
oat,GUY,7.5
oat,HRV,3.808483075350523
oat,HUN,0.1232500672340393
oat,IND,-0.2687609940767288
oat,IRL,0.08149667084217072
oat,IRN,-0.07386403530836105
oat,IRQ,-0.0
oat,ISR,0.10088299959897995
oat,ITA,-0.278174452483654
oat,JOR,7.5
oat,JPN,0.008011098252609372
oat,KAZ,-0.0114415492862463
oat,KEN,-7.5
oat,KGZ,-0.17366095632314682
oat,KHM,-7.5
oat,KOR,-0.10120333358645439
oat,LAO,0.0
oat,LBN,-0.20294539630413055
oat,LBR,-7.5
oat,LBY,-0.0
oat,LSO,-0.20834701508283615
oat,LTU,0.04776924103498459
oat,LUX,-0.07705406658351421
oat,LVA,0.1565619632601738
oat,MAR,-0.28757530450820923
oat,MDA,0.1916538756340742
oat,MEX,-0.32695454359054565
oat,MKD,-0.18489903211593628
oat,MLI,-0.4011453092098236
oat,MMR,-0.40820716321468353
oat,MNE,0.03563988255336881
oat,MNG,-0.020515475422143936
oat,MOZ,7.5
oat,MRT,-3.9406358152627945
oat,MWI,0.0
oat,MYS,-0.0
oat,NAM,-0.0
oat,NER,-7.5
oat,NGA,-0.4201548993587494
oat,NLD,-0.9481865540146828
oat,NOR,-0.6810703277587891
oat,NPL,-0.25232231616973877
oat,NZL,-0.5914576053619385
oat,OMN,-0.7385992407798767
oat,PER,-0.0
oat,POL,0.04471828602254391
oat,PRT,-0.15440408140420914
oat,PRY,7.5
oat,PSE,-0.23133570700883865
oat,ROU,-0.07467996701598167
oat,RUS,-0.07236812263727188
oat,RWA,-7.5
oat,SAU,0.03956823796033859
oat,SDN,-0.33466924726963043
oat,SEN,-0.40700630843639374
oat,SLE,-0.4112585037946701
oat,SOM,-7.5
oat,SRB,0.05537246912717819
oat,SSD,-7.5
oat,SUR,-0.0
oat,SVK,-0.18342293798923492
oat,SVN,-0.015031041577458382
oat,SWE,0.12505915760993958
oat,SWZ,7.5
oat,SYR,-0.09612347185611725
oat,TCD,-0.23573816567659378
oat,TGO,-0.39544910192489624
oat,THA,-0.3561207354068756
oat,TJK,-0.031655870378017426
oat,TKM,-0.044032249599695206
oat,TUN,-0.33224211633205414
oat,TUR,-0.15691064298152924
oat,TWN,-7.5
oat,TZA,-0.321835994720459
oat,UGA,-0.0
oat,UKR,-0.058733100071549416
oat,URY,-0.04871075414121151
oat,USA,-0.17872768640518188
oat,UZB,-0.3521753251552582
oat,VEN,7.5
oat,VNM,-0.0
oat,YEM,-7.5
oat,ZAF,-0.21205931901931763
oat,ZMB,7.5
oat,ZWE,-7.5
oil-palm,AGO,-1.6770475506782532
oil-palm,BDI,-4.708392381668091
oil-palm,BEN,-1.6041264533996582
oil-palm,BLZ,-2.186099052429199
oil-palm,BOL,7.5
oil-palm,BRA,-0.8022124767303467
oil-palm,BRN,-2.13058340549469
oil-palm,CAF,-1.6989694833755493
oil-palm,CHN,-1.756437361240387
oil-palm,CIV,-0.5846958160400391
oil-palm,CMR,-1.7433528304100037
oil-palm,COD,-1.7278581261634827
oil-palm,COG,-1.6328184008598328
oil-palm,COL,-7.5
oil-palm,CRI,-2.23014497756958
oil-palm,DOM,-2.2220965027809143
oil-palm,ECU,-2.1464263200759888
oil-palm,GAB,-1.7490304112434387
oil-palm,GHA,-1.7216537594795227
oil-palm,GIN,-1.7459702491760254
oil-palm,GMB,-1.6074926853179932
oil-palm,GNB,-1.6839036345481873
oil-palm,GNQ,-1.7484129667282104
oil-palm,GTM,-2.0818480253219604
oil-palm,GUF,-0.0
oil-palm,GUY,-0.0
oil-palm,HND,-1.316943645477295
oil-palm,HTI,-7.5
oil-palm,IDN,-1.899750530719757
oil-palm,KEN,-1.6234588623046875
oil-palm,KHM,-1.9652113318443298
oil-palm,LAO,-1.9612946510314941
oil-palm,LBR,-1.6783586740493774
oil-palm,MDG,-1.5907342433929443
oil-palm,MEX,-1.0277879238128662
oil-palm,MMR,-2.0886449813842773
oil-palm,MOZ,-0.0
oil-palm,MWI,-1.2748916745185852
oil-palm,MYS,-2.8615777492523193
oil-palm,NGA,-1.747298240661621
oil-palm,NIC,-1.8412274718284607
oil-palm,PAN,-1.8054128289222717
oil-palm,PER,-1.5406852960586548
oil-palm,PHL,-0.680211752653122
oil-palm,PNG,-2.0485458374023438
oil-palm,PRY,-1.8604992628097534
oil-palm,RWA,-1.7346044778823853
oil-palm,SEN,-4.552008390426636
oil-palm,SLB,-2.0588417053222656
oil-palm,SLE,-1.6770554184913635
oil-palm,SLV,-0.0
oil-palm,STP,-1.6758227944374084
oil-palm,SUR,-1.778115689754486
oil-palm,TGO,-1.889537751674652
oil-palm,THA,-2.464736223220825
oil-palm,TLS,-1.8136265277862549
oil-palm,TZA,-1.6348153352737427
oil-palm,UGA,-1.70206618309021
oil-palm,VEN,-1.7457793951034546
oil-palm,VNM,-1.9819040894508362
olive,AFG,0.7446944117546082
olive,ALB,-1.252143681049347
olive,ARG,-0.8199931979179382
olive,ARM,-0.0
olive,AUS,1.4538825154304504
olive,AZE,1.8127309679985046
olive,BDI,-7.5
olive,BGR,-0.0
olive,BIH,3.8765729516744614
olive,BLZ,-0.0
olive,BRA,0.5173323750495911
olive,BRN,-7.5
olive,BWA,7.5
olive,CHL,-0.10487078875303268
olive,CHN,-0.0
olive,COL,7.5
olive,CYP,-0.38021235167980194
olive,DNK,-0.0
olive,DOM,0.0
olive,DZA,-0.4578224718570709
olive,EGY,-0.0
olive,ESP,-0.14616906642913818
olive,FRA,0.6969641447067261
olive,GAB,-7.5
olive,GEO,-0.38742195442318916
olive,GIN,-7.5
olive,GMB,-7.5
olive,GNB,-0.0
olive,GNQ,7.5
olive,GRC,-3.298449158668518
olive,GTM,7.5
olive,HND,0.0
olive,HRV,3.419440746307373
olive,IRN,-2.112978219985962
olive,IRQ,2.5124053955078125
olive,ISR,0.5727738291025162
olive,ITA,-0.8034760355949402
olive,JOR,-1.2327141463756561
olive,KAZ,-0.0
olive,KGZ,-0.0
olive,KOR,-0.0
olive,LAO,0.0
olive,LBN,-2.3796873092651367
olive,LBR,-7.5
olive,LBY,-1.7634660005569458
olive,LSO,-0.0
olive,MAR,0.5330370366573334
olive,MDA,-7.5
olive,MEX,-0.0
olive,MKD,-0.16857177391648293
olive,MLT,-0.9591196775436401
olive,MNE,-0.43530310690402985
olive,MNG,-7.5
olive,NAM,0.0
olive,NIC,-0.0
olive,NOR,-0.0
olive,NZL,-0.0
olive,PAK,-0.0
olive,PER,-0.0
olive,PRT,0.5958349257707596
olive,PSE,-0.09390279650688171
olive,ROU,-0.0
olive,RUS,-0.0
olive,RWA,-7.5
olive,SAU,-0.0
olive,SLV,-4.349244832992554
olive,SOM,-7.5
olive,SRB,-0.0
olive,SVN,-1.1215251684188843
olive,SWZ,7.5
olive,SYR,-0.8709627985954285
olive,TJK,-0.0
olive,TKM,3.2716281712055206
olive,TUN,-0.037401050329208374
olive,TUR,-1.0316072702407837
olive,TWN,-7.5
olive,URY,-0.6473992764949799
olive,USA,7.5
olive,UZB,-1.2053216099739075
olive,YEM,-7.5
olive,ZAF,-0.0
olive,ZMB,-7.5
onion,AFG,-5.5724968910217285
onion,AGO,-6.047141075134277
onion,ALB,-2.936323881149292
onion,ARE,-1.4916355609893799
onion,ARG,-3.938242197036743
onion,ARM,-3.524603486061096
onion,ATG,-4.1737542152404785
onion,AUS,-7.5
onion,AUT,-0.8957001343369484
onion,AZE,0.7805334329605103
onion,BDI,-6.796990394592285
onion,BEL,1.017429143190384
onion,BEN,-5.229106664657593
onion,BFA,-6.637309789657593
onion,BGD,-0.1720445156097412
onion,BGR,1.2546851634979248
onion,BHS,-6.007589817047119
onion,BIH,1.8318355679512024
onion,BLR,5.507476329803467
onion,BLZ,-5.642783880233765
onion,BOL,-1.9121332168579102
onion,BRA,-7.060012340545654
onion,BRB,-6.502520799636841
onion,BRN,-7.5
onion,BTN,-0.27633099257946014
onion,BWA,-5.163273334503174
onion,CAF,-7.5
onion,CAN,-7.5
onion,CHE,-7.5
onion,CHL,-7.5
onion,CHN,-4.21693754196167
onion,CIV,-6.378962516784668
onion,CMR,-6.003746032714844
onion,COD,-6.594834804534912
onion,COG,-7.499108791351318
onion,COL,-3.740980625152588
onion,COM,-7.5
onion,CPV,-3.75
onion,CRI,-7.5
onion,CUB,-4.060188174247742
onion,CYP,-4.394548177719116
onion,CZE,0.07136905193328857
onion,DEU,-0.8901082873344421
onion,DJI,-7.5
onion,DNK,-4.9343671798706055
onion,DOM,-7.5
onion,DZA,-5.167722702026367
onion,ECU,0.06068386137485504
onion,EGY,-0.0
onion,ERI,-7.5
onion,ESP,-4.90524697303772
onion,EST,4.45688271522522
onion,ETH,-1.318091630935669
onion,FIN,-7.5
onion,FJI,-5.094344615936279
onion,FRA,-2.821397066116333
onion,GAB,-7.5
onion,GBR,-7.5
onion,GEO,-0.43117496371269226
onion,GHA,-4.529682159423828
onion,GIN,-7.3132593631744385
onion,GMB,-6.9254865646362305
onion,GNB,-7.432170867919922
onion,GNQ,0.0
onion,GRC,-7.5
onion,GRD,-7.5
onion,GTM,-5.750008583068848
onion,GUF,-7.5
onion,GUY,-0.0
onion,HND,-7.5
onion,HRV,6.214035987854004
onion,HTI,-7.205381870269775
onion,HUN,-3.532580614089966
onion,IDN,-5.921729564666748
onion,IND,-4.939590215682983
onion,IRL,-4.24717378616333
onion,IRN,-3.6166207790374756
onion,IRQ,-0.5212148427963257
onion,ISR,-7.5
onion,ITA,-5.07132625579834
onion,JAM,-5.358255505561829
onion,JOR,-7.10970139503479
onion,JPN,0.578359842300415
onion,KAZ,1.2694047093391418
onion,KEN,-3.229560136795044
onion,KGZ,-1.1654118299484253
onion,KHM,-6.89267635345459
onion,KOR,0.7856995016336441
onion,LAO,-6.900272846221924
onion,LBN,-7.5
onion,LBR,-7.340333461761475
onion,LBY,-5.925989151000977
onion,LKA,-6.394104719161987
onion,LSO,-6.988895893096924
onion,LTU,1.259260505437851
onion,LUX,-2.8677883744239807
onion,LVA,2.6148409843444824
onion,MAR,0.012320980429649353
onion,MDA,1.2201261818408966
onion,MDG,-6.498152017593384
onion,MEX,-3.784500479698181
onion,MKD,0.6977967023849487
onion,MLI,-7.5
onion,MLT,-7.42757773399353
onion,MMR,-5.33240818977356
onion,MNE,-4.826766729354858
onion,MNG,-6.114702224731445
onion,MOZ,-7.5
onion,MRT,-7.4049787521362305
onion,MUS,-7.281018257141113
onion,MWI,-7.5
onion,MYS,-5.382323503494263
onion,NAM,-6.372008323669434
onion,NER,-7.5
onion,NGA,-7.5
onion,NIC,-6.62032675743103
onion,NLD,6.15573525428772
onion,NOR,-7.5
onion,NPL,-5.6880292892456055
onion,NZL,-4.147850513458252
onion,OMN,-7.5
onion,PAK,-1.6140363216400146
onion,PAN,-7.5
onion,PER,-4.074925422668457
onion,PHL,-6.30908989906311
onion,PNG,-4.988666296005249
onion,POL,2.146782398223877
onion,PRI,-6.323828458786011
onion,PRT,-1.4520990252494812
onion,PRY,-6.9222941398620605
onion,PSE,-7.360088348388672
onion,ROU,-1.7401167154312134
onion,RUS,3.101962447166443
onion,RWA,-3.9042937755584717
onion,SAU,-7.5
onion,SDN,-5.881960868835449
onion,SEN,-7.5
onion,SLB,-7.5
onion,SLE,-7.5
onion,SLV,-2.9305429458618164
onion,SOM,-7.4108874797821045
onion,SRB,0.9579630792140961
onion,SSD,-6.958274841308594
onion,STP,-7.5
onion,SUR,-5.465679407119751
onion,SVK,-5.300947427749634
onion,SVN,1.3351538181304932
onion,SWE,-7.5
onion,SWZ,-7.143008708953857
onion,SYR,-5.003800868988037
onion,TCD,-6.463716506958008
onion,TGO,-7.290608167648315
onion,THA,-4.452824592590332
onion,TJK,-0.43959422409534454
onion,TKM,-3.353615164756775
onion,TLS,-7.5
onion,TTO,-7.160723686218262
onion,TUN,-1.3951672315597534
onion,TUR,1.1861253082752228
onion,TWN,-4.88381028175354
onion,TZA,-4.3888726234436035
onion,UGA,-7.287754535675049
onion,UKR,3.0257606506347656
onion,URY,-7.266801118850708
onion,USA,-7.5
onion,UZB,-0.4838162064552307
onion,VEN,-3.539064884185791
onion,VNM,0.7443011403083801
onion,VUT,-3.5295603275299072
onion,YEM,-5.422922611236572
onion,ZAF,-2.0739426612854004
onion,ZMB,-7.5
onion,ZWE,-7.5
pearl-millet,AFG,7.5
pearl-millet,AGO,-0.36246398091316223
pearl-millet,ARG,-0.12078637629747391
pearl-millet,ARM,-0.0
pearl-millet,AUS,-0.15266889333724976
pearl-millet,AZE,-3.6964969635009766
pearl-millet,BDI,-0.2631005719304085
pearl-millet,BEN,-0.36317387223243713
pearl-millet,BFA,-0.1846938580274582
pearl-millet,BGD,-0.26829467713832855
pearl-millet,BGR,-0.0
pearl-millet,BLR,-0.011937349801883101
pearl-millet,BOL,-0.0
pearl-millet,BRA,-0.0
pearl-millet,BTN,-7.5
pearl-millet,BWA,-0.32433053851127625
pearl-millet,CAF,-7.5
pearl-millet,CAN,-0.0
pearl-millet,CHE,-7.5
pearl-millet,CHN,-0.07271579280495644
pearl-millet,CIV,-0.40923044085502625
pearl-millet,CMR,-0.2444845214486122
pearl-millet,COD,-0.35067489743232727
pearl-millet,COG,-0.2766544371843338
pearl-millet,DEU,7.5
pearl-millet,DZA,-0.0
pearl-millet,ERI,-0.33983348309993744
pearl-millet,ETH,-0.28454500436782837
pearl-millet,FRA,3.983364313840866
pearl-millet,GAB,-0.0
pearl-millet,GEO,-0.0
pearl-millet,GHA,-0.3917159140110016
pearl-millet,GIN,0.02247944474220276
pearl-millet,GMB,-0.3281457871198654
pearl-millet,GNB,-0.25479429960250854
pearl-millet,GRC,-0.0
pearl-millet,HUN,7.5
pearl-millet,IND,0.009337351657450199
pearl-millet,IRN,-0.5948721170425415
pearl-millet,IRQ,-0.9976715445518494
pearl-millet,KAZ,-0.08221910148859024
pearl-millet,KEN,-0.2669203132390976
pearl-millet,KGZ,-0.33758072555065155
pearl-millet,KHM,-0.0
pearl-millet,KOR,-7.5
pearl-millet,LAO,0.0
pearl-millet,LBY,-0.41086751222610474
pearl-millet,LKA,-0.7441745400428772
pearl-millet,LSO,-0.0
pearl-millet,MAR,-0.6265048682689667
pearl-millet,MDA,0.0
pearl-millet,MLI,-0.15803766250610352
pearl-millet,MMR,-0.2608223706483841
pearl-millet,MNG,-0.0
pearl-millet,MOZ,-0.32165583968162537
pearl-millet,MRT,-0.3104158341884613
pearl-millet,MWI,-0.2908751666545868
pearl-millet,NAM,-0.009480911307036877
pearl-millet,NER,-0.0574755035340786
pearl-millet,NGA,-0.22172359377145767
pearl-millet,NPL,-0.04574775602668524
pearl-millet,OMN,-0.0
pearl-millet,PAK,0.18111510574817657
pearl-millet,POL,7.5
pearl-millet,PRY,-0.0
pearl-millet,ROU,7.5
pearl-millet,RUS,-0.0
pearl-millet,RWA,-0.3121597021818161
pearl-millet,SAU,-0.26095351576805115
pearl-millet,SDN,-0.3353527784347534
pearl-millet,SEN,-0.2869989573955536
pearl-millet,SLE,-0.30565546452999115
pearl-millet,SOM,0.0
pearl-millet,SSD,-0.16886745393276215
pearl-millet,SVK,7.5
pearl-millet,SWZ,7.5
pearl-millet,SYR,7.5
pearl-millet,TCD,-0.07938653230667114
pearl-millet,TGO,-0.22555531561374664
pearl-millet,THA,-0.320619136095047
pearl-millet,TJK,7.5
pearl-millet,TKM,7.5
pearl-millet,TUN,-0.0
pearl-millet,TUR,-0.8460545241832733
pearl-millet,TWN,-7.5
pearl-millet,TZA,-0.2315579280257225
pearl-millet,UGA,-0.15959597378969193
pearl-millet,UKR,-0.1494104564189911
pearl-millet,URY,-0.0
pearl-millet,USA,-0.005097249988466501
pearl-millet,UZB,-0.24172790348529816
pearl-millet,VNM,-1.0600325465202332
pearl-millet,YEM,-0.06282089091837406
pearl-millet,ZAF,-0.2537998855113983
pearl-millet,ZMB,-0.22861316055059433
pearl-millet,ZWE,0.20787255465984344
phaseolus-bean,AFG,-1.1255717277526855
phaseolus-bean,AGO,-1.1598525047302246
phaseolus-bean,ALB,-3.0581347942352295
phaseolus-bean,ARE,-0.0
phaseolus-bean,ARG,-1.0168736577033997
phaseolus-bean,ARM,-4.073453903198242
phaseolus-bean,AUS,-0.7529898285865784
phaseolus-bean,AUT,-0.7914229929447174
phaseolus-bean,AZE,-1.8471537828445435
phaseolus-bean,BDI,-0.2439725324511528
phaseolus-bean,BEL,-0.0051130931824445724
phaseolus-bean,BEN,-1.0295592546463013
phaseolus-bean,BFA,-1.1608834266662598
phaseolus-bean,BGD,-0.9746377170085907
phaseolus-bean,BGR,-0.8159191608428955
phaseolus-bean,BHS,-0.8306019902229309
phaseolus-bean,BIH,2.192263960838318
phaseolus-bean,BLR,-0.5129327476024628
phaseolus-bean,BLZ,-0.6378980875015259
phaseolus-bean,BOL,-0.9235561490058899
phaseolus-bean,BRA,-0.4621351659297943
phaseolus-bean,BRB,-0.6192621290683746
phaseolus-bean,BRN,-4.186469405889511
phaseolus-bean,BTN,-1.2148494720458984
phaseolus-bean,BWA,-1.1979690790176392
phaseolus-bean,CAF,-1.0395120978355408
phaseolus-bean,CAN,-1.0097798109054565
phaseolus-bean,CHE,-0.3451566845178604
phaseolus-bean,CHL,-2.4277961254119873
phaseolus-bean,CHN,-0.4104166626930237
phaseolus-bean,CIV,-0.3544691503047943
phaseolus-bean,CMR,-1.063464105129242
phaseolus-bean,COD,-1.1635931134223938
phaseolus-bean,COG,-1.1583507657051086
phaseolus-bean,COL,-1.5239271521568298
phaseolus-bean,COM,-1.0690335631370544
phaseolus-bean,CPV,-1.2189155220985413
phaseolus-bean,CRI,-0.803571343421936
phaseolus-bean,CUB,-0.9414574503898621
phaseolus-bean,CYP,-3.874064087867737
phaseolus-bean,CZE,-0.8011897206306458
phaseolus-bean,DEU,-0.2915141433477402
phaseolus-bean,DJI,-0.9768831133842468
phaseolus-bean,DNK,-0.14765217900276184
phaseolus-bean,DOM,-1.737009584903717
phaseolus-bean,DZA,-0.5803558826446533
phaseolus-bean,ECU,-0.7768445014953613
phaseolus-bean,EGY,-1.7681698203086853
phaseolus-bean,ERI,-1.1246823072433472
phaseolus-bean,ESP,-3.030491590499878
phaseolus-bean,EST,-0.6777266561985016
phaseolus-bean,ETH,-0.31654125452041626
phaseolus-bean,FIN,3.4771696031093597
phaseolus-bean,FJI,-0.5562740564346313
phaseolus-bean,FRA,-0.4712941646575928
phaseolus-bean,GAB,-0.9431794285774231
phaseolus-bean,GBR,-0.6627260744571686
phaseolus-bean,GEO,-1.127827525138855
phaseolus-bean,GHA,-0.6658670902252197
phaseolus-bean,GIN,-1.0377466678619385
phaseolus-bean,GMB,-1.1137678623199463
phaseolus-bean,GNB,-1.167748510837555
phaseolus-bean,GNQ,0.0
phaseolus-bean,GRC,-4.467523097991943
phaseolus-bean,GRD,-1.8400379419326782
phaseolus-bean,GTM,-0.9791083633899689
phaseolus-bean,GUF,-4.2244217693805695
phaseolus-bean,GUY,-0.8762646913528442
phaseolus-bean,HND,-0.8478139042854309
phaseolus-bean,HRV,3.406327098608017
phaseolus-bean,HTI,-1.1409998536109924
phaseolus-bean,HUN,-0.7472049295902252
phaseolus-bean,IDN,-0.9213731288909912
phaseolus-bean,IND,-1.1264333128929138
phaseolus-bean,IRL,-0.12375673186033964
phaseolus-bean,IRN,-2.071861505508423
phaseolus-bean,IRQ,1.3282320499420166
phaseolus-bean,ISR,-0.9367420673370361
phaseolus-bean,ITA,-3.6065696477890015
phaseolus-bean,JAM,-1.514808177947998
phaseolus-bean,JOR,-1.1392463445663452
phaseolus-bean,JPN,-0.39836089313030243
phaseolus-bean,KAZ,-1.0204453468322754
phaseolus-bean,KEN,-0.29508286714553833
phaseolus-bean,KGZ,-0.9103138744831085
phaseolus-bean,KHM,-0.9580561220645905
phaseolus-bean,KOR,-0.650100439786911
phaseolus-bean,LAO,-0.7949748635292053
phaseolus-bean,LBN,-6.939032793045044
phaseolus-bean,LBR,-1.1352444887161255
phaseolus-bean,LBY,-7.5
phaseolus-bean,LKA,-0.9642481505870819
phaseolus-bean,LSO,-0.18563129007816315
phaseolus-bean,LTU,0.14724180102348328
phaseolus-bean,LUX,-0.6964136958122253
phaseolus-bean,LVA,0.3142613172531128
phaseolus-bean,MAR,-1.3445357084274292
phaseolus-bean,MDA,0.11447747983038425
phaseolus-bean,MDG,-0.940623015165329
phaseolus-bean,MEX,-0.3265855014324188
phaseolus-bean,MKD,-1.0945420861244202
phaseolus-bean,MLI,-1.1039577722549438
phaseolus-bean,MMR,-1.0063211619853973
phaseolus-bean,MNE,-0.43158552050590515
phaseolus-bean,MNG,-0.6254353523254395
phaseolus-bean,MOZ,-0.4766879975795746
phaseolus-bean,MRT,-0.9947697818279266
phaseolus-bean,MWI,3.6367183476686478
phaseolus-bean,MYS,-0.7540059685707092
phaseolus-bean,NAM,-0.8899352550506592
phaseolus-bean,NER,-1.23638117313385
phaseolus-bean,NGA,-1.0675504803657532
phaseolus-bean,NIC,3.555797129869461
phaseolus-bean,NLD,-2.8721210956573486
phaseolus-bean,NOR,-0.941852867603302
phaseolus-bean,NPL,-0.8857086002826691
phaseolus-bean,NZL,-0.40279027819633484
phaseolus-bean,OMN,-0.35218244791030884
phaseolus-bean,PAK,-0.0
phaseolus-bean,PAN,-0.47155824303627014
phaseolus-bean,PER,-0.9097614884376526
phaseolus-bean,PHL,-0.5692638456821442
phaseolus-bean,PNG,-1.1523202061653137
phaseolus-bean,POL,-1.2780057191848755
phaseolus-bean,PRI,-1.0159833431243896
phaseolus-bean,PRT,-0.9603123366832733
phaseolus-bean,PRY,-1.059417963027954
phaseolus-bean,PSE,-1.3273131847381592
phaseolus-bean,ROU,-1.7552193403244019
phaseolus-bean,RUS,-0.5589449107646942
phaseolus-bean,RWA,-0.25759022682905197
phaseolus-bean,SAU,-0.8436889350414276
phaseolus-bean,SDN,-1.1480844020843506
phaseolus-bean,SEN,-1.0350348949432373
phaseolus-bean,SLB,-0.9361551702022552
phaseolus-bean,SLE,-1.124963641166687
phaseolus-bean,SLV,3.455342262983322
phaseolus-bean,SOM,-1.2127578258514404
phaseolus-bean,SRB,-0.9353048503398895
phaseolus-bean,SSD,-1.0311275720596313
phaseolus-bean,SUR,-0.9848804473876953
phaseolus-bean,SVK,-0.7122296988964081
phaseolus-bean,SVN,-3.124643564224243
phaseolus-bean,SWE,-7.5
phaseolus-bean,SWZ,-1.0970063209533691
phaseolus-bean,SYR,-1.1193397045135498
phaseolus-bean,TCD,-0.23805350065231323
phaseolus-bean,TGO,-0.2208181992173195
phaseolus-bean,THA,-1.0083825588226318
phaseolus-bean,TJK,-3.0967129468917847
phaseolus-bean,TKM,-0.6811174005270004
phaseolus-bean,TLS,-1.50379878282547
phaseolus-bean,TTO,-0.6622325778007507
phaseolus-bean,TUN,-1.1313369274139404
phaseolus-bean,TUR,-2.217060089111328
phaseolus-bean,TWN,-0.647343635559082
phaseolus-bean,TZA,-0.32271677255630493
phaseolus-bean,UGA,-1.0888614058494568
phaseolus-bean,UKR,-0.8843801319599152
phaseolus-bean,URY,-0.9931066036224365
phaseolus-bean,USA,-0.7871726751327515
phaseolus-bean,UZB,-0.8831607699394226
phaseolus-bean,VEN,-0.9553195834159851
phaseolus-bean,VNM,-1.0369752645492554
phaseolus-bean,YEM,-2.1760953664779663
phaseolus-bean,ZAF,-0.912292093038559
phaseolus-bean,ZMB,-1.1033012866973877
phaseolus-bean,ZWE,-0.5085616111755371
pigeonpea,AFG,-0.855456531047821
pigeonpea,AGO,-0.9001249074935913
pigeonpea,ALB,-2.5179988741874695
pigeonpea,ARE,-0.0
pigeonpea,ARG,-0.7837108969688416
pigeonpea,ARM,-7.5
pigeonpea,AUS,-0.5448121130466461
pigeonpea,AUT,-7.5
pigeonpea,AZE,-0.3436136543750763
pigeonpea,BDI,-0.8902150988578796
pigeonpea,BEL,3.75
pigeonpea,BEN,-0.7754418849945068
pigeonpea,BFA,-0.9017893671989441
pigeonpea,BGD,-0.7123337090015411
pigeonpea,BGR,-0.6550959944725037
pigeonpea,BHS,-0.6845540702342987
pigeonpea,BIH,3.5340144336223602
pigeonpea,BLR,-0.2506144866347313
pigeonpea,BLZ,-0.7809770703315735
pigeonpea,BOL,-0.7209992110729218
pigeonpea,BRA,-0.8097763657569885
pigeonpea,BRB,-0.3127128928899765
pigeonpea,BRN,7.5
pigeonpea,BTN,-0.7334623038768768
pigeonpea,BWA,-0.9380661845207214
pigeonpea,CAF,-0.7726240754127502
pigeonpea,CAN,-0.8337830603122711
pigeonpea,CHE,-3.8647328838706017
pigeonpea,CHL,-4.134219974279404
pigeonpea,CHN,-0.5228309035301208
pigeonpea,CIV,-0.8094999194145203
pigeonpea,CMR,-0.8035134077072144
pigeonpea,COD,-0.9038895666599274
pigeonpea,COG,-0.8984960913658142
pigeonpea,COL,-0.7336572706699371
pigeonpea,COM,-0.8101017475128174
pigeonpea,CPV,-0.9592611193656921
pigeonpea,CRI,-0.9186642467975616
pigeonpea,CUB,-0.7538248896598816
pigeonpea,CYP,7.5
pigeonpea,CZE,-0.16783645749092102
pigeonpea,DEU,-0.42579396069049835
pigeonpea,DJI,-0.7159237265586853
pigeonpea,DNK,-0.0
pigeonpea,DOM,-1.2383473813533783
pigeonpea,DZA,-0.5421735048294067
pigeonpea,ECU,-0.8512524366378784
pigeonpea,EGY,-0.26138952374458313
pigeonpea,ERI,-0.870801568031311
pigeonpea,ESP,-0.5263558030128479
pigeonpea,EST,-4.089492559432983
pigeonpea,ETH,-0.6855515241622925
pigeonpea,FIN,3.6081557124853134
pigeonpea,FJI,-0.29371681809425354
pigeonpea,FRA,-0.1952061951160431
pigeonpea,GAB,7.5
pigeonpea,GBR,-0.4009782522916794
pigeonpea,GEO,-4.120936989784241
pigeonpea,GHA,-0.8376641571521759
pigeonpea,GIN,-0.7740879058837891
pigeonpea,GMB,-0.8543393909931183
pigeonpea,GNB,-0.9083298444747925
pigeonpea,GNQ,-0.0
pigeonpea,GRC,-0.7572833895683289
pigeonpea,GRD,-1.5490269660949707
pigeonpea,GTM,-0.7738685607910156
pigeonpea,GUF,7.5
pigeonpea,GUY,-0.6509858071804047
pigeonpea,HND,-0.916654109954834
pigeonpea,HRV,3.519135966897011
pigeonpea,HTI,-0.9268582165241241
pigeonpea,HUN,-7.5
pigeonpea,IDN,-0.6584818661212921
pigeonpea,IND,-0.8617242872714996
pigeonpea,IRL,-3.7564359814859927
pigeonpea,IRN,-0.8416522145271301
pigeonpea,IRQ,1.5314472913742065
pigeonpea,ISR,-0.6751569211483002
pigeonpea,ITA,-0.6414251625537872
pigeonpea,JAM,-2.1930689811706543
pigeonpea,JOR,-0.9335630536079407
pigeonpea,JPN,-0.1392284892499447
pigeonpea,KAZ,-0.8718991875648499
pigeonpea,KEN,-0.1827717125415802
pigeonpea,KGZ,-0.593286782503128
pigeonpea,KHM,-0.6728622615337372
pigeonpea,KOR,-0.4389590471982956
pigeonpea,LAO,-0.5317065119743347
pigeonpea,LBN,-3.942546382546425
pigeonpea,LBR,-0.8758793771266937
pigeonpea,LBY,-0.8646670579910278
pigeonpea,LKA,-0.70174440741539
pigeonpea,LSO,-7.5
pigeonpea,LTU,-0.2611485421657562
pigeonpea,LUX,-7.5
pigeonpea,LVA,-0.09245878458023071
pigeonpea,MAR,-1.229897677898407
pigeonpea,MDA,-4.125025779008865
pigeonpea,MDG,-0.6808150112628937
pigeonpea,MEX,-0.8432841897010803
pigeonpea,MKD,-0.5062855780124664
pigeonpea,MLI,-0.7991205453872681
pigeonpea,MMR,-0.7415194809436798
pigeonpea,MNE,-7.5
pigeonpea,MNG,7.5
pigeonpea,MOZ,-0.8797759711742401
pigeonpea,MRT,-0.7538566887378693
pigeonpea,MWI,3.3972549736499786
pigeonpea,MYS,-0.49171778559684753
pigeonpea,NAM,-0.6022999882698059
pigeonpea,NER,-0.9758140444755554
pigeonpea,NGA,-0.8087418973445892
pigeonpea,NIC,3.3613505959510803
pigeonpea,NLD,-7.5
pigeonpea,NOR,-0.6056472659111023
pigeonpea,NPL,-0.3548883944749832
pigeonpea,NZL,-7.5
pigeonpea,OMN,-0.0
pigeonpea,PAK,7.5
pigeonpea,PAN,-0.9326514899730682
pigeonpea,PER,-0.7782504558563232
pigeonpea,PHL,-0.7182432115077972
pigeonpea,PNG,-0.8991521596908569
pigeonpea,POL,-0.30786655843257904
pigeonpea,PRI,-4.063494682312012
pigeonpea,PRT,-0.7032880187034607
pigeonpea,PRY,-0.8235530257225037
pigeonpea,PSE,-4.339802980422974
pigeonpea,ROU,-0.4851970076560974
pigeonpea,RUS,-1.042710781097412
pigeonpea,RWA,-0.865031898021698
pigeonpea,SAU,-0.6883501410484314
pigeonpea,SDN,-0.8863011598587036
pigeonpea,SEN,-0.776082456111908
pigeonpea,SLB,-0.6577618718147278
pigeonpea,SLE,-0.8632355332374573
pigeonpea,SLV,3.383960634469986
pigeonpea,SOM,-0.9532180726528168
pigeonpea,SRB,-0.4802646189928055
pigeonpea,SSD,-0.7709622383117676
pigeonpea,SUR,3.3573991656303406
pigeonpea,SVK,-7.5
pigeonpea,SVN,3.5057128369808197
pigeonpea,SWE,-7.5
pigeonpea,SWZ,-0.8250158429145813
pigeonpea,SYR,-0.8578994274139404
pigeonpea,TCD,-0.8182538151741028
pigeonpea,TGO,-0.8884641528129578
pigeonpea,THA,-0.7456749081611633
pigeonpea,TJK,-5.709436297416687
pigeonpea,TKM,-0.4174400046467781
pigeonpea,TLS,3.4833346009254456
pigeonpea,TTO,-3.096448063850403
pigeonpea,TUN,-0.8728488385677338
pigeonpea,TUR,-0.5203335881233215
pigeonpea,TWN,-0.38435161113739014
pigeonpea,TZA,-0.11809083074331284
pigeonpea,UGA,-0.8291513919830322
pigeonpea,UKR,-0.6781156063079834
pigeonpea,URY,-0.7709154486656189
pigeonpea,USA,-0.7030434608459473
pigeonpea,UZB,-4.60061502456665
pigeonpea,VEN,-0.6281974911689758
pigeonpea,VNM,-0.714810311794281
pigeonpea,YEM,-0.6480071246623993
pigeonpea,ZAF,-0.8890900909900665
pigeonpea,ZMB,-0.8437232375144958
pigeonpea,ZWE,-0.8876895308494568
plantain,AFG,-0.0
plantain,AGO,-0.0
plantain,ALB,-0.0
plantain,ARG,-0.0
plantain,AUS,-0.0
plantain,BDI,-4.286558389663696
plantain,BEN,-4.091667652130127
plantain,BFA,-0.0
plantain,BGD,-0.6633315719664097
plantain,BHS,-7.5
plantain,BLZ,-1.4686405062675476
plantain,BOL,0.06203867122530937
plantain,BRA,-0.0
plantain,BRB,-5.420563340187073
plantain,BRN,-4.228412628173828
plantain,BTN,-0.0
plantain,BWA,-0.0
plantain,CAF,-4.8503031730651855
plantain,CHL,-0.0
plantain,CHN,-0.0
plantain,CIV,-3.9124233722686768
plantain,CMR,-3.3816239833831787
plantain,COD,-4.462888240814209
plantain,COG,-3.8950676918029785
plantain,COL,-1.5549615621566772
plantain,COM,-0.0
plantain,CPV,-0.0
plantain,CRI,5.5113205909729
plantain,CUB,-4.106197118759155
plantain,CYP,-0.0
plantain,DJI,-0.0
plantain,DOM,-0.5925894379615784
plantain,DZA,-0.0
plantain,ECU,2.5175337195396423
plantain,EGY,-0.0
plantain,ERI,7.5
plantain,ESP,-0.0
plantain,ETH,-0.0
plantain,FJI,-2.5281347036361694
plantain,FRA,-0.0
plantain,GAB,-3.9150478839874268
plantain,GHA,-3.6896778345108032
plantain,GIN,-3.634287714958191
plantain,GMB,-0.0
plantain,GNB,-4.1388585567474365
plantain,GNQ,-4.1551573276519775
plantain,GRC,-0.0
plantain,GRD,-4.423282623291016
plantain,GTM,2.2982590794563293
plantain,GUF,7.5
plantain,GUY,-7.327818870544434
plantain,HND,0.6468847543001175
plantain,HTI,-3.656356453895569
plantain,IDN,-0.0
plantain,IND,-0.0
plantain,IRQ,-0.0
plantain,ISR,-0.0
plantain,JAM,-7.5
plantain,JOR,-0.0
plantain,KEN,-1.2371963262557983
plantain,KHM,-0.0
plantain,LAO,-0.0
plantain,LBN,-0.0
plantain,LBR,-4.3428404331207275
plantain,LKA,3.606674075126648
plantain,MAR,-0.0
plantain,MDG,-0.0
plantain,MEX,-0.0
plantain,MLI,-0.0
plantain,MMR,-2.3691447377204895
plantain,MOZ,-0.0
plantain,MRT,7.5
plantain,MUS,-0.0
plantain,MWI,-1.9345334768295288
plantain,MYS,-0.0
plantain,NAM,7.5
plantain,NER,-2.5089151859283447
plantain,NGA,-3.724677324295044
plantain,NIC,-2.8415194749832153
plantain,NPL,-0.0
plantain,OMN,-0.0
plantain,PAK,-0.0
plantain,PAN,-0.8457553386688232
plantain,PER,-0.0
plantain,PHL,-0.7717443704605103
plantain,PNG,-0.0
plantain,PRI,-7.5
plantain,PRT,-0.0
plantain,PRY,-0.0
plantain,PSE,-0.0
plantain,RWA,-3.453752875328064
plantain,SAU,-0.0
plantain,SDN,-0.0
plantain,SEN,-0.0
plantain,SLB,-0.0
plantain,SLE,-3.959128737449646
plantain,SLV,-3.650289535522461
plantain,SOM,-0.0
plantain,SSD,-4.449143409729004
plantain,STP,-2.049693763256073
plantain,SUR,-7.5
plantain,SWZ,-0.0
plantain,SYR,-0.0
plantain,TGO,-4.313411235809326
plantain,THA,-0.0
plantain,TLS,-0.0
plantain,TTO,-4.364992618560791
plantain,TUR,-0.0
plantain,TWN,-0.0
plantain,TZA,-4.158101558685303
plantain,UGA,-4.373329162597656
plantain,URY,7.5
plantain,USA,-0.0
plantain,VEN,-2.9531149864196777
plantain,VNM,-0.0
plantain,VUT,-0.0
plantain,YEM,-0.0
plantain,ZAF,-0.0
plantain,ZMB,-0.0
plantain,ZWE,-0.0
rapeseed,AFG,7.5
rapeseed,ALB,-0.0
rapeseed,ARG,-0.9507029056549072
rapeseed,ARM,7.5
rapeseed,AUS,-0.5092648416757584
rapeseed,AUT,-0.960468977689743
rapeseed,AZE,-0.5960212349891663
rapeseed,BEL,3.3820688724517822
rapeseed,BGD,-0.528645396232605
rapeseed,BGR,-0.8640987873077393
rapeseed,BIH,-0.7244676947593689
rapeseed,BLR,-0.5837246477603912
rapeseed,BLZ,-0.0
rapeseed,BOL,7.5
rapeseed,BRA,-0.9697350263595581
rapeseed,BTN,-0.8600573241710663
rapeseed,BWA,7.5
rapeseed,CAN,-0.771609365940094
rapeseed,CHE,-1.447107970714569
rapeseed,CHL,-0.7681822180747986
rapeseed,CHN,-0.9297999739646912
rapeseed,CZE,-1.1126621961593628
rapeseed,DEU,-1.1556218266487122
rapeseed,DNK,-1.2751225233078003
rapeseed,DZA,-0.9396696090698242
rapeseed,ERI,-0.0
rapeseed,ESP,-0.631551057100296
rapeseed,EST,-0.7610536217689514
rapeseed,ETH,-0.6769606173038483
rapeseed,FIN,-0.5492040514945984
rapeseed,FRA,-1.1112202405929565
rapeseed,GBR,-1.0167356431484222
rapeseed,GEO,7.5
rapeseed,GRC,-0.887153297662735
rapeseed,GTM,-0.0
rapeseed,GUY,-0.0
rapeseed,HRV,3.3292984068393707
rapeseed,HUN,-0.922552764415741
rapeseed,IND,-0.9115743041038513
rapeseed,IRL,-0.6706302762031555
rapeseed,IRN,-0.9120310544967651
rapeseed,IRQ,-0.9406439661979675
rapeseed,ITA,-0.8869543969631195
rapeseed,JPN,-0.6247707903385162
rapeseed,KAZ,-0.3468983918428421
rapeseed,KGZ,-0.9021725952625275
rapeseed,KOR,-0.8410332798957825
rapeseed,LAO,7.5
rapeseed,LSO,-0.7058410048484802
rapeseed,LTU,-0.8845185339450836
rapeseed,LUX,-0.9900504052639008
rapeseed,LVA,-0.8059000074863434
rapeseed,MAR,-1.27737957239151
rapeseed,MDA,-0.5773772895336151
rapeseed,MEX,-0.2790766656398773
rapeseed,MKD,-0.7439679801464081
rapeseed,MMR,-0.8253525793552399
rapeseed,MNE,3.75
rapeseed,MNG,-0.9304114580154419
rapeseed,MOZ,0.0
rapeseed,NLD,-2.3308939337730408
rapeseed,NOR,-1.4806770086288452
rapeseed,NPL,-0.8124538362026215
rapeseed,NZL,-0.7965556383132935
rapeseed,PAK,-0.8637177646160126
rapeseed,POL,-0.9618309140205383
rapeseed,PRT,-0.8082497715950012
rapeseed,PRY,-0.3568131923675537
rapeseed,ROU,-0.8105641007423401
rapeseed,RUS,-0.4389825463294983
rapeseed,SRB,-0.7982280254364014
rapeseed,SVK,-0.9756409227848053
rapeseed,SVN,3.3766738772392273
rapeseed,SWE,-1.0785530805587769
rapeseed,SWZ,-0.8033070862293243
rapeseed,SYR,-0.9459903836250305
rapeseed,TJK,-0.9540573060512543
rapeseed,TKM,-0.6994462013244629
rapeseed,TUN,-1.1821492910385132
rapeseed,TUR,-1.216806948184967
rapeseed,TWN,-0.6565816402435303
rapeseed,UKR,-0.8596693277359009
rapeseed,URY,-0.8804358839988708
rapeseed,USA,-0.7993336617946625
rapeseed,UZB,-0.9962994456291199
rapeseed,VEN,-0.0
rapeseed,VNM,-0.8331457078456879
rapeseed,ZAF,-0.8560006618499756
rye,AFG,7.5
rye,AGO,-0.0
rye,ALB,-0.5353783965110779
rye,ARE,-7.5
rye,ARG,-0.30779536068439484
rye,ARM,-0.11880814284086227
rye,AUS,-0.08397011831402779
rye,AUT,-0.17961125820875168
rye,AZE,-0.039203218184411526
rye,BDI,-0.38576698303222656
rye,BEL,3.955201804637909
rye,BEN,-0.41562560200691223
rye,BFA,-3.9576527923345566
rye,BGD,-0.0
rye,BGR,0.007163579575717449
rye,BIH,-0.1521274596452713
rye,BLR,-1.458101473748684
rye,BLZ,-0.0
rye,BOL,-7.5
rye,BRA,7.5
rye,BTN,0.45990927517414093
rye,BWA,-0.13854591315612197
rye,CAF,7.5
rye,CAN,-0.18876007199287415
rye,CHE,-0.5552423000335693
rye,CHL,0.20254305750131607
rye,CHN,-0.2954791933298111
rye,CIV,-0.33424730598926544
rye,CMR,-0.341303288936615
rye,COD,7.5
rye,COG,-3.9558170288801193
rye,COL,-7.5
rye,CYP,0.011721457238309085
rye,CZE,-0.41288331151008606
rye,DEU,-0.008756508119404316
rye,DNK,-0.34489184617996216
rye,DZA,-0.21771244704723358
rye,ECU,-7.5
rye,EGY,-0.25959400832653046
rye,ERI,-0.3988335281610489
rye,ESP,-0.0826755203306675
rye,EST,-0.011994034051895142
rye,ETH,-0.23489627987146378
rye,FIN,-0.3129357695579529
rye,FRA,-0.12950298935174942
rye,GAB,7.5
rye,GBR,0.17896303534507751
rye,GEO,-0.052195264026522636
rye,GHA,-7.5
rye,GIN,-0.41457517445087433
rye,GMB,-7.5
rye,GNB,-0.4135544151067734
rye,GRC,-0.2109464779496193
rye,GTM,-0.0
rye,GUF,-0.0
rye,GUY,7.5
rye,HRV,3.7455929410643876
rye,HUN,0.11232665181159973
rye,IND,-0.2502429783344269
rye,IRL,-0.0
rye,IRN,-0.08779771625995636
rye,IRQ,0.003918042406439781
rye,ISR,0.09468371421098709
rye,ITA,-0.17039848864078522
rye,JOR,7.5
rye,JPN,0.0016249660402536392
rye,KAZ,0.00882073026150465
rye,KEN,-7.5
rye,KGZ,-0.31560105085372925
rye,KHM,-7.5
rye,KOR,3.7010473869740963
rye,LAO,0.0
rye,LBN,-0.21006375551223755
rye,LBR,-7.5
rye,LBY,-0.0
rye,LSO,-0.11792386882007122
rye,LTU,0.03802414331585169
rye,LUX,-0.11498901480808854
rye,LVA,0.1305616406025365
rye,MAR,-0.43613240122795105
rye,MDA,0.04769447073340416
rye,MEX,7.5
rye,MKD,-0.1973205804824829
rye,MLI,-0.401938259601593
rye,MMR,-0.4092618227005005
rye,MNE,0.0345843848772347
rye,MNG,-0.21242347359657288
rye,MOZ,7.5
rye,MRT,-7.5
rye,MWI,0.0
rye,MYS,-0.0
rye,NAM,-0.0
rye,NER,-7.5
rye,NGA,-0.4209386110305786
rye,NLD,-0.9543132036924362
rye,NOR,-0.8370813131332397
rye,NPL,-0.2534780502319336
rye,NZL,0.3150644898414612
rye,OMN,-0.7417687177658081
rye,PER,7.5
rye,POL,0.0037892027758061886
rye,PRT,-0.10154823213815689
rye,PRY,7.5
rye,PSE,-0.24233078211545944
rye,ROU,-0.06244204752147198
rye,RUS,-0.08948036283254623
rye,RWA,-7.5
rye,SAU,0.030823725275695324
rye,SDN,-7.5
rye,SEN,-0.4953364431858063
rye,SLE,-0.4121284931898117
rye,SOM,-7.5
rye,SRB,-0.06108185276389122
rye,SSD,-7.5
rye,SUR,-0.0
rye,SVK,-0.07453361339867115
rye,SVN,-0.10139279626309872
rye,SWE,-0.1845947653055191
rye,SWZ,7.5
rye,SYR,-0.09713540971279144
rye,TCD,-0.24164285510778427
rye,TGO,-0.3962419033050537
rye,THA,-0.35943950712680817
rye,TJK,-0.24241241812705994
rye,TKM,-0.06309042125940323
rye,TUN,-0.3430040180683136
rye,TUR,-0.1932387575507164
rye,TWN,-7.5
rye,TZA,-0.3152187317609787
rye,UGA,-0.0
rye,UKR,-0.0959777869284153
rye,URY,-0.14859306812286377
rye,USA,-0.18514694273471832
rye,UZB,-1.4590964317321777
rye,VEN,-0.0
rye,VNM,-0.0
rye,YEM,7.5
rye,ZAF,-0.3256649076938629
rye,ZMB,7.5
rye,ZWE,-7.5
sesame,AFG,-0.7207694351673126
sesame,AGO,-0.7243888080120087
sesame,ALB,-0.0
sesame,ARE,-0.0
sesame,ARG,-0.7230461537837982
sesame,ARM,-0.0
sesame,AZE,-0.6302224397659302
sesame,BDI,-0.7206447422504425
sesame,BEN,-0.7018855810165405
sesame,BFA,-0.7233555316925049
sesame,BGD,-0.4397466629743576
sesame,BGR,-0.0
sesame,BLZ,7.5
sesame,BOL,-0.682974249124527
sesame,BRA,-0.7326841950416565
sesame,BTN,7.5
sesame,BWA,-0.7230308055877686
sesame,CAF,-0.6157387793064117
sesame,CHL,-0.0
sesame,CHN,-2.7631356716156006
sesame,CIV,-0.7438602447509766
sesame,CMR,-0.7197243273258209
sesame,COD,-7.5
sesame,COG,-7.5
sesame,COL,-7.5
sesame,CRI,-7.5
sesame,DOM,-1.568995177745819
sesame,DZA,-0.0
sesame,ECU,-0.0
sesame,EGY,-1.0869461297988892
sesame,ERI,-0.7429835498332977
sesame,ETH,-0.5748358964920044
sesame,GAB,-0.0
sesame,GHA,-0.728716254234314
sesame,GIN,-0.7434196174144745
sesame,GMB,-0.9698843955993652
sesame,GNB,-0.7020172774791718
sesame,GRC,7.5
sesame,GTM,-0.6473955512046814
sesame,GUY,7.5
sesame,HND,-0.6869732439517975
sesame,HTI,-0.7293985784053802
sesame,IND,-0.7226851582527161
sesame,IRN,-1.2444831132888794
sesame,IRQ,-0.7997933030128479
sesame,ISR,-0.5709404647350311
sesame,JOR,-0.9830222725868225
sesame,KEN,-0.32543644309043884
sesame,KGZ,3.4528422951698303
sesame,KHM,-0.7000022232532501
sesame,KOR,-0.6707159876823425
sesame,LAO,-0.6481441259384155
sesame,LBN,-0.5283462405204773
sesame,LBR,-7.5
sesame,LKA,-0.9345299899578094
sesame,MAR,-1.2401902675628662
sesame,MEX,-0.5769955813884735
sesame,MKD,-0.6839062571525574
sesame,MLI,-0.4462960362434387
sesame,MMR,-0.7195869088172913
sesame,MOZ,-0.5191076695919037
sesame,MRT,-4.102520704269409
sesame,MWI,-0.7324467599391937
sesame,MYS,-0.0
sesame,NAM,3.4163761734962463
sesame,NER,-0.21015208959579468
sesame,NGA,-0.711724191904068
sesame,NIC,-0.5648318529129028
sesame,NPL,-0.7061917185783386
sesame,OMN,-0.0
sesame,PAK,-0.6617439687252045
sesame,PER,-0.7825211882591248
sesame,PRY,-0.5347840189933777
sesame,PSE,-2.242785096168518
sesame,RWA,-0.7228226959705353
sesame,SAU,-0.958830326795578
sesame,SDN,-0.7478259205818176
sesame,SEN,-0.8304896652698517
sesame,SLE,-1.1752313375473022
sesame,SLV,-0.5887808501720428
sesame,SOM,-0.6952801942825317
sesame,SSD,-0.6947067379951477
sesame,SWZ,-0.7071995139122009
sesame,SYR,-1.046032190322876
sesame,TCD,-0.37653499841690063
sesame,TGO,-0.3318062722682953
sesame,THA,-0.7122540771961212
sesame,TJK,-0.7043219804763794
sesame,TKM,-0.6060158312320709
sesame,TUR,-1.3436576128005981
sesame,TWN,-0.6696432828903198
sesame,TZA,-0.4879035949707031
sesame,UGA,-0.7122760713100433
sesame,URY,3.4083576798439026
sesame,USA,7.5
sesame,UZB,-0.8548745810985565
sesame,VEN,-0.6940992176532745
sesame,VNM,-1.4293726086616516
sesame,YEM,-1.789364218711853
sesame,ZAF,-0.6885804533958435
sesame,ZMB,-0.702664315700531
sesame,ZWE,-0.8149867653846741
silage-maize,AFG,-0.6069796979427338
silage-maize,AGO,-0.38105055689811707
silage-maize,ALB,-0.6364685148000717
silage-maize,ARE,-1.2021559476852417
silage-maize,ARG,-0.6535983085632324
silage-maize,ARM,-0.0883757695555687
silage-maize,ATG,-7.5
silage-maize,AUS,-0.22065051645040512
silage-maize,AUT,-0.6936368644237518
silage-maize,AZE,-1.5058305263519287
silage-maize,BDI,-0.288833424448967
silage-maize,BEL,-0.6776270568370819
silage-maize,BEN,-7.5
silage-maize,BFA,-7.5
silage-maize,BGD,-1.533052682876587
silage-maize,BGR,1.436242938041687
silage-maize,BHS,-0.813407301902771
silage-maize,BIH,3.8745376616716385
silage-maize,BLR,-0.14243843406438828
silage-maize,BLZ,3.2393062114715576
silage-maize,BOL,-0.6897746622562408
silage-maize,BRA,-0.4435242712497711
silage-maize,BRB,-7.5
silage-maize,BRN,-7.5
silage-maize,BTN,-1.1153093576431274
silage-maize,BWA,0.07654260843992233
silage-maize,CAF,-1.1573883295059204
silage-maize,CAN,-0.7281439900398254
silage-maize,CHE,-0.7028528153896332
silage-maize,CHL,-1.881015658378601
silage-maize,CHN,-0.680889368057251
silage-maize,CIV,-0.0
silage-maize,CMR,1.3213688731193542
silage-maize,COD,-1.0880980491638184
silage-maize,COG,3.20454740524292
silage-maize,COL,-0.5952200889587402
silage-maize,COM,-1.0477327108383179
silage-maize,CPV,-0.0
silage-maize,CRI,-0.7860933244228363
silage-maize,CUB,-0.47072918713092804
silage-maize,CYP,0.06896045990288258
silage-maize,CZE,0.02423110231757164
silage-maize,DEU,0.266779288649559
silage-maize,DJI,-0.9642283320426941
silage-maize,DNK,7.0713512897491455
silage-maize,DOM,-0.47035424411296844
silage-maize,DZA,-0.16233782470226288
silage-maize,ECU,-1.2359146475791931
silage-maize,EGY,-2.1559646129608154
silage-maize,ERI,-1.01756352186203
silage-maize,ESP,-0.6265277415513992
silage-maize,EST,0.024048149585723877
silage-maize,ETH,-0.3489443063735962
silage-maize,FIN,-0.0
silage-maize,FJI,-1.8572011590003967
silage-maize,FRA,-0.3422554135322571
silage-maize,GAB,-1.020247220993042
silage-maize,GBR,0.7960577309131622
silage-maize,GEO,-0.2639187276363373
silage-maize,GHA,-0.0
silage-maize,GIN,0.3415639251470566
silage-maize,GMB,-0.0
silage-maize,GNB,-0.0
silage-maize,GNQ,-7.5
silage-maize,GRC,-0.37100502103567123
silage-maize,GRD,7.5
silage-maize,GTM,-0.6616974771022797
silage-maize,GUF,-5.2662447690963745
silage-maize,GUY,-0.2598578631877899
silage-maize,HND,-0.22837438434362411
silage-maize,HRV,-2.860812097787857
silage-maize,HTI,-1.1659201383590698
silage-maize,HUN,-0.0173241114243865
silage-maize,IDN,-1.1109139323234558
silage-maize,IND,2.9791678190231323
silage-maize,IRL,-0.33344683051109314
silage-maize,IRN,-1.7694720029830933
silage-maize,IRQ,6.747030258178711
silage-maize,ISL,-0.7814998030662537
silage-maize,ISR,-7.5
silage-maize,ITA,-1.1227810382843018
silage-maize,JAM,2.2635031938552856
silage-maize,JOR,1.8862769901752472
silage-maize,JPN,0.17048395052552223
silage-maize,KAZ,-0.7103767991065979
silage-maize,KEN,-0.5774059295654297
silage-maize,KGZ,-1.2782187461853027
silage-maize,KHM,-1.0150802731513977
silage-maize,KOR,-0.0047112517058849335
silage-maize,LAO,3.4359958469867706
silage-maize,LBN,-0.41734735667705536
silage-maize,LBR,-4.306947410106659
silage-maize,LBY,-1.4856183528900146
silage-maize,LKA,-0.5938127636909485
silage-maize,LSO,-0.6265093684196472
silage-maize,LTU,0.2098173201084137
silage-maize,LUX,-0.34911393374204636
silage-maize,LVA,-0.8945932686328888
silage-maize,MAR,3.389872670173645
silage-maize,MDA,0.2629268318414688
silage-maize,MDG,-1.0990067720413208
silage-maize,MEX,-0.4755976051092148
silage-maize,MKD,0.3004804775118828
silage-maize,MLI,-7.5
silage-maize,MLT,-3.7562477965839207
silage-maize,MMR,5.4239935874938965
silage-maize,MNE,2.6474905014038086
silage-maize,MNG,-0.9366517066955566
silage-maize,MOZ,-0.3256077170372009
silage-maize,MRT,-1.1597977876663208
silage-maize,MUS,-0.9920741617679596
silage-maize,MWI,-0.3593612313270569
silage-maize,MYS,-0.4680408835411072
silage-maize,NAM,-0.813836395740509
silage-maize,NER,3.75
silage-maize,NGA,-0.5800416767597198
silage-maize,NIC,-0.33600859344005585
silage-maize,NLD,1.3531219959259033
silage-maize,NOR,-0.0
silage-maize,NPL,-0.736495703458786
silage-maize,NZL,-2.115304708480835
silage-maize,OMN,-2.427705764770508
silage-maize,PAK,-1.3282395005226135
silage-maize,PAN,-1.2325222492218018
silage-maize,PER,7.5
silage-maize,PHL,-0.31770560145378113
silage-maize,PNG,-0.2890346050262451
silage-maize,POL,-0.1396077498793602
silage-maize,PRI,-2.110411763191223
silage-maize,PRT,-0.5613473951816559
silage-maize,PRY,-0.12822182476520538
silage-maize,PSE,-1.134261578321457
silage-maize,ROU,0.04965965077280998
silage-maize,RUS,-0.5340672135353088
silage-maize,RWA,-0.5726758241653442
silage-maize,SAU,-2.442822217941284
silage-maize,SDN,-0.9734348058700562
silage-maize,SEN,-7.5
silage-maize,SLB,-4.151837944984436
silage-maize,SLE,-0.05400258209556341
silage-maize,SLV,1.1689212322235107
silage-maize,SOM,-0.6915338337421417
silage-maize,SRB,-0.06384889781475067
silage-maize,SSD,-1.0083093643188477
silage-maize,STP,1.1231435537338257
silage-maize,SUR,-7.5
silage-maize,SVK,0.3786572068929672
silage-maize,SVN,1.253596842288971
silage-maize,SWE,2.682180404663086
silage-maize,SWZ,-0.41523346304893494
silage-maize,SYR,-0.12967003881931305
silage-maize,TCD,-7.5
silage-maize,TGO,-0.4458087086677551
silage-maize,THA,-0.9033763110637665
silage-maize,TJK,-1.76586252450943
silage-maize,TKM,-0.9689853191375732
silage-maize,TLS,-0.22121211141347885
silage-maize,TTO,-0.8545810282230377
silage-maize,TUN,0.23848958313465118
silage-maize,TUR,3.953571319580078
silage-maize,TWN,-0.0
silage-maize,TZA,-0.43859097361564636
silage-maize,UGA,-1.139115810394287
silage-maize,UKR,-0.542303204536438
silage-maize,URY,-0.3890857398509979
silage-maize,USA,-0.9794940948486328
silage-maize,UZB,-2.4878876209259033
silage-maize,VEN,-0.9658052921295166
silage-maize,VNM,0.2986143082380295
silage-maize,VUT,-0.28554073721170425
silage-maize,YEM,-0.8264414072036743
silage-maize,ZAF,-0.7466267943382263
silage-maize,ZMB,-0.5462719798088074
silage-maize,ZWE,0.606765627861023
sorghum,AFG,7.5
sorghum,AGO,-0.37704503536224365
sorghum,ALB,-0.0
sorghum,ARE,-0.3435989320278168
sorghum,ARG,0.08061674982309341
sorghum,ARM,-0.0
sorghum,AUS,0.08323713764548302
sorghum,AUT,0.57309889793396
sorghum,AZE,0.009237264515832067
sorghum,BDI,-0.2968360483646393
sorghum,BEL,-0.0
sorghum,BEN,-0.271355539560318
sorghum,BFA,-0.13538162410259247
sorghum,BGD,-0.3802659958600998
sorghum,BGR,-0.10014245472848415
sorghum,BIH,7.5
sorghum,BLR,7.5
sorghum,BLZ,-0.635392427444458
sorghum,BOL,-0.03610043227672577
sorghum,BRA,0.02032608538866043
sorghum,BTN,-7.5
sorghum,BWA,-0.3298073709011078
sorghum,CAF,-0.3511936366558075
sorghum,CAN,-0.0
sorghum,CHE,7.5
sorghum,CHN,0.4681810140609741
sorghum,CIV,-0.34454575181007385
sorghum,CMR,-0.2798222303390503
sorghum,COD,-0.3824999928474426
sorghum,COG,7.5
sorghum,COL,-0.284992054104805
sorghum,CRI,-0.016535386443138123
sorghum,CUB,-0.18413572758436203
sorghum,CZE,0.9598209857940674
sorghum,DEU,7.5
sorghum,DOM,-1.2626523077487946
sorghum,DZA,0.41469675302505493
sorghum,ECU,-0.24413932114839554
sorghum,EGY,-0.20195742696523666
sorghum,ERI,-0.34277841448783875
sorghum,ESP,-0.188144750893116
sorghum,EST,-0.0
sorghum,ETH,-0.29099634289741516
sorghum,FJI,-7.5
sorghum,FRA,-0.3031846582889557
sorghum,GAB,0.0
sorghum,GEO,-0.0
sorghum,GHA,-0.2517797201871872
sorghum,GIN,-0.24694126844406128
sorghum,GMB,-0.3226763606071472
sorghum,GNB,-0.2580830454826355
sorghum,GRC,-0.02857692539691925
sorghum,GTM,-0.1096528172492981
sorghum,GUY,-0.0
sorghum,HND,-0.333061620593071
sorghum,HRV,3.845539279282093
sorghum,HTI,-0.15970537066459656
sorghum,HUN,0.10069407895207405
sorghum,IDN,0.5411173105239868
sorghum,IND,-0.16281244158744812
sorghum,IRN,-0.0
sorghum,IRQ,7.5
sorghum,ISR,1.2419612407684326
sorghum,ITA,0.05086689069867134
sorghum,JOR,-0.052047599107027054
sorghum,KAZ,-0.014829181134700775
sorghum,KEN,-0.11297181621193886
sorghum,KGZ,3.9442265182733536
sorghum,KHM,3.6410523280501366
sorghum,KOR,-0.05839848704636097
sorghum,LAO,-0.22127722948789597
sorghum,LBN,0.039367642253637314
sorghum,LBR,-7.5
sorghum,LSO,-0.0008225656347349286
sorghum,LTU,-0.0
sorghum,LUX,7.5
sorghum,LVA,-0.0
sorghum,MAR,0.6635244488716125
sorghum,MDA,0.27174581587314606
sorghum,MDG,-0.33351941406726837
sorghum,MEX,-0.3218596875667572
sorghum,MKD,7.5
sorghum,MLI,-0.16930460929870605
sorghum,MMR,-0.30012090504169464
sorghum,MNE,-0.0
sorghum,MNG,7.5
sorghum,MOZ,-0.3527306318283081
sorghum,MRT,-0.3159390240907669
sorghum,MWI,-0.21366099268198013
sorghum,MYS,-0.0
sorghum,NAM,-0.3114696741104126
sorghum,NER,-0.036869991570711136
sorghum,NGA,-0.22373641282320023
sorghum,NIC,0.9358943998813629
sorghum,NPL,-0.16246667131781578
sorghum,OMN,-3.763058662414551
sorghum,PAK,-0.10342639312148094
sorghum,PAN,-0.0
sorghum,PER,3.847928650677204
sorghum,PNG,-0.0
sorghum,POL,-0.022270945832133293
sorghum,PRT,7.5
sorghum,PRY,0.2373707965016365
sorghum,PSE,-0.23693332076072693
sorghum,ROU,0.14575447142124176
sorghum,RUS,-0.263454794883728
sorghum,RWA,-0.27294257283210754
sorghum,SAU,0.3134586662054062
sorghum,SDN,-0.38088762760162354
sorghum,SEN,-0.3684893548488617
sorghum,SLE,-0.3111657351255417
sorghum,SLV,-0.36279675364494324
sorghum,SOM,-0.30703914165496826
sorghum,SRB,-0.022188104689121246
sorghum,SSD,-0.20449261367321014
sorghum,SUR,-0.0
sorghum,SVK,0.11949069797992706
sorghum,SVN,0.12536734715104103
sorghum,SWZ,-0.19749532639980316
sorghum,SYR,-0.38301795721054077
sorghum,TCD,-0.03392884507775307
sorghum,TGO,-0.2546154856681824
sorghum,THA,-0.22152771055698395
sorghum,TJK,2.592663526535034
sorghum,TKM,0.28406575322151184
sorghum,TUN,-0.19201651215553284
sorghum,TUR,7.5
sorghum,TWN,-0.28877270221710205
sorghum,TZA,-0.01991537120193243
sorghum,UGA,-0.26854339241981506
sorghum,UKR,0.028975755907595158
sorghum,URY,0.11160093173384666
sorghum,USA,-0.12488589435815811
sorghum,UZB,-0.638336718082428
sorghum,VEN,-0.05376943573355675
sorghum,VNM,-0.0
sorghum,YEM,-0.12805289030075073
sorghum,ZAF,0.02800821140408516
sorghum,ZMB,-0.1649244725704193
sorghum,ZWE,1.2239118218421936
soybean,AFG,7.5
soybean,AGO,7.5
soybean,ALB,-0.7792441844940186
soybean,ARG,-0.32831457257270813
soybean,ARM,7.5
soybean,AUS,0.13614698126912117
soybean,AUT,-0.5646423995494843
soybean,AZE,7.5
soybean,BDI,7.5
soybean,BEL,7.5
soybean,BEN,-0.5902937352657318
soybean,BFA,-0.5482216477394104
soybean,BGD,-0.2836396396160126
soybean,BGR,-0.040423860773444176
soybean,BIH,-0.1577719748020172
soybean,BLR,-0.007908655679784715
soybean,BLZ,-0.5820571780204773
soybean,BOL,-0.1844450831413269
soybean,BRA,-0.4496227502822876
soybean,BTN,-0.17332850396633148
soybean,BWA,7.5
soybean,CAF,7.5
soybean,CAN,-0.5835142731666565
soybean,CHE,-0.30507124960422516
soybean,CHN,7.5
soybean,CIV,7.5
soybean,CMR,-0.5222688019275665
soybean,COD,-0.7473899126052856
soybean,COG,3.396818697452545
soybean,COL,-0.26530683040618896
soybean,CRI,7.5
soybean,CUB,-0.25350628793239594
soybean,CZE,-0.5230985581874847
soybean,DEU,-0.37045109272003174
soybean,DNK,-0.0
soybean,DZA,-0.0
soybean,ECU,-0.08434612676501274
soybean,EGY,-0.9261103272438049
soybean,ERI,7.5
soybean,ESP,-0.7096909880638123
soybean,EST,-0.0
soybean,ETH,7.5
soybean,FRA,-0.3369292616844177
soybean,GAB,-0.6515430212020874
soybean,GEO,0.1754843145608902
soybean,GHA,7.5
soybean,GIN,3.4218780994415283
soybean,GNQ,7.5
soybean,GRC,3.6444500982761383
soybean,GTM,7.5
soybean,GUF,-0.0
soybean,GUY,3.5910774171352386
soybean,HND,7.5
soybean,HRV,-0.48528003692626953
soybean,HUN,-0.04101327061653137
soybean,IDN,3.527324214577675
soybean,IND,7.5
soybean,IRN,7.5
soybean,IRQ,-0.33146488666534424
soybean,ISR,0.008375920820981264
soybean,ITA,0.010509833693504333
soybean,JOR,-0.0
soybean,JPN,7.5
soybean,KAZ,0.001640268019400537
soybean,KEN,7.5
soybean,KGZ,7.5
soybean,KHM,3.9192831218242645
soybean,KOR,-0.3675486892461777
soybean,LAO,3.902438521385193
soybean,LBN,7.5
soybean,LBR,-0.7915660738945007
soybean,LKA,7.5
soybean,LSO,0.13919081166386604
soybean,LTU,-0.5199573636054993
soybean,LUX,-0.1802005097270012
soybean,LVA,-0.0
soybean,MAR,7.5
soybean,MDA,0.12201931700110435
soybean,MEX,7.5
soybean,MKD,0.29829268157482147
soybean,MLI,-0.8007645010948181
soybean,MMR,7.5
soybean,MNE,-0.21396705508232117
soybean,MNG,-0.5844093263149261
soybean,MOZ,-0.4902072846889496
soybean,MWI,-0.2514924257993698
soybean,MYS,7.5
soybean,NAM,7.5
soybean,NER,-0.752899169921875
soybean,NGA,-0.6049233675003052
soybean,NIC,3.1873130202293396
soybean,NLD,-1.3701482266187668
soybean,NPL,-0.4168446809053421
soybean,PAK,7.5
soybean,PAN,-0.7943608164787292
soybean,PER,-0.6557684242725372
soybean,PNG,7.5
soybean,POL,-0.3033180236816406
soybean,PRT,3.883320137858391
soybean,PRY,-0.21576805412769318
soybean,PSE,-0.8376598954200745
soybean,ROU,-0.1061917170882225
soybean,RUS,-0.27478861808776855
soybean,RWA,7.5
soybean,SDN,7.5
soybean,SEN,-0.0
soybean,SLE,-0.7309718728065491
soybean,SLV,-0.3984658122062683
soybean,SRB,-0.14029766619205475
soybean,SSD,7.5
soybean,SUR,-0.5972402393817902
soybean,SVK,-0.14767732471227646
soybean,SVN,-0.33335576951503754
soybean,SWZ,-0.4170498847961426
soybean,SYR,-0.6945299506187439
soybean,TCD,-0.5162267684936523
soybean,TGO,3.6976586170494556
soybean,THA,7.5
soybean,TJK,7.5
soybean,TKM,7.5
soybean,TLS,3.6776952147483826
soybean,TUR,-0.7232324481010437
soybean,TWN,-0.47656211256980896
soybean,TZA,7.5
soybean,UGA,7.5
soybean,UKR,-0.39717258512973785
soybean,URY,-0.26655541360378265
soybean,USA,-0.42186450958251953
soybean,UZB,-1.632996678352356
soybean,VEN,7.5
soybean,VNM,-0.6491821706295013
soybean,ZAF,-0.40975362062454224
soybean,ZMB,-0.5202081799507141
soybean,ZWE,0.03021205961704254
sugarbeet,AFG,-0.77008056640625
sugarbeet,ALB,-0.5701044201850891
sugarbeet,ARM,-1.1973725855350494
sugarbeet,AUT,-0.6980453133583069
sugarbeet,AZE,-0.13834538124501705
sugarbeet,BEL,0.4796934872865677
sugarbeet,BGR,-0.34417493268847466
sugarbeet,BIH,-3.207758367061615
sugarbeet,BLR,0.18639298528432846
sugarbeet,CAN,-0.4193011224269867
sugarbeet,CHE,-1.1270421147346497
sugarbeet,CHL,-2.127495765686035
sugarbeet,CHN,-1.435381531715393
sugarbeet,CZE,0.04963605152443051
sugarbeet,DEU,-0.05668118968605995
sugarbeet,DNK,0.06897398084402084
sugarbeet,DZA,7.5
sugarbeet,EGY,-0.8472037613391876
sugarbeet,ESP,4.100673317909241
sugarbeet,EST,-0.0
sugarbeet,FIN,-0.12441901862621307
sugarbeet,FRA,0.6927012205123901
sugarbeet,GBR,-0.4274775981903076
sugarbeet,GEO,-0.8538168668746948
sugarbeet,GRC,-0.40305717289447784
sugarbeet,HRV,-4.655639946460724
sugarbeet,HUN,-0.24954107031226158
sugarbeet,IND,-0.0
sugarbeet,IRL,-0.0
sugarbeet,IRN,-1.9291858673095703
sugarbeet,IRQ,-1.7373350858688354
sugarbeet,ISR,7.5
sugarbeet,ITA,0.35826579853892326
sugarbeet,JOR,-0.0
sugarbeet,JPN,-0.46127820014953613
sugarbeet,KAZ,0.02199871465563774
sugarbeet,KGZ,-0.7376172840595245
sugarbeet,LBN,-1.0783346593379974
sugarbeet,LTU,0.2699730694293976
sugarbeet,LUX,-7.5
sugarbeet,LVA,-0.26574765890836716
sugarbeet,MAR,-0.16065815463662148
sugarbeet,MDA,0.2392263412475586
sugarbeet,MEX,-1.1933422684669495
sugarbeet,MKD,-1.1711676120758057
sugarbeet,MMR,-0.0
sugarbeet,MNE,-0.76956707239151
sugarbeet,MNG,7.5
sugarbeet,NLD,-1.8984773755073547
sugarbeet,NOR,1.1058168411254883
sugarbeet,PAK,0.6586852073669434
sugarbeet,POL,-0.12837135791778564
sugarbeet,PRT,1.3879302144050598
sugarbeet,PSE,7.5
sugarbeet,ROU,-0.12000291794538498
sugarbeet,RUS,-0.8542571663856506
sugarbeet,SRB,-0.009298197692260146
sugarbeet,SVK,0.2675171494483948
sugarbeet,SVN,0.28825465589761734
sugarbeet,SWE,-0.36233849078416824
sugarbeet,SYR,7.5
sugarbeet,TJK,7.5
sugarbeet,TKM,-1.6840392351150513
sugarbeet,TUN,-1.0266362130641937
sugarbeet,TUR,-1.6919389963150024
sugarbeet,UKR,-0.6606619358062744
sugarbeet,USA,-1.4802458882331848
sugarbeet,UZB,-0.35939283668994904
sugarbeet,VNM,7.5
sugarcane,AFG,-2.2652454376220703
sugarcane,AGO,-2.313552737236023
sugarcane,ARE,-0.0
sugarcane,ARG,-3.1123528480529785
sugarcane,AUS,-3.836252212524414
sugarcane,BDI,-2.1892013549804688
sugarcane,BEN,-2.5230480432510376
sugarcane,BFA,-2.4621169567108154
sugarcane,BGD,-2.414549231529236
sugarcane,BHS,-2.3611927032470703
sugarcane,BLZ,-2.230028808116913
sugarcane,BOL,-4.810568332672119
sugarcane,BRA,-2.0588451623916626
sugarcane,BRB,-0.0
sugarcane,BRN,-0.0
sugarcane,BTN,-7.5
sugarcane,BWA,-2.4565269947052
sugarcane,CAF,-2.2925164699554443
sugarcane,CHL,-3.143429756164551
sugarcane,CHN,-7.5
sugarcane,CIV,-2.333573579788208
sugarcane,CMR,-2.084818124771118
sugarcane,COD,-2.3040746450424194
sugarcane,COG,-2.3103729486465454
sugarcane,COL,-2.8237404823303223
sugarcane,CPV,-2.362923741340637
sugarcane,CRI,-2.4877426624298096
sugarcane,CUB,-2.6627129316329956
sugarcane,DJI,-0.0
sugarcane,DOM,-3.645813822746277
sugarcane,DZA,2.459165573120117
sugarcane,ECU,-2.9891817569732666
sugarcane,EGY,-4.4047768115997314
sugarcane,ERI,-1.817027986049652
sugarcane,ETH,-4.705803394317627
sugarcane,FJI,-2.116629958152771
sugarcane,GAB,-2.4391825199127197
sugarcane,GHA,-2.3558889627456665
sugarcane,GIN,-2.3341686725616455
sugarcane,GMB,-0.0
sugarcane,GNB,-2.382075071334839
sugarcane,GNQ,7.5
sugarcane,GRD,-7.5
sugarcane,GTM,-3.121429681777954
sugarcane,GUF,7.5
sugarcane,GUY,-3.016549587249756
sugarcane,HND,-2.881976842880249
sugarcane,HTI,-2.598714828491211
sugarcane,IDN,-2.288481116294861
sugarcane,IND,-2.4316306114196777
sugarcane,IRN,-2.895881772041321
sugarcane,IRQ,-2.6996307373046875
sugarcane,ISR,-0.0
sugarcane,JAM,-1.8912630081176758
sugarcane,JPN,-7.069911241531372
sugarcane,KEN,-2.2589248418807983
sugarcane,KHM,-2.4543862342834473
sugarcane,LAO,-2.451200485229492
sugarcane,LBR,-2.3064329624176025
sugarcane,LKA,-1.4486255645751953
sugarcane,LSO,-2.3151257038116455
sugarcane,MAR,-3.0991857051849365
sugarcane,MDG,-2.4936270713806152
sugarcane,MEX,-2.8452616930007935
sugarcane,MLI,-2.3939990997314453
sugarcane,MMR,-2.564247965812683
sugarcane,MOZ,-2.615736722946167
sugarcane,MRT,-2.201770544052124
sugarcane,MUS,-3.057936906814575
sugarcane,MWI,-2.678200840950012
sugarcane,MYS,-3.5938419103622437
sugarcane,NAM,-5.453940391540527
sugarcane,NER,-7.355481147766113
sugarcane,NGA,-2.388885021209717
sugarcane,NIC,-1.6682307124137878
sugarcane,NPL,-2.2104151248931885
sugarcane,OMN,-2.9865154027938843
sugarcane,PAK,-2.809230327606201
sugarcane,PAN,-3.0166852474212646
sugarcane,PER,-3.6058411598205566
sugarcane,PHL,-2.5261118412017822
sugarcane,PNG,-2.4748659133911133
sugarcane,PRY,-2.1160106658935547
sugarcane,PSE,-0.0
sugarcane,RWA,-4.055454969406128
sugarcane,SDN,-2.2292940616607666
sugarcane,SEN,-1.8978431820869446
sugarcane,SLE,-4.895990490913391
sugarcane,SLV,-3.115590810775757
sugarcane,SOM,-2.4020588397979736
sugarcane,SSD,-2.0610843896865845
sugarcane,SUR,-2.7353737354278564
sugarcane,SWZ,-2.5513243675231934
sugarcane,TCD,-2.137085437774658
sugarcane,TGO,7.5
sugarcane,THA,-1.6282637119293213
sugarcane,TKM,2.7124279737472534
sugarcane,TLS,-2.559863328933716
sugarcane,TWN,-2.2545398473739624
sugarcane,TZA,-2.1966540813446045
sugarcane,UGA,-2.266401529312134
sugarcane,URY,-2.9715795516967773
sugarcane,USA,-3.419501781463623
sugarcane,VEN,-2.7894625663757324
sugarcane,VNM,-2.4495320320129395
sugarcane,ZAF,-2.747866988182068
sugarcane,ZMB,-2.6579219102859497
sugarcane,ZWE,-7.5
sunflower,AFG,-0.3657761514186859
sunflower,AGO,-0.5699635148048401
sunflower,ALB,-1.2664299607276917
sunflower,ARG,-0.2516876980662346
sunflower,ARM,0.27163833379745483
sunflower,AUS,0.07327740453183651
sunflower,AUT,-0.22474021092057228
sunflower,AZE,-0.6249544322490692
sunflower,BDI,-0.42994508147239685
sunflower,BEL,0.12067542225122452
sunflower,BGD,3.5260805934667587
sunflower,BGR,-0.010214851063210517
sunflower,BIH,0.028948670253157616
sunflower,BLR,-0.4158054441213608
sunflower,BOL,0.10258381441235542
sunflower,BRA,0.03353664092719555
sunflower,BTN,7.5
sunflower,BWA,-0.619235098361969
sunflower,CAF,7.5
sunflower,CAN,-0.21882737427949905
sunflower,CHE,-1.0220001637935638
sunflower,CHL,-0.4114760011434555
sunflower,CHN,-1.1939128041267395
sunflower,COD,-0.1530071496963501
sunflower,COG,3.4389134347438812
sunflower,COL,7.5
sunflower,CZE,-0.0016287413891404867
sunflower,DEU,0.08798587694764137
sunflower,DNK,-0.0
sunflower,DZA,7.5
sunflower,ECU,-0.26714543998241425
sunflower,EGY,-0.025728000327944756
sunflower,ERI,-0.0
sunflower,ESP,0.0072196535766124725
sunflower,EST,3.6728065833449364
sunflower,ETH,-0.1461174488067627
sunflower,FIN,-0.0
sunflower,FRA,-0.12582872807979584
sunflower,GEO,-0.11257542669773102
sunflower,GRC,-0.40529023110866547
sunflower,GUF,-0.0
sunflower,GUY,-0.0
sunflower,HRV,-3.9472599625587463
sunflower,HUN,0.1010141372680664
sunflower,IND,-0.40877336263656616
sunflower,IRN,-0.6654900312423706
sunflower,IRQ,-0.2741120457649231
sunflower,ISR,-3.4303596019744873
sunflower,ITA,-0.05183061212301254
sunflower,JOR,7.5
sunflower,KAZ,0.02423612494021654
sunflower,KEN,0.0011090920306742191
sunflower,KGZ,-0.3461768329143524
sunflower,KHM,3.519763872027397
sunflower,LAO,3.5244672000408173
sunflower,LBN,7.5
sunflower,LSO,0.09876048052683473
sunflower,LTU,-0.2556936740875244
sunflower,LUX,-0.2238725908100605
sunflower,LVA,3.7075330168008804
sunflower,MAR,-0.8915395438671112
sunflower,MDA,0.3265621066093445
sunflower,MEX,0.0615747906267643
sunflower,MKD,-0.045314351096749306
sunflower,MMR,-0.4547593593597412
sunflower,MNE,3.801871679723263
sunflower,MNG,-0.17399530112743378
sunflower,MOZ,0.1591082066297531
sunflower,MWI,3.559830456972122
sunflower,MYS,-0.0
sunflower,NAM,7.5
sunflower,NLD,-1.3144213408231735
sunflower,NPL,3.5220689326524734
sunflower,PAK,-0.3382045030593872
sunflower,PER,-0.0
sunflower,POL,-0.027068275958299637
sunflower,PRT,-0.05722614377737045
sunflower,PRY,-0.2898368537425995
sunflower,PSE,0.12614474445581436
sunflower,ROU,0.09025955200195312
sunflower,RUS,0.17549251019954681
sunflower,RWA,-0.5162255465984344
sunflower,SDN,-0.569096565246582
sunflower,SOM,-0.0
sunflower,SRB,0.6031956672668457
sunflower,SSD,-0.27475135028362274
sunflower,SUR,-0.0
sunflower,SVK,-0.062123147770762444
sunflower,SVN,0.29359622299671173
sunflower,SWZ,-0.2746365964412689
sunflower,SYR,-0.569506049156189
sunflower,TCD,-0.5492743253707886
sunflower,THA,-0.13712206482887268
sunflower,TJK,-0.30972158908843994
sunflower,TKM,-0.13491585478186607
sunflower,TUN,-0.42251837253570557
sunflower,TUR,-0.6997610330581665
sunflower,TZA,0.08365420252084732
sunflower,UGA,-0.46406060457229614
sunflower,UKR,-0.17648330330848694
sunflower,URY,-0.18854861706495285
sunflower,USA,0.05729582905769348
sunflower,UZB,-0.6446757912635803
sunflower,VEN,-0.49487802386283875
sunflower,VNM,-0.0
sunflower,ZAF,-0.17330177128314972
sunflower,ZMB,-0.5999118685722351
sunflower,ZWE,-0.024700583890080452
sweet-potato,AFG,-2.8592931032180786
sweet-potato,AGO,-3.6417534351348877
sweet-potato,ALB,-2.861222982406616
sweet-potato,ARE,-3.4135401248931885
sweet-potato,ARG,-4.514432430267334
sweet-potato,ARM,-2.6962080001831055
sweet-potato,ATG,-4.3884735107421875
sweet-potato,AUS,-7.5
sweet-potato,AUT,-2.664392828941345
sweet-potato,AZE,-3.1066545248031616
sweet-potato,BDI,-1.174828052520752
sweet-potato,BEL,-1.5319644808769226
sweet-potato,BEN,-1.839702546596527
sweet-potato,BFA,-3.6839035749435425
sweet-potato,BGD,-0.39162759482860565
sweet-potato,BGR,-2.803788661956787
sweet-potato,BHS,-3.845152735710144
sweet-potato,BIH,2.156438708305359
sweet-potato,BLR,-5.195463418960571
sweet-potato,BLZ,1.968723177909851
sweet-potato,BOL,-0.8100147247314453
sweet-potato,BRA,-2.8131603002548218
sweet-potato,BRB,-7.5
sweet-potato,BRN,-7.5
sweet-potato,BTN,7.5
sweet-potato,BWA,7.5
sweet-potato,CAF,-3.877744674682617
sweet-potato,CAN,-3.1436808109283447
sweet-potato,CHE,-7.5
sweet-potato,CHL,-7.5
sweet-potato,CHN,-7.5
sweet-potato,CIV,-0.5100255608558655
sweet-potato,CMR,-3.444828510284424
sweet-potato,COD,-3.6806459426879883
sweet-potato,COG,-3.500000476837158
sweet-potato,COL,-3.2488794326782227
sweet-potato,COM,-3.772521495819092
sweet-potato,CPV,-7.5
sweet-potato,CRI,3.0888071060180664
sweet-potato,CUB,-3.4409947395324707
sweet-potato,CYP,-4.91208016872406
sweet-potato,CZE,-2.495078444480896
sweet-potato,DEU,-1.6179407238960266
sweet-potato,DNK,-1.8904846906661987
sweet-potato,DOM,-2.814147114753723
sweet-potato,DZA,-2.635347843170166
sweet-potato,ECU,0.14978709816932678
sweet-potato,EGY,-2.9377115964889526
sweet-potato,ERI,-3.8915058374404907
sweet-potato,ESP,-7.5
sweet-potato,EST,-2.312751293182373
sweet-potato,ETH,-3.2397449016571045
sweet-potato,FIN,-2.488355040550232
sweet-potato,FJI,-5.398824691772461
sweet-potato,FRA,-1.6982235312461853
sweet-potato,GAB,-3.854447603225708
sweet-potato,GBR,-2.2834441661834717
sweet-potato,GEO,-3.2424672842025757
sweet-potato,GHA,-0.5745272040367126
sweet-potato,GIN,0.1391129158437252
sweet-potato,GMB,-2.851758122444153
sweet-potato,GNB,-3.6638550758361816
sweet-potato,GNQ,-3.7277969121932983
sweet-potato,GRC,-2.8741971254348755
sweet-potato,GRD,-7.5
sweet-potato,GTM,-3.4482309818267822
sweet-potato,GUF,-3.2600730657577515
sweet-potato,GUY,7.5
sweet-potato,HND,-2.1432236433029175
sweet-potato,HRV,-5.468612432479858
sweet-potato,HTI,-3.5461071729660034
sweet-potato,HUN,-2.881573438644409
sweet-potato,IDN,-3.440139412879944
sweet-potato,IND,-1.9679744243621826
sweet-potato,IRL,-1.851887583732605
sweet-potato,IRN,-2.7299909591674805
sweet-potato,IRQ,-2.4406492710113525
sweet-potato,ISR,-7.5
sweet-potato,ITA,-2.9261608123779297
sweet-potato,JAM,-7.5
sweet-potato,JOR,-2.0656513571739197
sweet-potato,JPN,-7.5
sweet-potato,KAZ,-2.8926844596862793
sweet-potato,KEN,-3.0951521396636963
sweet-potato,KGZ,-3.2214444875717163
sweet-potato,KHM,-3.3429994583129883
sweet-potato,KOR,-2.5179160833358765
sweet-potato,LAO,-2.7130247354507446
sweet-potato,LBN,-2.342763066291809
sweet-potato,LBR,-3.4161386489868164
sweet-potato,LBY,-3.666661500930786
sweet-potato,LKA,-1.7821197509765625
sweet-potato,LSO,-3.126327157020569
sweet-potato,LTU,-3.060307025909424
sweet-potato,LUX,-7.5
sweet-potato,LVA,-5.4211132526397705
sweet-potato,MAR,-2.9757816791534424
sweet-potato,MDA,-3.2331799268722534
sweet-potato,MDG,-3.681182026863098
sweet-potato,MEX,-4.218438148498535
sweet-potato,MKD,-2.8981900215148926
sweet-potato,MLI,-2.811856746673584
sweet-potato,MLT,-7.5
sweet-potato,MMR,-2.895134210586548
sweet-potato,MNE,-7.5
sweet-potato,MNG,-7.5
sweet-potato,MOZ,-1.9810421466827393
sweet-potato,MRT,-3.607404351234436
sweet-potato,MUS,-6.85847806930542
sweet-potato,MWI,1.342527151107788
sweet-potato,MYS,-5.118698596954346
sweet-potato,NAM,-3.2961959838867188
sweet-potato,NER,-4.287156820297241
sweet-potato,NGA,-3.7905566692352295
sweet-potato,NIC,-3.148064374923706
sweet-potato,NLD,-2.916405200958252
sweet-potato,NOR,-2.919392228126526
sweet-potato,NPL,-3.006547212600708
sweet-potato,NZL,-7.5
sweet-potato,OMN,-4.752001166343689
sweet-potato,PAK,3.166837513446808
sweet-potato,PAN,7.5
sweet-potato,PER,-2.7275630235671997
sweet-potato,PHL,-1.5595716834068298
sweet-potato,PNG,-3.470028042793274
sweet-potato,POL,-2.26001238822937
sweet-potato,PRI,-7.451664447784424
sweet-potato,PRT,-7.5
sweet-potato,PRY,-1.6803398132324219
sweet-potato,PSE,-4.9825133085250854
sweet-potato,ROU,-2.908413887023926
sweet-potato,RUS,-3.3531006574630737
sweet-potato,RWA,-1.0013002753257751
sweet-potato,SAU,-3.0023707151412964
sweet-potato,SDN,-3.214637517929077
sweet-potato,SEN,-7.5
sweet-potato,SLB,-2.6889103651046753
sweet-potato,SLE,-2.7049351930618286
sweet-potato,SLV,2.2300734519958496
sweet-potato,SOM,-3.380217432975769
sweet-potato,SRB,-7.5
sweet-potato,SSD,7.5
sweet-potato,SUR,-7.5
sweet-potato,SVK,-7.5
sweet-potato,SVN,-2.4888110160827637
sweet-potato,SWE,-7.5
sweet-potato,SWZ,-3.818897247314453
sweet-potato,SYR,-7.5
sweet-potato,TCD,-1.259087085723877
sweet-potato,TGO,-0.7395068407058716
sweet-potato,THA,-2.5605616569519043
sweet-potato,TJK,-3.587028980255127
sweet-potato,TKM,-2.8928656578063965
sweet-potato,TLS,-1.3313055038452148
sweet-potato,TTO,-4.882098913192749
sweet-potato,TUN,-3.656817317008972
sweet-potato,TUR,-2.417024850845337
sweet-potato,TWN,-2.3635025024414062
sweet-potato,TZA,-0.4276534914970398
sweet-potato,UGA,-3.661233901977539
sweet-potato,UKR,-3.1797611713409424
sweet-potato,URY,-4.582284450531006
sweet-potato,USA,-7.5
sweet-potato,UZB,-4.280842304229736
sweet-potato,VEN,-3.061091184616089
sweet-potato,VNM,-3.1847833395004272
sweet-potato,YEM,7.5
sweet-potato,ZAF,0.12368225306272507
sweet-potato,ZMB,-0.6565648019313812
sweet-potato,ZWE,-1.532208800315857
tea,AGO,3.75
tea,ALB,-7.5
tea,ARG,0.270395427942276
tea,AZE,-7.5
tea,BDI,1.964750349521637
tea,BGD,3.0308255553245544
tea,BLZ,2.5561903715133667
tea,BOL,0.8864125907421112
tea,BRA,0.614834189414978
tea,BRN,-0.0
tea,BTN,6.001934289932251
tea,CAF,-0.0
tea,CHL,-0.0
tea,CHN,-7.5
tea,CMR,4.873009443283081
tea,COD,-2.9549951553344727
tea,COG,2.386905550956726
tea,COL,7.5
tea,ECU,7.5
tea,ETH,4.251515865325928
tea,GAB,1.8255444765090942
tea,GEO,-7.5
tea,GNQ,7.5
tea,GRC,2.377534031867981
tea,GTM,-2.7296838760375977
tea,GUF,-0.0
tea,GUY,-0.0
tea,HND,-2.1743509769439697
tea,HRV,-0.0
tea,IDN,1.5557997822761536
tea,IND,6.644970893859863
tea,IRN,-2.2683154344558716
tea,JPN,-7.5
tea,KEN,-7.5
tea,KHM,0.33756640553474426
tea,KOR,4.480421543121338
tea,LAO,-0.11091840267181396
tea,LKA,0.5966199934482574
tea,MDG,-2.742929697036743
tea,MEX,-2.4574010372161865
tea,MMR,2.778892397880554
tea,MNE,-4.853468060493469
tea,MOZ,-2.2786478996276855
tea,MUS,-0.4213205575942993
tea,MWI,6.289512395858765
tea,MYS,0.7923360466957092
tea,NGA,-0.0
tea,NPL,4.916790246963501
tea,PAN,-0.0
tea,PER,0.4019419252872467
tea,PNG,2.616279721260071
tea,PRY,0.8327214121818542
tea,RUS,-4.9806013107299805
tea,RWA,2.1417197585105896
tea,SLV,-1.3404750227928162
tea,SSD,-7.5
tea,SUR,-0.0
tea,SWZ,-0.0
tea,THA,-1.35560142993927
tea,TLS,3.2100496888160706
tea,TUR,-4.966278076171875
tea,TWN,-0.24971144646406174
tea,TZA,1.4628287553787231
tea,UGA,3.2736220359802246
tea,URY,5.387438654899597
tea,VEN,-0.0
tea,VNM,3.7104018926620483
tea,ZAF,-1.4775956273078918
tea,ZMB,-2.3704737424850464
tea,ZWE,1.409708023071289
tomato,AFG,-7.5
tomato,AGO,-7.5
tomato,ALB,-7.5
tomato,ARE,-4.860173463821411
tomato,ARG,-7.5
tomato,ARM,-2.253912329673767
tomato,ATG,7.5
tomato,AUS,-7.5
tomato,AUT,-7.5
tomato,AZE,-7.5
tomato,BDI,-7.5
tomato,BEL,0.0
tomato,BEN,-1.8412835001945496
tomato,BFA,-7.5
tomato,BGD,-0.27661777287721634
tomato,BGR,-7.5
tomato,BHS,-2.751821994781494
tomato,BIH,-3.6366047859191895
tomato,BLR,-7.5
tomato,BLZ,-5.473686933517456
tomato,BOL,-0.6688019633293152
tomato,BRA,-7.5
tomato,BRB,-7.5
tomato,BRN,-7.5
tomato,BTN,-0.050991952419281006
tomato,BWA,-7.5
tomato,CAF,7.5
tomato,CAN,-0.7493691742420197
tomato,CHE,-7.5
tomato,CHL,-7.5
tomato,CHN,-7.5
tomato,CIV,-3.873357057571411
tomato,CMR,-7.5
tomato,COD,-7.5
tomato,COG,-7.5
tomato,COL,7.5
tomato,COM,-7.5
tomato,CPV,-7.5
tomato,CRI,-7.5
tomato,CUB,-7.5
tomato,CYP,-7.5
tomato,CZE,-7.5
tomato,DEU,-7.5
tomato,DJI,-7.5
tomato,DNK,0.0
tomato,DOM,0.3114781379699707
tomato,DZA,-7.5
tomato,ECU,-7.5
tomato,EGY,-0.8980412781238556
tomato,ERI,7.5
tomato,ESP,4.374993562698364
tomato,EST,7.5
tomato,ETH,-1.189071774482727
tomato,FIN,7.5
tomato,FJI,-7.353862285614014
tomato,FRA,-7.5
tomato,GAB,0.0
tomato,GBR,0.0
tomato,GEO,-2.2007681131362915
tomato,GHA,-4.961730241775513
tomato,GIN,-7.5
tomato,GMB,-7.5
tomato,GNB,-0.0
tomato,GNQ,7.5
tomato,GRC,-7.5
tomato,GRD,-7.5
tomato,GTM,-7.5
tomato,GUF,-0.0
tomato,GUY,-7.5
tomato,HND,-7.5
tomato,HRV,-7.5
tomato,HTI,-7.5
tomato,HUN,-7.5
tomato,IDN,-5.274540185928345
tomato,IND,-7.5
tomato,IRN,-0.0
tomato,IRQ,-0.8520585298538208
tomato,ISR,-7.5
tomato,ITA,-7.5
tomato,JAM,-7.5
tomato,JOR,3.7798770666122437
tomato,JPN,-7.5
tomato,KAZ,-7.5
tomato,KEN,-4.62788724899292
tomato,KGZ,-6.882771730422974
tomato,KHM,7.5
tomato,KOR,-5.747898459434509
tomato,LAO,-7.5
tomato,LBN,-7.5
tomato,LBR,-7.5
tomato,LBY,-7.5
tomato,LKA,-3.414439558982849
tomato,LSO,-5.598360061645508
tomato,LTU,-7.5
tomato,LUX,7.5
tomato,LVA,-7.2263147830963135
tomato,MAR,-2.5379087924957275
tomato,MDA,1.6722263097763062
tomato,MDG,-7.5
tomato,MEX,-7.5
tomato,MKD,-5.49028468132019
tomato,MLI,-6.87453031539917
tomato,MLT,-7.5
tomato,MMR,-7.5
tomato,MNE,-7.5
tomato,MNG,-7.5
tomato,MOZ,-7.5
tomato,MUS,-7.5
tomato,MWI,-5.451979637145996
tomato,MYS,0.0
tomato,NAM,-7.5
tomato,NER,-3.1350650787353516
tomato,NGA,-7.5
tomato,NIC,-7.5
tomato,NLD,0.0
tomato,NOR,7.5
tomato,NPL,-7.5
tomato,NZL,-4.96055805683136
tomato,OMN,-7.5
tomato,PAK,-1.1162047386169434
tomato,PAN,-7.5
tomato,PER,-1.2732529640197754
tomato,PHL,-2.20299232006073
tomato,PNG,-7.5
tomato,POL,-7.5
tomato,PRI,-7.5
tomato,PRT,-7.5
tomato,PRY,-7.5
tomato,PSE,-7.5
tomato,ROU,-7.5
tomato,RUS,-7.5
tomato,RWA,-3.10497784614563
tomato,SAU,-7.5
tomato,SDN,-7.5
tomato,SEN,-4.949748516082764
tomato,SLE,-7.5
tomato,SLV,-7.5
tomato,SOM,-7.5
tomato,SRB,-2.9223747849464417
tomato,SSD,7.5
tomato,SUR,-7.5
tomato,SVK,-7.5
tomato,SVN,-7.5
tomato,SWE,7.5
tomato,SWZ,-7.5
tomato,SYR,-7.5
tomato,TCD,-7.5
tomato,TGO,-1.2918508052825928
tomato,THA,-4.726332187652588
tomato,TJK,-7.5
tomato,TKM,-7.5
tomato,TLS,-2.127129375934601
tomato,TTO,-7.5
tomato,TUN,4.068817615509033
tomato,TUR,-5.239320516586304
tomato,TWN,-7.5
tomato,TZA,-0.7418316006660461
tomato,UGA,-7.5
tomato,UKR,6.799922466278076
tomato,URY,-7.5
tomato,USA,-7.5
tomato,UZB,-7.5
tomato,VEN,-7.5
tomato,VNM,-7.5
tomato,YEM,-5.1589274406433105
tomato,ZAF,-7.5
tomato,ZMB,-2.5980530977249146
tomato,ZWE,-4.171358108520508
watermelon,AFG,-2.885040044784546
watermelon,AGO,-0.0
watermelon,ALB,2.2762529850006104
watermelon,ARG,4.368570327758789
watermelon,ATG,-4.551028728485107
watermelon,AUS,-7.5
watermelon,AZE,5.400380611419678
watermelon,BDI,-0.0
watermelon,BEN,-0.0
watermelon,BFA,-0.0
watermelon,BGD,-0.0
watermelon,BGR,-0.0
watermelon,BHS,-0.0
watermelon,BIH,-1.8013328909873962
watermelon,BLZ,-4.725718259811401
watermelon,BOL,0.7597621977329254
watermelon,BRA,3.0818402767181396
watermelon,BRB,-0.0
watermelon,BTN,-0.0
watermelon,BWA,-0.9965312480926514
watermelon,CAF,-0.0
watermelon,CHL,-1.1424075365066528
watermelon,CHN,-7.014424800872803
watermelon,CIV,-0.0
watermelon,CMR,-4.771838426589966
watermelon,COD,-0.0
watermelon,COG,-0.0
watermelon,COL,2.6372733116149902
watermelon,COM,-0.0
watermelon,CPV,-7.5
watermelon,CRI,0.24284658581018448
watermelon,CUB,-2.2606334686279297
watermelon,CYP,-3.9812979698181152
watermelon,DOM,-7.5
watermelon,DZA,-0.0
watermelon,ECU,-2.0364142060279846
watermelon,EGY,-2.763059616088867
watermelon,ERI,-0.0
watermelon,ESP,-7.5
watermelon,ETH,-0.0
watermelon,FJI,-7.5
watermelon,FRA,0.4419277757406235
watermelon,GAB,-0.0
watermelon,GEO,-1.0343060791492462
watermelon,GHA,-0.0
watermelon,GIN,-5.173029899597168
watermelon,GMB,-0.0
watermelon,GNB,-0.0
watermelon,GRC,-0.7887977957725525
watermelon,GTM,1.7465970665216446
watermelon,GUF,-0.0
watermelon,GUY,-7.5
watermelon,HND,-7.5
watermelon,HRV,-2.9437997341156006
watermelon,HTI,-0.0
watermelon,IDN,1.3454188108444214
watermelon,IND,-1.4829918146133423
watermelon,IRN,4.68064022064209
watermelon,IRQ,-0.22932356595993042
watermelon,ISR,-0.593697264790535
watermelon,ITA,1.792061984539032
watermelon,JAM,-7.5
watermelon,JOR,-4.002985119819641
watermelon,JPN,-7.5
watermelon,KEN,1.5107991695404053
watermelon,KGZ,-3.102252244949341
watermelon,KHM,-0.0
watermelon,LAO,-2.4732611179351807
watermelon,LBN,-7.5
watermelon,LBR,-0.0
watermelon,LBY,1.958581268787384
watermelon,LKA,-0.0
watermelon,LSO,-0.0
watermelon,MAR,-1.3925222754478455
watermelon,MDG,-0.0
watermelon,MEX,-0.18418670445680618
watermelon,MKD,4.482314586639404
watermelon,MLI,3.053044557571411
watermelon,MLT,-7.5
watermelon,MMR,-0.0
watermelon,MNE,-0.15365952253341675
watermelon,MOZ,-0.0
watermelon,MRT,-2.99479341506958
watermelon,MUS,-0.0
watermelon,MWI,-0.3475711941719055
watermelon,MYS,3.0263384580612183
watermelon,NAM,-3.3651777505874634
watermelon,NER,-7.5
watermelon,NGA,-0.0
watermelon,NIC,-0.0
watermelon,NPL,-0.0
watermelon,OMN,7.5
watermelon,PAK,0.4416963458061218
watermelon,PER,6.956681728363037
watermelon,PHL,0.3262975886464119
watermelon,PNG,-0.0
watermelon,PRI,-4.684384703636169
watermelon,PRT,-5.778487682342529
watermelon,PRY,2.994389057159424
watermelon,PSE,-7.5
watermelon,RUS,-1.4726665019989014
watermelon,RWA,-0.0
watermelon,SAU,-1.0466623306274414
watermelon,SDN,-0.9159730672836304
watermelon,SEN,2.704215884208679
watermelon,SLE,-0.0
watermelon,SLV,4.295538425445557
watermelon,SOM,-2.669523239135742
watermelon,SSD,-0.0
watermelon,SUR,-6.231531858444214
watermelon,SVN,-1.956775426864624
watermelon,SWZ,-0.0
watermelon,SYR,0.7328349947929382
watermelon,TCD,-0.0
watermelon,TGO,-0.0
watermelon,THA,-5.476420164108276
watermelon,TJK,-2.599287986755371
watermelon,TKM,0.8798335790634155
watermelon,TLS,-0.0
watermelon,TTO,-0.30585937201976776
watermelon,TUN,-4.948657035827637
watermelon,TUR,1.4917499423027039
watermelon,TZA,-4.563465595245361
watermelon,UGA,-0.0
watermelon,UKR,-0.0
watermelon,URY,1.7179287672042847
watermelon,USA,-0.06082272529602051
watermelon,UZB,1.9238543510437012
watermelon,VEN,0.33976851403713226
watermelon,VNM,-0.059468984603881836
watermelon,VUT,-0.0
watermelon,YEM,1.9979224801063538
watermelon,ZAF,7.067273139953613
watermelon,ZMB,-0.0
watermelon,ZWE,6.919876575469971
wetland-rice,AFG,7.5
wetland-rice,AGO,-1.4698262810707092
wetland-rice,ALB,-0.0
wetland-rice,ARG,-1.0183448791503906
wetland-rice,ARM,-0.0
wetland-rice,AUS,7.5
wetland-rice,AZE,-2.765991449356079
wetland-rice,BDI,-0.32302990555763245
wetland-rice,BEN,-1.5114076733589172
wetland-rice,BFA,-1.0866819620132446
wetland-rice,BGD,3.5392905920743942
wetland-rice,BGR,-1.3840116262435913
wetland-rice,BLZ,-1.6178242564201355
wetland-rice,BOL,-0.443367600440979
wetland-rice,BRA,-0.7579817473888397
wetland-rice,BRN,-1.3788855075836182
wetland-rice,BTN,-1.2872119545936584
wetland-rice,BWA,-0.0
wetland-rice,CAF,-1.4533643126487732
wetland-rice,CAN,-0.0
wetland-rice,CHE,-0.0
wetland-rice,CHL,7.5
wetland-rice,CHN,-1.4202746748924255
wetland-rice,CIV,-0.05165983736515045
wetland-rice,CMR,-1.3238876461982727
wetland-rice,COD,-1.5817009210586548
wetland-rice,COG,-1.5914748311042786
wetland-rice,COL,-1.1881424188613892
wetland-rice,COM,-1.6395774483680725
wetland-rice,CRI,3.1134837865829468
wetland-rice,CUB,-1.151794970035553
wetland-rice,DOM,3.1108304858207703
wetland-rice,DZA,-1.4110229015350342
wetland-rice,ECU,3.600380554795265
wetland-rice,EGY,7.5
wetland-rice,ERI,3.163797676563263
wetland-rice,ESP,-1.2262578010559082
wetland-rice,ETH,-0.8538922071456909
wetland-rice,FJI,-0.6696475446224213
wetland-rice,FRA,-0.8264509439468384
wetland-rice,GAB,-1.3243473172187805
wetland-rice,GEO,-1.2650516629219055
wetland-rice,GHA,-0.23872659355401993
wetland-rice,GIN,-0.5540821850299835
wetland-rice,GMB,-0.3543822169303894
wetland-rice,GNB,-1.3647998571395874
wetland-rice,GNQ,-1.465293049812317
wetland-rice,GRC,-1.2287150621414185
wetland-rice,GTM,3.158972144126892
wetland-rice,GUF,-1.090417742729187
wetland-rice,GUY,-1.0557271242141724
wetland-rice,HND,-1.369636356830597
wetland-rice,HRV,-0.0
wetland-rice,HTI,-1.4057822227478027
wetland-rice,HUN,-0.18253113329410553
wetland-rice,IDN,3.072532057762146
wetland-rice,IND,7.5
wetland-rice,IRN,2.129680037498474
wetland-rice,IRQ,-2.0197324752807617
wetland-rice,ISR,0.7002114057540894
wetland-rice,ITA,-2.1756057739257812
wetland-rice,JPN,-3.4855135679244995
wetland-rice,KAZ,-0.2327813282608986
wetland-rice,KEN,-1.4301249980926514
wetland-rice,KGZ,-2.9660269021987915
wetland-rice,KHM,-1.2446324229240417
wetland-rice,KOR,-6.151648283004761
wetland-rice,LAO,-1.1388179063796997
wetland-rice,LBR,-1.4992215633392334
wetland-rice,LBY,-0.0
wetland-rice,LKA,3.57347372174263
wetland-rice,LSO,-0.0
wetland-rice,MAR,7.5
wetland-rice,MDA,3.3044469356536865
wetland-rice,MDG,-0.3890160918235779
wetland-rice,MEX,-0.6492854952812195
wetland-rice,MKD,-1.210501492023468
wetland-rice,MLI,-0.39893290400505066
wetland-rice,MMR,3.137417197227478
wetland-rice,MOZ,-0.3771342635154724
wetland-rice,MRT,-0.8743340373039246
wetland-rice,MUS,7.5
wetland-rice,MWI,-1.0103150010108948
wetland-rice,MYS,3.500891789793968
wetland-rice,NAM,7.5
wetland-rice,NER,-1.2768110036849976
wetland-rice,NGA,-0.22063332796096802
wetland-rice,NIC,0.928270161151886
wetland-rice,NPL,-0.2567865550518036
wetland-rice,PAK,7.5
wetland-rice,PAN,-0.8883126378059387
wetland-rice,PER,-0.3394404351711273
wetland-rice,PHL,7.5
wetland-rice,PNG,-1.4406676888465881
wetland-rice,PRI,-2.48147189617157
wetland-rice,PRT,-0.9760512709617615
wetland-rice,PRY,-0.12884849309921265
wetland-rice,PSE,-0.7868751883506775
wetland-rice,ROU,-1.271677017211914
wetland-rice,RUS,-1.0455850958824158
wetland-rice,RWA,-1.7604963779449463
wetland-rice,SAU,-1.699612021446228
wetland-rice,SDN,-1.0386160016059875
wetland-rice,SEN,7.5
wetland-rice,SLB,3.0389185547828674
wetland-rice,SLE,-0.26373063027858734
wetland-rice,SLV,2.9505284428596497
wetland-rice,SOM,-1.2401707172393799
wetland-rice,SRB,-0.8645610511302948
wetland-rice,SSD,-1.434006929397583
wetland-rice,SUR,-0.05854844115674496
wetland-rice,SVK,-0.0
wetland-rice,SVN,-0.0
wetland-rice,SWZ,7.5
wetland-rice,SYR,-0.7456375956535339
wetland-rice,TCD,-0.7695987522602081
wetland-rice,TGO,-0.1600687988102436
wetland-rice,THA,7.5
wetland-rice,TJK,-3.3887534141540527
wetland-rice,TKM,-0.9997702538967133
wetland-rice,TLS,-1.8328015804290771
wetland-rice,TTO,-0.15991588681936264
wetland-rice,TUN,-0.0
wetland-rice,TUR,-2.8259470462799072
wetland-rice,TWN,7.5
wetland-rice,TZA,7.5
wetland-rice,UGA,-1.4310835599899292
wetland-rice,UKR,-1.6487366557121277
wetland-rice,URY,-0.4218872934579849
wetland-rice,USA,-1.2420862913131714
wetland-rice,UZB,-4.659075736999512
wetland-rice,VEN,-1.0143765211105347
wetland-rice,VNM,-0.8152130246162415
wetland-rice,YEM,-0.0
wetland-rice,ZAF,7.5
wetland-rice,ZMB,-1.0915655493736267
wetland-rice,ZWE,1.8393043279647827
wheat,AFG,-0.5603488683700562
wheat,AGO,-0.6975418329238892
wheat,ALB,-0.6234457194805145
wheat,ARE,3.5726430416107178
wheat,ARG,-0.4553059935569763
wheat,ARM,-0.17384925484657288
wheat,AUS,-0.176827110350132
wheat,AUT,-0.49755555391311646
wheat,AZE,-0.1931435391306877
wheat,BDI,7.5
wheat,BEL,-0.0012665372341871262
wheat,BGD,3.5805959701538086
wheat,BGR,-0.18959647417068481
wheat,BIH,-2.3811838179826736
wheat,BLR,-1.4270535483956337
wheat,BOL,-0.22748811542987823
wheat,BRA,-0.12375983223319054
wheat,BTN,0.7694888412952423
wheat,BWA,-7.5
wheat,CAN,-0.39121106266975403
wheat,CHE,-1.5078433752059937
wheat,CHL,-0.5938161611557007
wheat,CHN,-1.2748119235038757
wheat,CMR,7.5
wheat,COD,7.5
wheat,COL,-0.5872743725776672
wheat,CYP,0.0883104542735964
wheat,CZE,-0.19421038031578064
wheat,DEU,-0.1508786380290985
wheat,DNK,-0.34615321457386017
wheat,DZA,-0.24522142112255096
wheat,ECU,-0.41108593344688416
wheat,EGY,-0.5986604690551758
wheat,ERI,-0.7133276760578156
wheat,ESP,-0.024112215265631676
wheat,EST,-0.0511818528175354
wheat,ETH,-0.3233819007873535
wheat,FIN,3.6795195192098618
wheat,FRA,-0.16282130777835846
wheat,GBR,-0.5884873569011688
wheat,GEO,3.75
wheat,GRC,-0.34135520458221436
wheat,GTM,7.5
wheat,HND,7.5
wheat,HRV,-3.9412481635808945
wheat,HUN,0.035868993028998375
wheat,IND,-0.025952852331101894
wheat,IRL,-0.3375352565199137
wheat,IRN,-0.4653250575065613
wheat,IRQ,-0.6555976867675781
wheat,ISR,0.43088191747665405
wheat,ITA,-0.47885729372501373
wheat,JOR,-0.6514861285686493
wheat,JPN,4.650617778301239
wheat,KAZ,-0.17688660323619843
wheat,KEN,-0.3776368200778961
wheat,KGZ,-0.30183717608451843
wheat,KOR,4.127553164958954
wheat,LAO,7.5
wheat,LBN,-0.3683478683233261
wheat,LBY,-0.95851930975914
wheat,LSO,0.09639748558402061
wheat,LTU,-0.1770395115017891
wheat,LUX,-0.053798042237758636
wheat,LVA,-0.0813259482383728
wheat,MAR,-0.5253448188304901
wheat,MDA,0.1517677679657936
wheat,MDG,-0.47622720897197723
wheat,MEX,-0.6729614734649658
wheat,MKD,-0.0410578940063715
wheat,MLI,-0.2632973715662956
wheat,MLT,-0.2478024959564209
wheat,MMR,3.471102297306061
wheat,MNE,-0.13137782365083694
wheat,MNG,-0.06099898740649223
wheat,MOZ,3.5718211233615875
wheat,MRT,-0.3261372745037079
wheat,MWI,7.5
wheat,NAM,-1.4908201694488525
wheat,NER,-0.12611828744411469
wheat,NGA,-0.5829843580722809
wheat,NIC,7.5
wheat,NLD,-1.1801800578832626
wheat,NOR,-1.1675096154212952
wheat,NPL,-0.2528659477829933
wheat,NZL,-1.0302284061908722
wheat,OMN,-2.2921651005744934
wheat,PAK,-0.2270367369055748
wheat,PER,-0.1718088462948799
wheat,POL,-0.20053937286138535
wheat,PRT,3.6861895322799683
wheat,PRY,0.024381687864661217
wheat,PSE,-0.614700198173523
wheat,ROU,-0.11691652983427048
wheat,RUS,-0.19037014991044998
wheat,RWA,3.5596409291028976
wheat,SAU,-2.15854811668396
wheat,SDN,-0.6216547191143036
wheat,SLV,7.5
wheat,SOM,-0.703578770160675
wheat,SRB,0.054896509274840355
wheat,SSD,3.595834404230118
wheat,SVK,-0.11741682514548302
wheat,SVN,0.01229551900178194
wheat,SWE,-0.08838756754994392
wheat,SWZ,-0.3805265426635742
wheat,SYR,-0.4439699947834015
wheat,TCD,-0.6532657146453857
wheat,THA,7.5
wheat,TJK,-0.39384327828884125
wheat,TKM,-0.465271532535553
wheat,TUN,-0.37629687786102295
wheat,TUR,-0.04510949272662401
wheat,TWN,-0.4864443242549896
wheat,TZA,7.5
wheat,UGA,7.5
wheat,UKR,-0.22439050674438477
wheat,URY,-0.04454327933490276
wheat,USA,-0.1658405065536499
wheat,UZB,-0.6882320642471313
wheat,VEN,7.5
wheat,VNM,3.576724350452423
wheat,YEM,-0.4954741299152374
wheat,ZAF,7.5
wheat,ZMB,0.5035267323255539
wheat,ZWE,5.796795606613159
white-potato,AFG,-6.397909879684448
white-potato,AGO,-6.927942276000977
white-potato,ALB,-7.3032708168029785
white-potato,ARE,-6.1544578075408936
white-potato,ARG,-7.5
white-potato,ARM,-3.720353364944458
white-potato,ATG,-7.5
white-potato,AUS,-7.5
white-potato,AUT,-5.194013833999634
white-potato,AZE,-3.8376543521881104
white-potato,BDI,-2.5610671043395996
white-potato,BEL,-4.117011070251465
white-potato,BEN,7.5
white-potato,BFA,-7.1556055545806885
white-potato,BGD,-2.4761866331100464
white-potato,BGR,-2.944668769836426
white-potato,BHS,-7.303950786590576
white-potato,BIH,-2.8132487535476685
white-potato,BLR,-2.5709011554718018
white-potato,BLZ,0.6643807888031006
white-potato,BOL,-1.4403036832809448
white-potato,BRA,-7.5
white-potato,BRB,-7.5
white-potato,BRN,-7.5
white-potato,BTN,-4.0147082805633545
white-potato,BWA,-7.5
white-potato,CAF,-7.5
white-potato,CAN,-6.208871364593506
white-potato,CHE,-7.5
white-potato,CHL,-7.045902490615845
white-potato,CHN,-4.51152491569519
white-potato,CIV,-7.169724941253662
white-potato,CMR,-6.770427227020264
white-potato,COD,-7.128355979919434
white-potato,COG,-7.1906116008758545
white-potato,COL,-5.016279697418213
white-potato,COM,-7.29728627204895
white-potato,CPV,-7.5
white-potato,CRI,-7.5
white-potato,CUB,-6.2992236614227295
white-potato,CYP,-7.266786813735962
white-potato,CZE,-4.482235431671143
white-potato,DEU,-5.472344398498535
white-potato,DNK,-7.5
white-potato,DOM,-7.5
white-potato,DZA,-7.5
white-potato,ECU,-3.295275330543518
white-potato,EGY,-5.304638385772705
white-potato,ERI,-7.2055885791778564
white-potato,ESP,-7.5
white-potato,EST,-3.0256543159484863
white-potato,ETH,-1.0880525708198547
white-potato,FIN,-3.940175175666809
white-potato,FRA,-7.5
white-potato,GAB,-7.5
white-potato,GBR,-7.192577123641968
white-potato,GEO,-1.9333733320236206
white-potato,GHA,-7.169287204742432
white-potato,GIN,-6.9334070682525635
white-potato,GMB,-7.5
white-potato,GNB,-7.03490686416626
white-potato,GNQ,-7.071086168289185
white-potato,GRC,-7.5
white-potato,GRD,-7.0248942375183105
white-potato,GTM,-5.847003221511841
white-potato,GUF,-7.5
white-potato,GUY,7.5
white-potato,HND,-7.5
white-potato,HRV,-5.290738344192505
white-potato,HTI,-7.032262325286865
white-potato,HUN,-6.171691417694092
white-potato,IDN,-7.5
white-potato,IND,-6.100926637649536
white-potato,IRL,-4.532854080200195
white-potato,IRN,-4.227514743804932
white-potato,IRQ,-7.5
white-potato,ISR,-7.5
white-potato,ITA,-7.5
white-potato,JAM,-7.5
white-potato,JOR,-7.5
white-potato,JPN,-7.5
white-potato,KAZ,-2.6742911338806152
white-potato,KEN,-2.102773427963257
white-potato,KGZ,-3.182342529296875
white-potato,KHM,-7.5
white-potato,KOR,-6.24527645111084
white-potato,LAO,0.6814785003662109
white-potato,LBN,-7.5
white-potato,LBR,-6.583289623260498
white-potato,LBY,-6.508549213409424
white-potato,LKA,-7.5
white-potato,LSO,-5.682449579238892
white-potato,LTU,-2.5458770990371704
white-potato,LUX,-6.654553413391113
white-potato,LVA,-1.8299681544303894
white-potato,MAR,-5.2296528816223145
white-potato,MDA,-0.7278220355510712
white-potato,MDG,-6.901681900024414
white-potato,MEX,-7.5
white-potato,MKD,-3.4914008378982544
white-potato,MLI,-7.5
white-potato,MLT,-7.5
white-potato,MMR,-6.443936824798584
white-potato,MNE,-6.3273937702178955
white-potato,MNG,-2.736097574234009
white-potato,MOZ,-7.5
white-potato,MRT,-7.5
white-potato,MUS,-7.5
white-potato,MWI,1.0808329582214355
white-potato,MYS,-6.102935791015625
white-potato,NAM,-6.873806953430176
white-potato,NER,-7.5
white-potato,NGA,-7.125360727310181
white-potato,NIC,-7.5
white-potato,NLD,-5.564844369888306
white-potato,NOR,-7.5
white-potato,NPL,-3.0505881309509277
white-potato,NZL,-4.962238311767578
white-potato,OMN,-7.5
white-potato,PAK,-2.927355647087097
white-potato,PAN,-7.5
white-potato,PER,-3.7753008604049683
white-potato,PHL,-7.5
white-potato,PNG,-7.5
white-potato,POL,-1.7466285228729248
white-potato,PRI,-7.5
white-potato,PRT,-5.184403896331787
white-potato,PRY,-3.4095871448516846
white-potato,PSE,-7.5
white-potato,ROU,-4.73677921295166
white-potato,RUS,-2.363641142845154
white-potato,RWA,-1.937557876110077
white-potato,SAU,-7.5
white-potato,SDN,-6.833051919937134
white-potato,SEN,-7.5
white-potato,SLB,-6.302563667297363
white-potato,SLE,0.3584625720977783
white-potato,SLV,0.0
white-potato,SOM,-6.649656772613525
white-potato,SRB,-3.610740900039673
white-potato,SSD,-6.98106837272644
white-potato,SUR,-7.5
white-potato,SVK,-5.936571836471558
white-potato,SVN,-5.9985127449035645
white-potato,SWE,-7.5
white-potato,SWZ,-7.147226810455322
white-potato,SYR,-6.225785255432129
white-potato,TCD,-6.868805408477783
white-potato,TGO,-7.09453821182251
white-potato,THA,-4.628153324127197
white-potato,TJK,-3.108240485191345
white-potato,TKM,-6.426167964935303
white-potato,TLS,-4.0694330632686615
white-potato,TTO,-7.5
white-potato,TUN,-3.203881025314331
white-potato,TUR,-6.258792877197266
white-potato,TWN,-5.788398265838623
white-potato,TZA,-0.8882518410682678
white-potato,UGA,-7.0240349769592285
white-potato,UKR,-1.5771288871765137
white-potato,URY,-7.5
white-potato,USA,-6.038880348205566
white-potato,UZB,-5.42720365524292
white-potato,VEN,-6.064339637756348
white-potato,VNM,-6.51134467124939
white-potato,YEM,-7.5
white-potato,ZAF,-6.8338518142700195
white-potato,ZMB,-7.5
white-potato,ZWE,-7.5
yam,AFG,-0.0
yam,AGO,-4.492404937744141
yam,ARG,-1.7798997163772583
yam,ATG,-4.456369876861572
yam,BDI,-4.533461093902588
yam,BEN,-1.5272773504257202
yam,BFA,-3.494176149368286
yam,BIH,3.75
yam,BLZ,3.0105708837509155
yam,BOL,-5.174710750579834
yam,BRA,-3.0021965503692627
yam,BRB,-7.5
yam,BRN,-5.244244813919067
yam,BTN,-3.3560580015182495
yam,BWA,-3.620126485824585
yam,CAF,-4.064228296279907
yam,CHL,-0.0
yam,CHN,-1.7362828254699707
yam,CIV,-0.7595991790294647
yam,CMR,-3.2288472652435303
yam,COD,-4.296929597854614
yam,COG,-4.39634108543396
yam,COL,-0.8943092226982117
yam,COM,-4.381427526473999
yam,CRI,-7.5
yam,CUB,-2.6909676790237427
yam,DOM,-1.889913260936737
yam,ECU,-5.1648759841918945
yam,EGY,0.6142272353172302
yam,ERI,-5.518861770629883
yam,ETH,-0.05038774013519287
yam,FJI,-7.5
yam,GAB,-4.31697416305542
yam,GHA,-1.3164340257644653
yam,GIN,-2.209358334541321
yam,GMB,-7.5
yam,GNB,-4.182853698730469
yam,GNQ,-4.537898063659668
yam,GRD,-7.5
yam,GTM,7.5
yam,GUF,-0.0
yam,GUY,-7.5
yam,HND,-4.316051959991455
yam,HRV,-0.0
yam,HTI,-5.363587856292725
yam,IDN,-4.365341663360596
yam,IND,2.3740177750587463
yam,IRN,-0.0
yam,ISR,3.1426369547843933
yam,JAM,-7.5
yam,JOR,7.5
yam,JPN,-7.5
yam,KEN,-1.48572838306427
yam,KHM,-2.6223098039627075
yam,LAO,0.8923566043376923
yam,LBN,-4.7875261306762695
yam,LBR,-3.8114984035491943
yam,LKA,-3.090212821960449
yam,LSO,-0.0
yam,MDG,-4.202981233596802
yam,MEX,3.2338449954986572
yam,MLI,-5.305535793304443
yam,MMR,0.28882044553756714
yam,MNE,-0.0
yam,MOZ,-4.1153905391693115
yam,MRT,-4.744139671325684
yam,MUS,-3.590053081512451
yam,MWI,7.5
yam,MYS,-2.7993308305740356
yam,NAM,-2.7745869159698486
yam,NER,-5.278624057769775
yam,NGA,-3.072988510131836
yam,NIC,2.8270036578178406
yam,NPL,-5.072097301483154
yam,PAK,3.322459578514099
yam,PAN,-3.1881701946258545
yam,PER,-4.131456613540649
yam,PHL,-1.5411131381988525
yam,PNG,-3.213510036468506
yam,PRI,-7.5
yam,PRY,7.5
yam,PSE,-1.924463927745819
yam,RWA,-0.9013191759586334
yam,SAU,-0.0
yam,SDN,-5.764434814453125
yam,SEN,-2.0988768339157104
yam,SLB,-2.4098111391067505
yam,SLE,-5.433859348297119
yam,SLV,2.707053542137146
yam,SOM,7.5
yam,SSD,-5.195444107055664
yam,STP,-4.742959499359131
yam,SUR,-2.138945460319519
yam,SWZ,-4.045901298522949
yam,SYR,-0.0
yam,TCD,-3.9121267795562744
yam,TGO,-1.3680947422981262
yam,THA,-2.135040283203125
yam,TLS,-5.516793251037598
yam,TTO,-7.5
yam,TWN,-2.742176651954651
yam,TZA,-4.5749897956848145
yam,UGA,-4.122476577758789
yam,URY,-0.0
yam,USA,7.5
yam,VEN,-1.0332921743392944
yam,VNM,-2.089789628982544
yam,VUT,-3.458469033241272
yam,ZAF,-4.357405662536621
yam,ZMB,7.5
yam,ZWE,-3.262946605682373
