crop,country,correction_bnusd_per_mha
alfalfa,AFG,-0.4586298167705536
alfalfa,AGO,-0.937879353761673
alfalfa,ALB,-0.2105734427459538
alfalfa,ARE,0.20743364095687866
alfalfa,ARG,-0.4036872982978821
alfalfa,ARM,-0.0
alfalfa,ATG,-7.5
alfalfa,AUS,0.2998669892549515
alfalfa,AUT,-0.7290395796298981
alfalfa,AZE,0.8766147792339325
alfalfa,BDI,-0.900952011346817
alfalfa,BEL,-0.05907796137034893
alfalfa,BEN,0.6405256688594818
alfalfa,BFA,-0.0
alfalfa,BGD,1.4192121028900146
alfalfa,BGR,0.2772807627916336
alfalfa,BHS,-4.101891338825226
alfalfa,BIH,3.97890704870224
alfalfa,BLR,-2.276417627930641
alfalfa,BLZ,-0.010105629451572895
alfalfa,BOL,-0.36369937658309937
alfalfa,BRA,-0.6519687175750732
alfalfa,BRB,2.4009432792663574
alfalfa,BRN,1.4291267395019531
alfalfa,BTN,-0.32623136043548584
alfalfa,BWA,-7.5
alfalfa,CAF,-0.9742976129055023
alfalfa,CAN,-0.5443927943706512
alfalfa,CHE,0.4997544586658478
alfalfa,CHL,-0.8735664188861847
alfalfa,CHN,0.1053803339600563
alfalfa,CIV,7.5
alfalfa,CMR,0.6415953040122986
alfalfa,COD,-0.10757382959127426
alfalfa,COG,-0.09945236518979073
alfalfa,COL,-0.9093744158744812
alfalfa,COM,-0.863983690738678
alfalfa,CPV,-7.5
alfalfa,CRI,-0.22407843172550201
alfalfa,CUB,-0.2861141711473465
alfalfa,CYP,3.296471357345581
alfalfa,CZE,-0.04817962646484375
alfalfa,DEU,0.06634337268769741
alfalfa,DJI,-1.8397228717803955
alfalfa,DNK,7.058481931686401
alfalfa,DOM,-0.6165543496608734
alfalfa,DZA,-0.0
alfalfa,ECU,-0.07093389332294464
alfalfa,EGY,2.2819693088531494
alfalfa,ERI,-0.9111414551734924
alfalfa,ESP,-1.1104106903076172
alfalfa,EST,-0.037310387939214706
alfalfa,ETH,-0.8379373550415039
alfalfa,FIN,-0.0
alfalfa,FJI,-0.3957964926958084
alfalfa,FRA,-0.31077052652835846
alfalfa,GAB,-0.8407368957996368
alfalfa,GBR,0.17193924635648727
alfalfa,GEO,-0.5345033407211304
alfalfa,GHA,-0.9074809551239014
alfalfa,GIN,-0.039038024842739105
alfalfa,GMB,-7.5
alfalfa,GNB,-7.5
alfalfa,GNQ,-0.7620933055877686
alfalfa,GRC,-0.5792615413665771
alfalfa,GRD,0.3333747386932373
alfalfa,GTM,-0.4553874582052231
alfalfa,GUF,-2.7332428693771362
alfalfa,GUY,-0.7916781008243561
alfalfa,HND,-0.2756158709526062
alfalfa,HRV,-3.969586104154587
alfalfa,HTI,-0.9874333143234253
alfalfa,HUN,-0.46678556501865387
alfalfa,IDN,-0.14206960052251816
alfalfa,IND,-0.4362098276615143
alfalfa,IRL,-0.5063982009887695
alfalfa,IRN,-1.4752857685089111
alfalfa,IRQ,1.739349365234375
alfalfa,ISL,-0.7762557566165924
alfalfa,ISR,1.4936355352401733
alfalfa,ITA,0.28999432921409607
alfalfa,JAM,1.9584813117980957
alfalfa,JOR,1.1563364267349243
alfalfa,JPN,0.058791205286979675
alfalfa,KAZ,-0.5768600106239319
alfalfa,KEN,-0.16943025588989258
alfalfa,KGZ,-0.8171935379505157
alfalfa,KHM,-0.8478350043296814
alfalfa,KOR,-0.007593678310513496
alfalfa,LAO,3.485454171895981
alfalfa,LBN,2.268508717417717
alfalfa,LBR,-0.9224686324596405
alfalfa,LBY,-1.7812479138374329
alfalfa,LKA,-0.7107430100440979
alfalfa,LSO,-0.9242906272411346
alfalfa,LTU,0.40700384974479675
alfalfa,LUX,-0.31373557448387146
alfalfa,LVA,-0.5086079984903336
alfalfa,MAR,1.883331298828125
alfalfa,MDA,0.2783289849758148
alfalfa,MDG,-0.26456888020038605
alfalfa,MEX,-0.33185118436813354
alfalfa,MKD,0.21874111890792847
alfalfa,MLI,-7.5
alfalfa,MLT,-7.5
alfalfa,MMR,4.434362888336182
alfalfa,MNE,1.9743036031723022
alfalfa,MNG,-0.8262792825698853
alfalfa,MOZ,-0.8793379664421082
alfalfa,MRT,-1.212227702140808
alfalfa,MUS,-0.8249741792678833
alfalfa,MWI,-0.453051894903183
alfalfa,MYS,-0.556908130645752
alfalfa,NAM,-7.5
alfalfa,NER,-0.07126183062791824
alfalfa,NGA,-0.7639894485473633
alfalfa,NIC,-1.8587203621864319
alfalfa,NLD,7.5
alfalfa,NOR,-0.0
alfalfa,NPL,-0.27248843014240265
alfalfa,NZL,-0.27254170179367065
alfalfa,OMN,-0.0
alfalfa,PAK,2.760331630706787
alfalfa,PAN,-0.09564555063843727
alfalfa,PER,-0.9115432500839233
alfalfa,PHL,-0.07479393109679222
alfalfa,PNG,-0.18701515346765518
alfalfa,POL,-0.4525585323572159
alfalfa,PRI,-0.8399686515331268
alfalfa,PRT,2.389683723449707
alfalfa,PRY,-0.2994462549686432
alfalfa,PSE,0.717669665813446
alfalfa,ROU,0.14844146370887756
alfalfa,RUS,-0.3758166432380676
alfalfa,RWA,-0.30942653119564056
alfalfa,SAU,-0.5729140043258667
alfalfa,SDN,-0.7542335987091064
alfalfa,SEN,-0.0
alfalfa,SLB,-0.6440685093402863
alfalfa,SLE,-0.49844561517238617
alfalfa,SLV,1.1197744607925415
alfalfa,SOM,-1.1188287734985352
alfalfa,SRB,0.19466527178883553
alfalfa,SSD,-0.8843241930007935
alfalfa,STP,-0.8612958788871765
alfalfa,SUR,-0.7848919332027435
alfalfa,SVK,0.0910070464015007
alfalfa,SVN,0.10038222372531891
alfalfa,SWE,-0.0
alfalfa,SWZ,-0.23123173415660858
alfalfa,SYR,-0.0
alfalfa,TCD,-0.9327170848846436
alfalfa,TGO,-0.03396269865334034
alfalfa,THA,-0.6562694311141968
alfalfa,TJK,-0.8728086054325104
alfalfa,TKM,-0.8431813716888428
alfalfa,TLS,-0.5206864178180695
alfalfa,TTO,-0.7212982177734375
alfalfa,TUN,0.3557410091161728
alfalfa,TUR,3.5391762256622314
alfalfa,TWN,1.0903582572937012
alfalfa,TZA,-0.6816826164722443
alfalfa,UGA,-0.23317676782608032
alfalfa,UKR,-0.337597131729126
alfalfa,URY,-0.64319708943367
alfalfa,USA,-0.5276878774166107
alfalfa,UZB,-1.829504132270813
alfalfa,VEN,-0.842523068189621
alfalfa,VNM,1.0450471639633179
alfalfa,VUT,-0.10068036615848541
alfalfa,YEM,-0.8437278568744659
alfalfa,ZAF,-0.47234293818473816
alfalfa,ZMB,-0.9233619570732117
alfalfa,ZWE,-0.5942082405090332
apple,AFG,-0.0
apple,ALB,-0.0
apple,ARG,-7.5
apple,ARM,-0.0
apple,AUS,-0.0
apple,AUT,-0.0
apple,AZE,-0.0
apple,BEL,-0.0
apple,BGR,-0.0
apple,BIH,-0.0
apple,BLR,-0.0
apple,BLZ,-7.5
apple,BOL,-7.5
apple,BRA,-0.0
apple,BTN,-0.0
apple,BWA,-0.0
apple,CAN,-7.5
apple,CHE,-0.0
apple,CHL,-0.0
apple,CHN,-0.0
apple,COL,-3.75
apple,CZE,-0.0
apple,DEU,-0.0
apple,DNK,-0.0
apple,DZA,-0.0
apple,ECU,-0.0
apple,EGY,-0.0
apple,ESP,-0.0
apple,EST,-0.0
apple,ETH,-0.0
apple,FIN,-0.0
apple,FRA,-0.0
apple,GBR,-0.0
apple,GEO,-0.0
apple,GRC,-0.0
apple,GTM,-0.0
apple,HND,-0.0
apple,HRV,-0.0
apple,HUN,-0.0
apple,IND,-0.0
apple,IRL,-0.0
apple,IRN,-0.0
apple,IRQ,-0.0
apple,ISR,-0.0
apple,ITA,-0.0
apple,JOR,-0.0
apple,JPN,-0.0
apple,KAZ,-0.0
apple,KEN,-7.5
apple,KGZ,-0.0
apple,KOR,-0.0
apple,LAO,-7.5
apple,LBN,-0.0
apple,LBY,-7.5
apple,LSO,-7.5
apple,LTU,-0.0
apple,LUX,-0.0
apple,LVA,-0.0
apple,MAR,-0.0
apple,MDA,-0.0
apple,MDG,-1.957413911819458
apple,MEX,-0.0
apple,MKD,-0.0
apple,MMR,-7.5
apple,MNE,-0.0
apple,MNG,7.5
apple,MOZ,-0.0
apple,NIC,-0.0
apple,NLD,-0.0
apple,NOR,-0.0
apple,NPL,-0.0
apple,NZL,-0.0
apple,PAK,-0.0
apple,PER,-0.0
apple,POL,-0.0
apple,PRT,-0.0
apple,PRY,-3.75
apple,PSE,-0.0
apple,ROU,-0.0
apple,RUS,-0.0
apple,SAU,0.0
apple,SLV,-0.0
apple,SRB,-0.0
apple,SVK,-0.0
apple,SVN,-0.0
apple,SWE,-0.0
apple,SWZ,-0.0
apple,SYR,-0.0
apple,TJK,-0.0
apple,TKM,-0.0
apple,TUN,-0.0
apple,TUR,-0.0
apple,TWN,-0.0
apple,TZA,-0.0
apple,UGA,-0.0
apple,UKR,-0.0
apple,URY,-0.0
apple,USA,-0.0
apple,UZB,-0.0
apple,VEN,-0.0
apple,VNM,-7.5
apple,YEM,-0.0
apple,ZAF,-0.0
apple,ZMB,-0.0
apple,ZWE,-3.75
banana,AFG,-0.0
banana,AGO,-7.5
banana,ALB,-0.0
banana,ARE,-7.5
banana,ARG,-4.46708607673645
banana,ATG,7.5
banana,AUS,-7.5
banana,BDI,-1.1955769062042236
banana,BEN,-7.5
banana,BFA,-6.348390579223633
banana,BGD,-6.595871686935425
banana,BHS,-7.136642932891846
banana,BLZ,-6.934607028961182
banana,BOL,-1.79206383228302
banana,BRA,-3.411025643348694
banana,BRB,-7.5
banana,BRN,-2.429345965385437
banana,BTN,-7.5
banana,BWA,-0.0
banana,CAF,-7.5
banana,CHN,-7.5
banana,CIV,-7.5
banana,CMR,-7.5
banana,COD,-7.5
banana,COG,-7.5
banana,COL,-7.5
banana,COM,-7.5
banana,CPV,-7.5
banana,CRI,-7.5
banana,CUB,-7.5
banana,CYP,-5.894176959991455
banana,DJI,-0.0
banana,DOM,-6.200742959976196
banana,DZA,-5.207523822784424
banana,ECU,-6.716195583343506
banana,EGY,-7.5
banana,ERI,-6.407310485839844
banana,ESP,-7.5
banana,ETH,-1.022034615278244
banana,FJI,-7.408174753189087
banana,FRA,-6.011013507843018
banana,GAB,-7.5
banana,GHA,-2.2306348085403442
banana,GIN,0.03995568864047527
banana,GMB,-0.0
banana,GNB,-7.5
banana,GNQ,-7.5
banana,GRC,-7.5
banana,GRD,-1.7007495164871216
banana,GTM,-4.8937828540802
banana,GUF,7.5
banana,GUY,-7.5
banana,HND,-7.5
banana,HTI,-7.5
banana,IDN,-2.40777051448822
banana,IND,-2.0481019020080566
banana,IRN,-7.5
banana,IRQ,1.312692642211914
banana,ISR,-7.5
banana,JAM,-3.471200942993164
banana,JOR,-7.5
banana,KEN,-2.682283401489258
banana,KHM,-6.964678049087524
banana,LAO,-5.953080177307129
banana,LBN,-7.5
banana,LBR,-7.5
banana,LKA,-6.348289966583252
banana,MAR,-7.5
banana,MDG,-7.5
banana,MEX,-2.0624788999557495
banana,MLI,-7.5
banana,MMR,-6.884520769119263
banana,MOZ,-7.5
banana,MRT,-6.831993579864502
banana,MUS,-2.833084464073181
banana,MWI,-7.5
banana,MYS,-3.8218833208084106
banana,NAM,-6.639789342880249
banana,NER,-7.313696384429932
banana,NGA,7.5
banana,NIC,-7.332643985748291
banana,NPL,-4.331275939941406
banana,OMN,-7.105948209762573
banana,PAK,-7.5
banana,PAN,-5.407800197601318
banana,PER,-7.5
banana,PHL,-6.6152801513671875
banana,PNG,-7.387063264846802
banana,PRI,-7.5
banana,PRT,-5.259737491607666
banana,PRY,-3.9487080574035645
banana,PSE,-7.5
banana,RWA,-5.575064182281494
banana,SAU,-5.232073545455933
banana,SDN,-6.239631175994873
banana,SEN,-7.5
banana,SLB,-7.5
banana,SLE,-7.5
banana,SLV,-1.7794382572174072
banana,SOM,-7.259095668792725
banana,SSD,-7.5
banana,STP,-7.5
banana,SUR,-7.5
banana,SWZ,-7.5
banana,SYR,-3.239781975746155
banana,TGO,-4.0379087924957275
banana,THA,-4.790240049362183
banana,TLS,-0.6576776206493378
banana,TTO,-7.5
banana,TUR,-7.5
banana,TWN,-5.809881210327148
banana,TZA,-2.3837788105010986
banana,UGA,-7.5
banana,URY,-6.260669708251953
banana,USA,-7.5
banana,VEN,-7.48178243637085
banana,VNM,-2.7612003087997437
banana,VUT,-7.5
banana,YEM,-4.662902355194092
banana,ZAF,-7.5
banana,ZMB,-1.7863628268241882
banana,ZWE,-7.5
barley,AFG,-0.41959236562252045
barley,AGO,-0.0
barley,ALB,-0.6194858253002167
barley,ARE,0.16586314141750336
barley,ARG,-0.277248352766037
barley,ARM,-0.19652586430311203
barley,AUS,0.06156805530190468
barley,AUT,-0.3216422125697136
barley,AZE,-0.16202817112207413
barley,BDI,-0.0
barley,BEL,-0.15987039357423782
barley,BGD,7.5
barley,BGR,-0.1019512414932251
barley,BIH,-0.15315334498882294
barley,BLR,-0.058496374636888504
barley,BOL,-0.07686412334442139
barley,BRA,-0.18597079813480377
barley,BTN,0.3227441534399986
barley,BWA,7.5
barley,CAN,-0.3737087845802307
barley,CHE,-0.8348332941532135
barley,CHL,-0.6361225545406342
barley,CHN,-0.20704488456249237
barley,COD,-0.5248754024505615
barley,COL,-0.3713136911392212
barley,CYP,0.13477128837257624
barley,CZE,-0.27545487880706787
barley,DEU,-0.19169215857982635
barley,DNK,-0.4238782674074173
barley,DZA,-0.1346476823091507
barley,ECU,-0.3050284832715988
barley,EGY,-0.8301318883895874
barley,ERI,-0.47092974185943604
barley,ESP,-0.12157878279685974
barley,EST,-0.11731341108679771
barley,ETH,-0.3023264706134796
barley,FIN,3.671917147934437
barley,FRA,-0.3832091689109802
barley,GBR,-0.42843036353588104
barley,GEO,-0.1442762315273285
barley,GRC,0.04619132727384567
barley,GTM,-0.0
barley,HRV,3.675178423523903
barley,HUN,0.15401752293109894
barley,IND,-0.2762681841850281
barley,IRL,-0.37743376940488815
barley,IRN,-0.36960548162460327
barley,IRQ,-0.3980998992919922
barley,ISR,0.5810776054859161
barley,ITA,-0.15009290724992752
barley,JOR,-0.28233079612255096
barley,JPN,0.9167921245098114
barley,KAZ,-0.14883917570114136
barley,KEN,-0.6571844518184662
barley,KGZ,-0.22024758160114288
barley,KOR,-0.039941151393577456
barley,LAO,-0.2857010215520859
barley,LBN,-0.23430651426315308
barley,LBY,-0.8072165250778198
barley,LSO,-0.4897293299436569
barley,LTU,-0.17189627140760422
barley,LUX,-0.08811324089765549
barley,LVA,-0.12503747828304768
barley,MAR,-0.49813108146190643
barley,MDA,0.05096981208771467
barley,MEX,-0.44071389734745026
barley,MKD,-0.022567016072571278
barley,MLT,-3.000856786966324
barley,MMR,-0.2836342751979828
barley,MNE,-0.14365680888295174
barley,MNG,-0.12501293793320656
barley,MOZ,7.5
barley,MRT,-0.1117236316204071
barley,MWI,-0.0
barley,NAM,-0.0
barley,NLD,-1.0677310526371002
barley,NOR,-0.8311562240123749
barley,NPL,0.0503186471760273
barley,NZL,-0.7264086902141571
barley,OMN,-1.0233508348464966
barley,PAK,-0.4920949339866638
barley,PER,-0.1150018759071827
barley,POL,-0.18059804290533066
barley,PRT,-0.20676638185977936
barley,PRY,7.5
barley,PSE,-0.38083264231681824
barley,ROU,-0.3660845160484314
barley,RUS,-0.13826175034046173
barley,RWA,-0.0
barley,SAU,-0.08376134186983109
barley,SDN,-0.5223727822303772
barley,SRB,-0.050802385434508324
barley,SVK,-0.21639108657836914
barley,SVN,-0.04914016183465719
barley,SWE,-0.5117272138595581
barley,SWZ,7.5
barley,SYR,-0.4282725155353546
barley,THA,-0.32359540462493896
barley,TJK,-0.19537191092967987
barley,TKM,-0.3795866072177887
barley,TUN,-0.10689574480056763
barley,TUR,-0.1015368215739727
barley,TZA,-0.4465835839509964
barley,UGA,-0.0
barley,UKR,-0.24246716499328613
barley,URY,-0.01350865513086319
barley,USA,-0.48655685782432556
barley,UZB,-0.14707766473293304
barley,VEN,-0.0
barley,VNM,-0.21840191632509232
barley,YEM,-0.24063170701265335
barley,ZAF,-0.3173481523990631
barley,ZMB,7.5
barley,ZWE,1.8251574635505676
biomass-sorghum,AFG,-0.0
biomass-sorghum,AGO,-0.0
biomass-sorghum,ALB,-0.0
biomass-sorghum,ARE,-0.0
biomass-sorghum,ARG,-0.0
biomass-sorghum,ARM,-0.0
biomass-sorghum,AUS,-0.0
biomass-sorghum,AUT,-0.0
biomass-sorghum,AZE,-0.0
biomass-sorghum,BDI,-0.0
biomass-sorghum,BEL,-0.0
biomass-sorghum,BEN,-0.0
biomass-sorghum,BFA,-0.0
biomass-sorghum,BGD,-0.0
biomass-sorghum,BGR,-0.0
biomass-sorghum,BIH,-0.0
biomass-sorghum,BLR,-0.0
biomass-sorghum,BLZ,-0.0
biomass-sorghum,BOL,-0.0
biomass-sorghum,BRA,-0.0
biomass-sorghum,BTN,-0.0
biomass-sorghum,BWA,-0.0
biomass-sorghum,CAF,-0.0
biomass-sorghum,CAN,-0.0
biomass-sorghum,CHE,-0.0
biomass-sorghum,CHN,-0.0
biomass-sorghum,CIV,-0.0
biomass-sorghum,CMR,-0.0
biomass-sorghum,COD,-0.0
biomass-sorghum,COG,-0.0
biomass-sorghum,COL,-0.0
biomass-sorghum,CRI,-0.0
biomass-sorghum,CUB,-0.0
biomass-sorghum,CZE,-0.0
biomass-sorghum,DEU,-0.0
biomass-sorghum,DOM,-0.0
biomass-sorghum,DZA,-0.0
biomass-sorghum,ECU,-0.0
biomass-sorghum,EGY,-0.0
biomass-sorghum,ERI,-0.0
biomass-sorghum,ESP,-0.0
biomass-sorghum,EST,-0.0
biomass-sorghum,ETH,-0.0
biomass-sorghum,FJI,-0.0
biomass-sorghum,FRA,-0.0
biomass-sorghum,GAB,-0.0
biomass-sorghum,GEO,-0.0
biomass-sorghum,GHA,-0.0
biomass-sorghum,GIN,-0.0
biomass-sorghum,GMB,-0.0
biomass-sorghum,GNB,-0.0
biomass-sorghum,GRC,-0.0
biomass-sorghum,GTM,-0.0
biomass-sorghum,GUY,-0.0
biomass-sorghum,HND,-0.0
biomass-sorghum,HRV,-0.0
biomass-sorghum,HTI,-0.0
biomass-sorghum,HUN,-0.0
biomass-sorghum,IDN,-0.0
biomass-sorghum,IND,-0.0
biomass-sorghum,IRN,-0.0
biomass-sorghum,IRQ,-0.0
biomass-sorghum,ISR,-0.0
biomass-sorghum,ITA,-0.0
biomass-sorghum,JOR,-0.0
biomass-sorghum,KAZ,-0.0
biomass-sorghum,KEN,-0.0
biomass-sorghum,KGZ,-0.0
biomass-sorghum,KHM,-0.0
biomass-sorghum,KOR,-0.0
biomass-sorghum,LAO,-0.0
biomass-sorghum,LBN,-0.0
biomass-sorghum,LBR,-0.0
biomass-sorghum,LSO,-0.0
biomass-sorghum,LTU,-0.0
biomass-sorghum,LUX,-0.0
biomass-sorghum,LVA,-0.0
biomass-sorghum,MAR,-0.0
biomass-sorghum,MDA,-0.0
biomass-sorghum,MDG,-0.0
biomass-sorghum,MEX,-0.0
biomass-sorghum,MKD,-0.0
biomass-sorghum,MLI,-0.0
biomass-sorghum,MMR,-0.0
biomass-sorghum,MNE,-0.0
biomass-sorghum,MNG,-0.0
biomass-sorghum,MOZ,-0.0
biomass-sorghum,MRT,-0.0
biomass-sorghum,MWI,-0.0
biomass-sorghum,MYS,-0.0
biomass-sorghum,NAM,-0.0
biomass-sorghum,NER,-0.0
biomass-sorghum,NGA,-0.0
biomass-sorghum,NIC,-0.0
biomass-sorghum,NPL,-0.0
biomass-sorghum,OMN,-0.0
biomass-sorghum,PAK,-0.0
biomass-sorghum,PAN,-0.0
biomass-sorghum,PER,-0.0
biomass-sorghum,PNG,-0.0
biomass-sorghum,POL,-0.0
biomass-sorghum,PRT,-0.0
biomass-sorghum,PRY,-0.0
biomass-sorghum,PSE,-0.0
biomass-sorghum,ROU,-0.0
biomass-sorghum,RUS,-0.0
biomass-sorghum,RWA,-0.0
biomass-sorghum,SAU,-0.0
biomass-sorghum,SDN,-0.0
biomass-sorghum,SEN,-0.0
biomass-sorghum,SLE,-0.0
biomass-sorghum,SLV,-0.0
biomass-sorghum,SOM,-0.0
biomass-sorghum,SRB,-0.0
biomass-sorghum,SSD,-0.0
biomass-sorghum,SUR,-0.0
biomass-sorghum,SVK,-0.0
biomass-sorghum,SVN,-0.0
biomass-sorghum,SWZ,-0.0
biomass-sorghum,SYR,-0.0
biomass-sorghum,TCD,-0.0
biomass-sorghum,TGO,-0.0
biomass-sorghum,THA,-0.0
biomass-sorghum,TJK,-0.0
biomass-sorghum,TKM,-0.0
biomass-sorghum,TUN,-0.0
biomass-sorghum,TUR,-0.0
biomass-sorghum,TWN,-0.0
biomass-sorghum,TZA,-0.0
biomass-sorghum,UGA,-0.0
biomass-sorghum,UKR,-0.0
biomass-sorghum,URY,-0.0
biomass-sorghum,USA,-0.0
biomass-sorghum,UZB,-0.0
biomass-sorghum,VEN,-0.0
biomass-sorghum,VNM,-0.0
biomass-sorghum,YEM,-0.0
biomass-sorghum,ZAF,-0.0
biomass-sorghum,ZMB,-0.0
biomass-sorghum,ZWE,-0.0
buckwheat,AFG,-0.0
buckwheat,AGO,-0.0
buckwheat,ALB,-0.38254767656326294
buckwheat,ARE,-0.0
buckwheat,ARG,-0.2314000129699707
buckwheat,ARM,-0.23352748900651932
buckwheat,AUS,-0.11988036334514618
buckwheat,AUT,0.1574430949985981
buckwheat,AZE,-0.21285554021596909
buckwheat,BDI,-0.3779137283563614
buckwheat,BEL,3.9783946126699448
buckwheat,BEN,-7.5
buckwheat,BFA,-0.38349905610084534
buckwheat,BGD,-0.0
buckwheat,BGR,3.726119939237833
buckwheat,BIH,-0.3827541470527649
buckwheat,BLR,-2.1842053616419435
buckwheat,BLZ,-0.0
buckwheat,BOL,-0.3916471600532532
buckwheat,BRA,-0.18322668969631195
buckwheat,BTN,-0.7908152639865875
buckwheat,BWA,-7.5
buckwheat,CAF,0.0
buckwheat,CAN,7.5
buckwheat,CHE,0.3125973790884018
buckwheat,CHL,0.1514700949192047
buckwheat,CHN,-0.3022744953632355
buckwheat,CIV,-0.31135834753513336
buckwheat,CMR,-7.5
buckwheat,COD,7.5
buckwheat,COG,-7.5
buckwheat,COL,-7.5
buckwheat,CYP,7.5
buckwheat,CZE,0.29962265491485596
buckwheat,DEU,0.38816171884536743
buckwheat,DNK,0.13811582699418068
buckwheat,DZA,-0.12445281445980072
buckwheat,ECU,-3.9178504645824432
buckwheat,EGY,-0.27724024653434753
buckwheat,ERI,-0.4163960665464401
buckwheat,ESP,-0.21653486788272858
buckwheat,EST,-0.0031212158501148224
buckwheat,ETH,-0.3091856837272644
buckwheat,FIN,-0.11374542489647865
buckwheat,FRA,0.22871758788824081
buckwheat,GAB,-0.0
buckwheat,GBR,0.1129593588411808
buckwheat,GEO,-0.8614510297775269
buckwheat,GHA,0.0
buckwheat,GIN,-0.40555496513843536
buckwheat,GMB,-7.5
buckwheat,GNB,-7.5
buckwheat,GRC,-0.34655387699604034
buckwheat,GTM,-0.0
buckwheat,GUF,-0.0
buckwheat,GUY,-0.0
buckwheat,HRV,3.794165287166834
buckwheat,HUN,0.21438255906105042
buckwheat,IND,7.5
buckwheat,IRL,0.6557331681251526
buckwheat,IRN,-0.11578173190355301
buckwheat,IRQ,7.5
buckwheat,ISR,3.5748737901449203
buckwheat,ITA,-0.1083628460764885
buckwheat,JOR,-0.0
buckwheat,JPN,-0.5150808990001678
buckwheat,KAZ,-0.09668327867984772
buckwheat,KEN,-7.5
buckwheat,KGZ,3.5507445484399796
buckwheat,KHM,0.0
buckwheat,KOR,-0.11057044938206673
buckwheat,LAO,7.5
buckwheat,LBN,7.5
buckwheat,LBR,-0.0
buckwheat,LBY,-0.0
buckwheat,LSO,3.636833183467388
buckwheat,LTU,3.7551830713637173
buckwheat,LUX,0.11174923181533813
buckwheat,LVA,3.841484025120735
buckwheat,MAR,-0.36158542335033417
buckwheat,MDA,7.5
buckwheat,MEX,-7.5
buckwheat,MKD,-0.19999630749225616
buckwheat,MLI,-0.38659048080444336
buckwheat,MMR,-0.4248516410589218
buckwheat,MNE,-0.06454315967857838
buckwheat,MNG,-0.23920109868049622
buckwheat,MOZ,7.5
buckwheat,MRT,7.5
buckwheat,MWI,-0.0
buckwheat,MYS,-0.0
buckwheat,NAM,-0.0
buckwheat,NER,-7.5
buckwheat,NGA,-0.40569283068180084
buckwheat,NLD,-0.9102169945836067
buckwheat,NOR,-0.07640620885649696
buckwheat,NPL,-0.30494460463523865
buckwheat,NZL,0.23337925225496292
buckwheat,OMN,-7.5
buckwheat,PER,-0.3247349262237549
buckwheat,POL,-0.093258211389184
buckwheat,PRT,-0.3673838675022125
buckwheat,PRY,7.5
buckwheat,PSE,7.5
buckwheat,ROU,3.7443057470954955
buckwheat,RUS,-0.19751892238855362
buckwheat,RWA,-7.5
buckwheat,SAU,0.05744489096105099
buckwheat,SDN,-7.5
buckwheat,SEN,-3.9301882535219193
buckwheat,SLE,-0.4010067880153656
buckwheat,SOM,-0.0
buckwheat,SRB,0.10475239530205727
buckwheat,SSD,-7.5
buckwheat,SUR,-0.0
buckwheat,SVK,0.08318899478763342
buckwheat,SVN,3.7205655742436647
buckwheat,SWE,0.1114504337310791
buckwheat,SWZ,-0.0
buckwheat,SYR,-0.22509373724460602
buckwheat,TCD,-0.2737075686454773
buckwheat,TGO,-7.5
buckwheat,THA,-0.39608490467071533
buckwheat,TJK,-0.1764264702796936
buckwheat,TKM,7.5
buckwheat,TUN,-0.24716343730688095
buckwheat,TUR,-0.08710508793592453
buckwheat,TWN,-0.1811201125383377
buckwheat,TZA,-0.34992630779743195
buckwheat,UGA,-0.0
buckwheat,UKR,-0.2381914034485817
buckwheat,URY,3.67775996029377
buckwheat,USA,0.07486621662974358
buckwheat,UZB,-0.12415511161088943
buckwheat,VEN,-0.0
buckwheat,VNM,-0.0
buckwheat,YEM,-0.0
buckwheat,ZAF,-0.2998530864715576
buckwheat,ZMB,-0.0
buckwheat,ZWE,-7.5
cabbage,AFG,-6.699085235595703
cabbage,AGO,-7.14775276184082
cabbage,ALB,-4.616487979888916
cabbage,ARE,-3.765539288520813
cabbage,ARG,-4.8642473220825195
cabbage,ARM,-2.6416261196136475
cabbage,ATG,-7.5
cabbage,AUS,-7.5
cabbage,AUT,-6.3323655128479
cabbage,AZE,-1.058613657951355
cabbage,BDI,-7.433170795440674
cabbage,BEL,-7.5
cabbage,BEN,-6.8227128982543945
cabbage,BFA,-7.5
cabbage,BGD,-0.6237868284806609
cabbage,BGR,-2.0201651453971863
cabbage,BHS,-7.5
cabbage,BIH,-1.140241414308548
cabbage,BLR,-0.5336177051067352
cabbage,BLZ,-7.5
cabbage,BOL,-2.830439805984497
cabbage,BRA,-6.378978490829468
cabbage,BRB,-7.5
cabbage,BRN,-7.5
cabbage,BTN,-1.4530869126319885
cabbage,BWA,-6.485235691070557
cabbage,CAF,-7.5
cabbage,CAN,-6.144811153411865
cabbage,CHE,-7.5
cabbage,CHL,-7.5
cabbage,CHN,-5.8226237297058105
cabbage,CIV,-7.335393667221069
cabbage,CMR,-7.5
cabbage,COD,-7.5
cabbage,COG,-7.5
cabbage,COL,-7.5
cabbage,COM,-7.5
cabbage,CPV,-1.829817295074463
cabbage,CRI,-5.9692301750183105
cabbage,CUB,-5.694499731063843
cabbage,CYP,-7.5
cabbage,CZE,-3.1638036370277405
cabbage,DEU,-6.944256782531738
cabbage,DJI,-7.5
cabbage,DNK,-5.622483253479004
cabbage,DOM,-7.5
cabbage,DZA,-7.192582130432129
cabbage,ECU,0.27300569228827953
cabbage,EGY,-0.4786640405654907
cabbage,ERI,-7.5
cabbage,ESP,-5.653650999069214
cabbage,EST,-5.403332233428955
cabbage,ETH,-0.5149490237236023
cabbage,FIN,-7.5
cabbage,FJI,-7.5
cabbage,FRA,-7.5
cabbage,GAB,-7.5
cabbage,GBR,-7.5
cabbage,GEO,-2.1221293807029724
cabbage,GHA,-5.134777784347534
cabbage,GIN,-7.5
cabbage,GMB,-7.5
cabbage,GNB,-7.5
cabbage,GNQ,7.5
cabbage,GRC,-7.226701736450195
cabbage,GRD,-7.420429229736328
cabbage,GTM,-6.848353147506714
cabbage,GUF,-7.5
cabbage,GUY,-7.5
cabbage,HND,-5.419196367263794
cabbage,HRV,4.4467933177948
cabbage,HTI,-7.5
cabbage,HUN,-2.0235419273376465
cabbage,IDN,-6.554232120513916
cabbage,IND,-6.240591287612915
cabbage,IRL,-5.338444948196411
cabbage,IRN,-6.012084484100342
cabbage,IRQ,-1.8693599700927734
cabbage,ISR,-3.733236789703369
cabbage,ITA,-6.454138278961182
cabbage,JAM,-7.5
cabbage,JOR,-4.395251750946045
cabbage,JPN,-7.5
cabbage,KAZ,-1.3434158563613892
cabbage,KEN,-3.0765594244003296
cabbage,KGZ,-2.9763596057891846
cabbage,KHM,-7.5
cabbage,KOR,-2.1875731348991394
cabbage,LAO,-7.5
cabbage,LBN,-7.5
cabbage,LBR,-7.5
cabbage,LBY,-7.5
cabbage,LKA,-7.5
cabbage,LSO,-7.112387418746948
cabbage,LTU,-3.707663416862488
cabbage,LUX,-7.5
cabbage,LVA,-1.1321686506271362
cabbage,MAR,-0.1543542742729187
cabbage,MDA,0.24402574449777603
cabbage,MDG,-7.377500057220459
cabbage,MEX,-2.013449728488922
cabbage,MKD,-4.161443471908569
cabbage,MLI,-6.188505172729492
cabbage,MLT,-3.2015016674995422
cabbage,MMR,-6.818276882171631
cabbage,MNE,-6.253629207611084
cabbage,MNG,-6.963053226470947
cabbage,MOZ,-7.5
cabbage,MRT,-7.5
cabbage,MUS,-7.5
cabbage,MWI,-5.0065598487854
cabbage,MYS,-6.92090916633606
cabbage,NAM,-7.5
cabbage,NER,-2.6768875122070312
cabbage,NGA,-7.5
cabbage,NIC,-7.5
cabbage,NLD,-0.34801897406578064
cabbage,NOR,-7.5
cabbage,NPL,-4.2308642864227295
cabbage,NZL,-5.788961172103882
cabbage,OMN,-6.66875696182251
cabbage,PAK,-0.9667724370956421
cabbage,PAN,-7.5
cabbage,PER,0.6058347225189209
cabbage,PHL,-4.6748292446136475
cabbage,PNG,-6.301989316940308
cabbage,POL,-2.654982566833496
cabbage,PRI,-7.5
cabbage,PRT,-6.065610885620117
cabbage,PRY,-7.5
cabbage,PSE,-7.5
cabbage,ROU,-4.784878730773926
cabbage,RUS,-1.604999601840973
cabbage,RWA,-1.5909690856933594
cabbage,SAU,-7.5
cabbage,SDN,-7.5
cabbage,SEN,-7.5
cabbage,SLB,-7.5
cabbage,SLE,-7.5
cabbage,SLV,-0.0
cabbage,SOM,-7.5
cabbage,SRB,-2.1783902645111084
cabbage,SSD,-7.5
cabbage,STP,-7.5
cabbage,SUR,-7.5
cabbage,SVK,-3.3073067665100098
cabbage,SVN,-1.693990021944046
cabbage,SWE,-7.5
cabbage,SWZ,-7.5
cabbage,SYR,-6.312994956970215
cabbage,TCD,-7.5
cabbage,TGO,-4.2404139041900635
cabbage,THA,-6.584109306335449
cabbage,TJK,-4.459217309951782
cabbage,TKM,-5.978595733642578
cabbage,TLS,-6.457099914550781
cabbage,TTO,-7.5
cabbage,TUN,1.2486319541931152
cabbage,TUR,-1.9783172011375427
cabbage,TWN,-6.364569664001465
cabbage,TZA,-2.512868046760559
cabbage,UGA,0.0
cabbage,UKR,-0.01706463098526001
cabbage,URY,-4.911234378814697
cabbage,USA,-7.5
cabbage,UZB,-5.22507905960083
cabbage,VEN,-6.734079122543335
cabbage,VNM,-5.894333362579346
cabbage,VUT,-7.5
cabbage,YEM,-7.178340673446655
cabbage,ZAF,-4.697808265686035
cabbage,ZMB,-7.5
cabbage,ZWE,-7.5
carrot,AFG,-5.831543684005737
carrot,AGO,-6.934648036956787
carrot,ALB,-6.5470051765441895
carrot,ARE,-1.6863036751747131
carrot,ARG,-7.5
carrot,ARM,-2.0651740431785583
carrot,ATG,-7.003754615783691
carrot,AUS,-7.5
carrot,AUT,-7.5
carrot,AZE,-1.9545480608940125
carrot,BDI,-7.402304649353027
carrot,BEL,-7.5
carrot,BEN,-5.885702848434448
carrot,BFA,-6.223852157592773
carrot,BGD,-5.1627442836761475
carrot,BGR,-0.627316802740097
carrot,BHS,-7.019063949584961
carrot,BIH,2.469989538192749
carrot,BLR,5.594635248184204
carrot,BLZ,-5.5013487339019775
carrot,BOL,-1.3693407773971558
carrot,BRA,-4.334808349609375
carrot,BRB,-7.5
carrot,BRN,-7.5
carrot,BTN,-4.460861682891846
carrot,BWA,-5.594050884246826
carrot,CAF,-7.5
carrot,CAN,-4.916377544403076
carrot,CHE,-7.5
carrot,CHL,-7.5
carrot,CHN,-7.5
carrot,CIV,-7.2728822231292725
carrot,CMR,-7.5
carrot,COD,-7.5
carrot,COG,-7.5
carrot,COL,-4.44407320022583
carrot,COM,-7.5
carrot,CPV,-0.6377701163291931
carrot,CRI,-5.462287664413452
carrot,CUB,-4.849483489990234
carrot,CYP,-7.356665372848511
carrot,CZE,-1.1392709016799927
carrot,DEU,-5.526508808135986
carrot,DJI,-7.5
carrot,DNK,-7.5
carrot,DOM,-5.679840087890625
carrot,DZA,-3.725543975830078
carrot,ECU,0.3901900500059128
carrot,EGY,-0.0
carrot,ERI,-7.5
carrot,ESP,-7.360792875289917
carrot,EST,-2.2945148944854736
carrot,ETH,1.0084682703018188
carrot,FIN,-7.5
carrot,FJI,-5.564647674560547
carrot,FRA,-3.550987720489502
carrot,GAB,-7.5
carrot,GBR,-7.5
carrot,GEO,0.12557468935847282
carrot,GHA,-1.656817615032196
carrot,GIN,-7.5
carrot,GMB,-7.5
carrot,GNB,-7.5
carrot,GNQ,7.5
carrot,GRC,-7.5
carrot,GRD,-7.5
carrot,GTM,-6.605363368988037
carrot,GUF,-7.5
carrot,GUY,0.0035997629165649414
carrot,HND,-4.477673530578613
carrot,HRV,7.5
carrot,HTI,-7.5
carrot,HUN,-1.1913946866989136
carrot,IDN,-7.493811368942261
carrot,IND,-5.438306570053101
carrot,IRL,-7.5
carrot,IRN,-0.0
carrot,IRQ,-1.043753296136856
carrot,ISR,-7.5
carrot,ITA,-5.913546800613403
carrot,JAM,-5.708413600921631
carrot,JOR,-7.5
carrot,JPN,-7.5
carrot,KAZ,-0.035940010100603104
carrot,KEN,-1.2479735016822815
carrot,KGZ,-1.3569337725639343
carrot,KHM,-6.97159743309021
carrot,KOR,0.9020296037197113
carrot,LAO,-7.5
carrot,LBN,-7.5
carrot,LBR,-7.5
carrot,LBY,-6.818845272064209
carrot,LKA,-7.454741477966309
carrot,LSO,-6.925745725631714
carrot,LTU,-1.1929474771022797
carrot,LUX,-7.5
carrot,LVA,1.904134750366211
carrot,MAR,1.5263648629188538
carrot,MDA,1.1686823517084122
carrot,MDG,-7.326955795288086
carrot,MEX,0.8584307432174683
carrot,MKD,2.3905930519104004
carrot,MLI,-7.5
carrot,MLT,-6.117449998855591
carrot,MMR,-6.233572244644165
carrot,MNE,-5.599610805511475
carrot,MNG,-1.3437159061431885
carrot,MOZ,-7.5
carrot,MRT,-7.5
carrot,MUS,-7.5
carrot,MWI,0.0
carrot,MYS,-6.1402857303619385
carrot,NAM,-7.5
carrot,NER,-7.5
carrot,NGA,-7.5
carrot,NIC,-4.771301984786987
carrot,NLD,5.589639663696289
carrot,NOR,-7.5
carrot,NPL,-6.531605243682861
carrot,NZL,-4.812471032142639
carrot,OMN,-7.3037309646606445
carrot,PAK,-6.593100070953369
carrot,PAN,-7.5
carrot,PER,0.687327966094017
carrot,PHL,-4.325771331787109
carrot,PNG,-5.942744970321655
carrot,POL,5.981292724609375
carrot,PRI,-7.32573390007019
carrot,PRT,-7.2613465785980225
carrot,PRY,-3.4067338705062866
carrot,PSE,-7.5
carrot,ROU,-2.7100189924240112
carrot,RUS,3.1447850465774536
carrot,RWA,-2.7240976095199585
carrot,SAU,-7.5
carrot,SDN,-6.845722675323486
carrot,SEN,-7.317547798156738
carrot,SLB,-7.5
carrot,SLE,-7.5
carrot,SLV,3.5795193165540695
carrot,SOM,-7.5
carrot,SRB,-1.3236201405525208
carrot,SSD,-7.5
carrot,STP,-7.448774814605713
carrot,SUR,-7.5
carrot,SVK,-5.362136363983154
carrot,SVN,1.960207223892212
carrot,SWE,-7.5
carrot,SWZ,-7.5
carrot,SYR,-5.780167102813721
carrot,TCD,-5.4047136306762695
carrot,TGO,-7.5
carrot,THA,-6.828948497772217
carrot,TJK,2.4145478010177612
carrot,TKM,-5.282649517059326
carrot,TLS,-7.5
carrot,TTO,-7.5
carrot,TUN,1.9217239022254944
carrot,TUR,-1.6112366318702698
carrot,TWN,-5.617576837539673
carrot,TZA,-7.5
carrot,UGA,0.0
carrot,UKR,3.4413857460021973
carrot,URY,-3.733329176902771
carrot,USA,-7.5
carrot,UZB,1.380013108253479
carrot,VEN,-5.1122236251831055
carrot,VNM,-6.260405540466309
carrot,VUT,-4.048655867576599
carrot,YEM,-2.4052942395210266
carrot,ZAF,-2.0457069873809814
carrot,ZMB,-7.5
carrot,ZWE,-3.8924310207366943
cassava,AGO,-3.3027650117874146
cassava,ARG,-4.532280445098877
cassava,ATG,-3.1727216243743896
cassava,BDI,-2.175577163696289
cassava,BEN,-2.6801223754882812
cassava,BFA,-3.3443613052368164
cassava,BGD,-1.9919113516807556
cassava,BHS,-2.973912239074707
cassava,BLZ,-4.244827508926392
cassava,BOL,-1.521787405014038
cassava,BRA,-1.3221520781517029
cassava,BRB,-7.5
cassava,BRN,-7.5
cassava,BTN,7.5
cassava,BWA,-7.5
cassava,CAF,-3.5600210428237915
cassava,CHN,-3.2706674337387085
cassava,CIV,-0.816637396812439
cassava,CMR,-3.2640480995178223
cassava,COD,-3.4120689630508423
cassava,COG,-3.2644609212875366
cassava,COL,-3.3761684894561768
cassava,COM,-3.4470016956329346
cassava,CPV,-7.5
cassava,CRI,-3.143519401550293
cassava,CUB,-3.5401177406311035
cassava,DOM,-1.9418237805366516
cassava,ECU,-1.0974779725074768
cassava,ETH,-3.385182023048401
cassava,FJI,-6.0745086669921875
cassava,GAB,-3.5923486948013306
cassava,GHA,-2.3339223861694336
cassava,GIN,-0.70743128657341
cassava,GMB,-3.5976178646087646
cassava,GNB,-3.372808575630188
cassava,GNQ,-3.6484389305114746
cassava,GRD,-0.0
cassava,GTM,-3.7422115802764893
cassava,GUF,-0.0
cassava,GUY,-7.5
cassava,HND,-6.727947235107422
cassava,HTI,-3.578319549560547
cassava,IDN,-3.3292545080184937
cassava,IND,-1.7852095365524292
cassava,JAM,-5.3462841510772705
cassava,KEN,-3.5138838291168213
cassava,KHM,-3.0802762508392334
cassava,LAO,-2.665067672729492
cassava,LBR,-3.4819833040237427
cassava,LKA,-2.763230323791504
cassava,MDG,-3.286476969718933
cassava,MEX,-1.4892393946647644
cassava,MLI,-4.311013698577881
cassava,MMR,-3.399871826171875
cassava,MOZ,-1.8004932403564453
cassava,MUS,-5.543769598007202
cassava,MWI,-5.947787761688232
cassava,MYS,-3.3161237239837646
cassava,NAM,-3.2920846939086914
cassava,NER,-4.044532775878906
cassava,NGA,-3.664550542831421
cassava,NIC,-1.1344645619392395
cassava,NPL,-1.2457406222820282
cassava,PAK,-1.5095219612121582
cassava,PAN,-5.259437084197998
cassava,PER,-1.2213520407676697
cassava,PHL,-1.140360414981842
cassava,PNG,-3.1309657096862793
cassava,PRI,-3.6211920976638794
cassava,PRY,-0.5592276751995087
cassava,RWA,-2.350481867790222
cassava,SDN,-3.4125977754592896
cassava,SEN,-2.347144842147827
cassava,SLB,-2.6214170455932617
cassava,SLE,-3.4777445793151855
cassava,SLV,2.101637125015259
cassava,SOM,-3.3858587741851807
cassava,SSD,-3.0500917434692383
cassava,STP,-3.2536591291427612
cassava,SUR,-7.5
cassava,SWZ,-3.3139556646347046
cassava,TCD,-3.446058750152588
cassava,TGO,-0.7189152240753174
cassava,THA,-0.5087420344352722
cassava,TLS,-2.4750462770462036
cassava,TTO,-4.641629219055176
cassava,TWN,-2.908775806427002
cassava,TZA,-0.5216963887214661
cassava,UGA,-3.6827343702316284
cassava,URY,2.0765140056610107
cassava,USA,-0.0
cassava,VEN,-3.177309036254883
cassava,VNM,-2.843121290206909
cassava,ZAF,-3.4961769580841064
cassava,ZMB,-4.508568048477173
cassava,ZWE,-3.1891982555389404
chickpea,AFG,-1.1632386445999146
chickpea,AGO,-1.179977536201477
chickpea,ALB,-1.1331249475479126
chickpea,ARE,-0.0
chickpea,ARG,-1.1373329162597656
chickpea,ARM,-0.9049211740493774
chickpea,AUS,-0.4006189703941345
chickpea,AUT,-0.9922065138816833
chickpea,AZE,-0.9430708885192871
chickpea,BDI,-1.182366132736206
chickpea,BEL,3.4631846845149994
chickpea,BEN,-1.1287079453468323
chickpea,BFA,-1.1625956892967224
chickpea,BGD,-0.5305255651473999
chickpea,BGR,-1.0279905200004578
chickpea,BHS,-7.5
chickpea,BIH,3.2653511464595795
chickpea,BLR,3.340171843767166
chickpea,BLZ,-1.1114508509635925
chickpea,BOL,7.5
chickpea,BRA,-1.1620858907699585
chickpea,BRB,-7.5
chickpea,BRN,0.0
chickpea,BTN,-1.0622372031211853
chickpea,BWA,-1.1790128946304321
chickpea,CAF,-1.1123139262199402
chickpea,CAN,-0.6337418258190155
chickpea,CHE,-0.6519551575183868
chickpea,CHL,-1.0500499606132507
chickpea,CHN,-0.8019090592861176
chickpea,CIV,-1.124505341053009
chickpea,CMR,-1.1502556800842285
chickpea,COD,-1.1911290287971497
chickpea,COG,-1.1828259229660034
chickpea,COL,7.5
chickpea,COM,-1.1273123621940613
chickpea,CPV,-1.1997497081756592
chickpea,CRI,-1.1593756675720215
chickpea,CUB,-1.0771992206573486
chickpea,CYP,2.779532015323639
chickpea,CZE,-0.8376256227493286
chickpea,DEU,-0.7601299285888672
chickpea,DJI,-7.5
chickpea,DNK,-0.7225564122200012
chickpea,DOM,-0.0
chickpea,DZA,-1.1246346235275269
chickpea,ECU,-1.1095386743545532
chickpea,EGY,-1.1147000789642334
chickpea,ERI,-1.1447933912277222
chickpea,ESP,-0.49352219700813293
chickpea,EST,-0.990938663482666
chickpea,ETH,-0.9958120882511139
chickpea,FIN,3.3041405975818634
chickpea,FJI,-7.5
chickpea,FRA,-0.8553093075752258
chickpea,GAB,-7.5
chickpea,GBR,-0.9325225949287415
chickpea,GEO,-1.0576271414756775
chickpea,GHA,-1.1564502716064453
chickpea,GIN,-1.0976739525794983
chickpea,GMB,-1.149703562259674
chickpea,GNB,-1.1762112975120544
chickpea,GNQ,7.5
chickpea,GRC,-3.0140604972839355
chickpea,GRD,-7.5
chickpea,GTM,-1.1202595233917236
chickpea,GUF,7.5
chickpea,GUY,-7.5
chickpea,HND,-1.3003989458084106
chickpea,HRV,3.25924950838089
chickpea,HTI,-1.1756688952445984
chickpea,HUN,-1.0309388637542725
chickpea,IDN,-1.1598334312438965
chickpea,IND,-1.1563214659690857
chickpea,IRL,-0.673403799533844
chickpea,IRN,-0.32363398373126984
chickpea,IRQ,7.5
chickpea,ISR,-3.397436499595642
chickpea,ITA,-0.9970756769180298
chickpea,JAM,-7.5
chickpea,JOR,-2.1215550899505615
chickpea,JPN,-0.6549179255962372
chickpea,KAZ,-1.110080063343048
chickpea,KEN,-0.1111159548163414
chickpea,KGZ,-0.9981941878795624
chickpea,KHM,-1.0647339820861816
chickpea,KOR,-0.8181450366973877
chickpea,LAO,-0.9432215988636017
chickpea,LBN,-1.5630333423614502
chickpea,LBR,-4.31429922580719
chickpea,LBY,7.5
chickpea,LKA,-1.0734782814979553
chickpea,LSO,-1.1521428227424622
chickpea,LTU,-0.9301706850528717
chickpea,LUX,-0.984779417514801
chickpea,LVA,-0.8322747349739075
chickpea,MAR,-0.8129080533981323
chickpea,MDA,-0.9721428453922272
chickpea,MDG,-1.056988000869751
chickpea,MEX,-1.1643723845481873
chickpea,MKD,-0.9891591668128967
chickpea,MLI,-1.1213860511779785
chickpea,MMR,-1.1035066843032837
chickpea,MNE,-0.8338571190834045
chickpea,MNG,0.0
chickpea,MOZ,-1.150283932685852
chickpea,MRT,-1.177438735961914
chickpea,MWI,3.210882306098938
chickpea,MYS,3.248744308948517
chickpea,NAM,-1.0382188558578491
chickpea,NER,-7.5
chickpea,NGA,-1.1435572504997253
chickpea,NIC,3.1918668150901794
chickpea,NLD,-0.9505012035369873
chickpea,NOR,-1.0228886604309082
chickpea,NPL,-0.6425945162773132
chickpea,NZL,-7.5
chickpea,OMN,-0.0
chickpea,PAK,-1.1835798025131226
chickpea,PAN,-1.182340919971466
chickpea,PER,3.1904596090316772
chickpea,PHL,-1.1092249751091003
chickpea,PNG,-7.5
chickpea,POL,3.2944549322128296
chickpea,PRI,7.5
chickpea,PRT,-1.0653184056282043
chickpea,PRY,-1.1636566519737244
chickpea,PSE,-2.190078854560852
chickpea,ROU,-1.0321798920631409
chickpea,RUS,-1.0809006094932556
chickpea,RWA,-1.1694206595420837
chickpea,SAU,-0.9505300223827362
chickpea,SDN,-1.1458839774131775
chickpea,SEN,-1.10224187374115
chickpea,SLB,-1.088034987449646
chickpea,SLE,-1.1471927165985107
chickpea,SLV,3.1970572471618652
chickpea,SOM,-1.1712992191314697
chickpea,SRB,-0.9238690733909607
chickpea,SSD,-1.0999229550361633
chickpea,SUR,0.0
chickpea,SVK,-0.877256840467453
chickpea,SVN,3.328590899705887
chickpea,SWE,-7.5
chickpea,SWZ,-1.1305503845214844
chickpea,SYR,-1.1310197114944458
chickpea,TCD,-1.1684803366661072
chickpea,TGO,-1.1700397729873657
chickpea,THA,-1.0941362380981445
chickpea,TJK,-1.65873521566391
chickpea,TKM,-1.0416556596755981
chickpea,TLS,3.23736310005188
chickpea,TTO,-7.5
chickpea,TUN,-0.8626040816307068
chickpea,TUR,-0.7951735556125641
chickpea,TWN,-0.916038453578949
chickpea,TZA,-1.0631369352340698
chickpea,UGA,-1.1288415789604187
chickpea,UKR,-1.1158466935157776
chickpea,URY,-1.0319909155368805
chickpea,USA,-0.4974614977836609
chickpea,UZB,-1.010227084159851
chickpea,VEN,-7.5
chickpea,VNM,3.232422173023224
chickpea,YEM,-2.1007580757141113
chickpea,ZAF,-1.3823192119598389
chickpea,ZMB,-1.140972375869751
chickpea,ZWE,-1.269661784172058
citrus,AFG,-2.258607506752014
citrus,AGO,-2.551389217376709
citrus,ALB,-0.7513735964894295
citrus,ARG,2.4735904932022095
citrus,AUS,-5.074591636657715
citrus,AZE,-1.5084900856018066
citrus,BDI,-0.0
citrus,BEN,-3.3626017570495605
citrus,BFA,1.6374540328979492
citrus,BGD,5.566345930099487
citrus,BGR,-0.0
citrus,BHS,2.165604531764984
citrus,BIH,-6.8203089237213135
citrus,BLZ,2.0213884711265564
citrus,BOL,-4.12477970123291
citrus,BRA,2.0052459239959717
citrus,BTN,0.5518606007099152
citrus,BWA,-0.7038065642118454
citrus,CAF,-5.022222995758057
citrus,CHL,-5.735528230667114
citrus,CHN,-7.5
citrus,CIV,-0.703838050365448
citrus,CMR,-4.628127574920654
citrus,COD,-1.0312525033950806
citrus,COG,-4.9238786697387695
citrus,COL,0.9298073351383209
citrus,COM,-0.0
citrus,CPV,-0.0
citrus,CRI,7.5
citrus,CUB,-2.541113495826721
citrus,CYP,-1.245590090751648
citrus,DOM,7.5
citrus,DZA,-7.416630983352661
citrus,ECU,2.1247401237487793
citrus,EGY,-0.0
citrus,ERI,-0.0
citrus,ESP,-1.5641695857048035
citrus,ETH,1.1255733966827393
citrus,FJI,-7.5
citrus,FRA,-0.7700395584106445
citrus,GAB,-6.100031137466431
citrus,GEO,-1.1340573132038116
citrus,GHA,-1.6977763175964355
citrus,GIN,1.2894287109375
citrus,GRC,4.168628692626953
citrus,GTM,-0.3181293085217476
citrus,GUY,-7.5
citrus,HND,7.5
citrus,HRV,-5.048492670059204
citrus,HTI,-2.2983880639076233
citrus,IDN,-7.5
citrus,IND,-0.9263951778411865
citrus,IRN,-5.169691801071167
citrus,IRQ,-0.1168205589056015
citrus,ISR,-7.5
citrus,ITA,-3.5196568965911865
citrus,JAM,-7.5
citrus,JOR,-0.5752815902233124
citrus,JPN,-7.5
citrus,KEN,5.631987571716309
citrus,KHM,-2.9354913234710693
citrus,KOR,1.6406648755073547
citrus,LAO,-2.471687972545624
citrus,LBN,-7.5
citrus,LBR,-4.368183374404907
citrus,LBY,0.8963927626609802
citrus,LKA,3.6101244688034058
citrus,LSO,-0.0
citrus,MAR,1.2628264427185059
citrus,MDG,-4.984046459197998
citrus,MEX,2.9298150539398193
citrus,MKD,-0.0
citrus,MLI,2.1585729122161865
citrus,MLT,-7.5
citrus,MMR,-0.0
citrus,MNE,0.9358096122741699
citrus,MOZ,-2.999631643295288
citrus,MRT,-0.0
citrus,MUS,-2.9274368286132812
citrus,MWI,-0.026640594005584717
citrus,MYS,0.6061683297157288
citrus,NAM,-2.4043349027633667
citrus,NER,-0.0
citrus,NGA,-4.434422254562378
citrus,NIC,3.5437904000282288
citrus,NPL,1.234911635518074
citrus,NZL,3.2443686723709106
citrus,OMN,7.5
citrus,PAK,-0.7405946049839258
citrus,PAN,4.240581750869751
citrus,PER,6.242382764816284
citrus,PHL,3.455222249031067
citrus,PNG,-0.0
citrus,PRI,-7.203481197357178
citrus,PRT,-7.190361499786377
citrus,PRY,-3.120262384414673
citrus,PSE,-3.378339409828186
citrus,RUS,-2.135438561439514
citrus,RWA,0.2926911369431764
citrus,SAU,-1.8479994535446167
citrus,SDN,0.5936364531517029
citrus,SEN,0.43432459235191345
citrus,SLE,-1.869314193725586
citrus,SLV,3.7328949868679047
citrus,SOM,-2.80802583694458
citrus,SSD,-4.647972106933594
citrus,SUR,-7.5
citrus,SVN,-0.0
citrus,SWZ,-4.703448295593262
citrus,SYR,0.5238431245088577
citrus,TGO,1.8953318297863007
citrus,THA,-7.281729459762573
citrus,TJK,-7.5
citrus,TKM,-0.0
citrus,TLS,0.5734304040670395
citrus,TTO,-4.302476644515991
citrus,TUN,-0.25105419754981995
citrus,TUR,1.8973016738891602
citrus,TWN,-0.0
citrus,TZA,-5.125864744186401
citrus,UGA,-0.0
citrus,URY,-1.7296351194381714
citrus,USA,-1.6009790897369385
citrus,UZB,-6.895408630371094
citrus,VEN,-0.5168265104293823
citrus,VNM,-5.3730669021606445
citrus,VUT,-0.0
citrus,YEM,-4.6789209842681885
citrus,ZAF,-3.5500972270965576
citrus,ZMB,-2.591336250305176
citrus,ZWE,-0.8439535796642303
cocoa,AGO,-1.0305177569389343
cocoa,BDI,-1.368616759777069
cocoa,BEN,-1.3224542737007141
cocoa,BLZ,-1.1350857019424438
cocoa,BOL,-1.3287087082862854
cocoa,BRA,-1.6307849884033203
cocoa,BRN,3.262565851211548
cocoa,CAF,-0.9661994576454163
cocoa,CIV,-1.0014739036560059
cocoa,CMR,-1.2825798988342285
cocoa,COD,-1.4865434169769287
cocoa,COG,-1.151856005191803
cocoa,COL,-1.2634005546569824
cocoa,COM,-7.5
cocoa,CRI,-0.9993960559368134
cocoa,CUB,-1.1358603239059448
cocoa,DOM,-1.6927270293235779
cocoa,ECU,-1.6934635043144226
cocoa,FJI,-4.913241147994995
cocoa,GAB,-0.9764984846115112
cocoa,GHA,-1.289852499961853
cocoa,GIN,-0.5067198723554611
cocoa,GNQ,-0.9981842041015625
cocoa,GRD,-1.7752689123153687
cocoa,GTM,-1.706359326839447
cocoa,GUF,-0.0
cocoa,GUY,-1.279400646686554
cocoa,HND,-1.377000868320465
cocoa,HTI,-1.1713106036186218
cocoa,IDN,-0.9815398156642914
cocoa,IND,-1.2528951168060303
cocoa,JAM,-0.624877393245697
cocoa,KEN,-1.5541692972183228
cocoa,KHM,-1.1742132902145386
cocoa,LAO,-0.0
cocoa,LBR,-1.0600915551185608
cocoa,LKA,-2.256491184234619
cocoa,MDG,-1.4770238399505615
cocoa,MEX,-1.376659333705902
cocoa,MWI,-2.0161052346229553
cocoa,MYS,-0.29840050637722015
cocoa,NGA,-1.109130322933197
cocoa,NIC,-0.9290827512741089
cocoa,PAN,-0.9608037769794464
cocoa,PER,-2.4333900213241577
cocoa,PHL,-0.8401099741458893
cocoa,PNG,-1.2379075288772583
cocoa,PRY,-0.0
cocoa,RWA,-1.4901334047317505
cocoa,SLB,-1.1884506940841675
cocoa,SLE,-1.1412808299064636
cocoa,SLV,-1.4391347765922546
cocoa,SSD,-1.1309581398963928
cocoa,STP,-1.9135180711746216
cocoa,SUR,-0.9637381732463837
cocoa,TGO,-2.2319233417510986
cocoa,THA,7.5
cocoa,TLS,-0.13761944323778152
cocoa,TTO,-0.9759635627269745
cocoa,TZA,-1.288095235824585
cocoa,UGA,-1.265114665031433
cocoa,VEN,-1.1783095002174377
cocoa,VNM,-1.3054802417755127
cocoa,VUT,-1.4473854899406433
coconut,AGO,-1.5815675258636475
coconut,BDI,-2.1893091201782227
coconut,BEN,-1.4496358036994934
coconut,BGD,-2.7056952714920044
coconut,BHS,-7.5
coconut,BLZ,-1.646516501903534
coconut,BOL,-2.648177742958069
coconut,BRA,-3.2018015384674072
coconut,BRB,-7.5
coconut,BRN,-1.6622134447097778
coconut,CAF,7.5
coconut,CHN,-7.5
coconut,CIV,-1.5460489392280579
coconut,CMR,-1.5890768766403198
coconut,COD,-1.5304116010665894
coconut,COG,-1.570313036441803
coconut,COL,-6.126373291015625
coconut,COM,-1.566577672958374
coconut,CPV,-1.7050633430480957
coconut,CRI,-2.506037950515747
coconut,CUB,-1.7849653363227844
coconut,DOM,-4.385533571243286
coconut,ECU,-2.022683084011078
coconut,FJI,-4.400728225708008
coconut,GAB,-1.5778274536132812
coconut,GHA,-1.7282547354698181
coconut,GIN,-1.5561888813972473
coconut,GNB,-1.5726615190505981
coconut,GNQ,-1.5261309146881104
coconut,GRD,-7.5
coconut,GTM,-1.6903870105743408
coconut,GUF,2.498159408569336
coconut,GUY,-1.1884479522705078
coconut,HND,-1.9799447059631348
coconut,HTI,-1.6029176115989685
coconut,IDN,-1.5002117156982422
coconut,IND,-1.8800396919250488
coconut,JAM,-1.9013295769691467
coconut,KEN,-0.7170861661434174
coconut,KHM,-1.8732941150665283
coconut,LAO,-1.9858522415161133
coconut,LBR,-1.5973920226097107
coconut,LKA,-1.7466918230056763
coconut,MDG,-1.4918287992477417
coconut,MEX,-1.6700010299682617
coconut,MMR,-2.0489394664764404
coconut,MOZ,-1.2220704555511475
coconut,MUS,-1.3915935754776
coconut,MWI,-2.3769110441207886
coconut,MYS,-2.288609266281128
coconut,NGA,-1.8181602954864502
coconut,NIC,-1.658709704875946
coconut,OMN,-7.5
coconut,PAK,-2.0153071880340576
coconut,PAN,-1.456561028957367
coconut,PER,-2.8939085006713867
coconut,PHL,-0.9215407371520996
coconut,PNG,-1.9145916104316711
coconut,PRI,-3.483518362045288
coconut,PRY,-2.512737274169922
coconut,SEN,-1.5384137630462646
coconut,SLB,-1.7398842573165894
coconut,SLE,-0.6017051637172699
coconut,SLV,-3.2580913305282593
coconut,SOM,-1.606717824935913
coconut,STP,-1.716036856174469
coconut,SUR,-7.5
coconut,TGO,-1.523634135723114
coconut,THA,-2.0706470012664795
coconut,TLS,-2.0159698128700256
coconut,TTO,-1.957434058189392
coconut,TWN,-2.0278261303901672
coconut,TZA,-1.6792747974395752
coconut,VEN,-2.3516526222229004
coconut,VNM,-4.4609150886535645
coconut,VUT,-1.8433586955070496
coconut,ZAF,-7.5
coffee,AGO,-1.1654353141784668
coffee,ARG,7.5
coffee,BDI,-0.24470204859972
coffee,BEN,-1.1702044606208801
coffee,BGD,-0.0
coffee,BLZ,-1.122843325138092
coffee,BOL,-0.9543192386627197
coffee,BRA,-2.9238898754119873
coffee,BRN,-0.0
coffee,BTN,-0.0
coffee,CAF,-1.1546100974082947
coffee,CHN,-0.9011392593383789
coffee,CIV,-0.18090807646512985
coffee,CMR,-1.130071222782135
coffee,COD,-1.1528614163398743
coffee,COG,-1.157728135585785
coffee,COL,-2.737103223800659
coffee,COM,-1.1621540188789368
coffee,CPV,-1.1940342783927917
coffee,CRI,-2.7291505336761475
coffee,CUB,-1.1570670008659363
coffee,DOM,-1.1304428577423096
coffee,ECU,-0.2543993964791298
coffee,ERI,-0.0
coffee,ETH,-1.1227084398269653
coffee,FJI,-1.0927156209945679
coffee,GAB,-1.1541516184806824
coffee,GHA,-1.1145849227905273
coffee,GIN,-0.2047549933195114
coffee,GNQ,-1.1574541330337524
coffee,GTM,-1.117710292339325
coffee,GUF,-0.0
coffee,GUY,-1.082337498664856
coffee,HND,-2.978923201560974
coffee,HTI,-1.1332658529281616
coffee,IDN,-0.8024969100952148
coffee,IND,-1.0969123840332031
coffee,JAM,-1.2767351865768433
coffee,KEN,-1.3889099955558777
coffee,KHM,-1.1388415098190308
coffee,LAO,-1.0377485752105713
coffee,LBR,-1.1737200021743774
coffee,LKA,-2.1740851402282715
coffee,MDG,-1.1439760327339172
coffee,MEX,-0.10118961334228516
coffee,MMR,-1.1280658841133118
coffee,MOZ,-0.9790171682834625
coffee,MWI,-1.0761476755142212
coffee,MYS,-0.9430809617042542
coffee,NAM,-7.5
coffee,NGA,-1.084639310836792
coffee,NIC,-1.323380172252655
coffee,NPL,-0.2557375431060791
coffee,OMN,-7.5
coffee,PAN,-1.411689281463623
coffee,PER,-1.4268855452537537
coffee,PHL,-0.8811476230621338
coffee,PNG,-1.0655567646026611
coffee,PRI,-1.9785192012786865
coffee,PRY,-1.0666452646255493
coffee,RWA,-0.12147059664130211
coffee,SAU,-7.5
coffee,SDN,-7.5
coffee,SLE,-1.1014915704727173
coffee,SLV,-0.8104887902736664
coffee,SSD,-1.0860338807106018
coffee,STP,7.5
coffee,SUR,-1.1852746605873108
coffee,TGO,-0.4938311278820038
coffee,THA,-1.1075520515441895
coffee,TLS,-0.601274311542511
coffee,TTO,-1.1052774786949158
coffee,TWN,-1.0893414616584778
coffee,TZA,-1.1647348403930664
coffee,UGA,-1.1320098638534546
coffee,USA,-3.672800660133362
coffee,VEN,-1.0959169268608093
coffee,VNM,-2.810291886329651
coffee,VUT,-1.0905193090438843
coffee,YEM,-2.198049783706665
coffee,ZAF,-0.0
coffee,ZMB,-1.1420769691467285
coffee,ZWE,-1.1681350469589233
cotton,AFG,-1.4303394556045532
cotton,AGO,7.5
cotton,ALB,-1.601584255695343
cotton,ARG,-1.2462952733039856
cotton,ARM,-1.228414535522461
cotton,ATG,-7.5
cotton,AUS,-5.823168754577637
cotton,AZE,-0.7121202051639557
cotton,BDI,-0.2795080840587616
cotton,BEN,-1.320909857749939
cotton,BFA,-1.277046024799347
cotton,BGD,-1.2910573482513428
cotton,BGR,-1.389041543006897
cotton,BLZ,-0.0
cotton,BOL,-1.1551012992858887
cotton,BRA,-2.6449179649353027
cotton,BTN,-7.5
cotton,BWA,-1.2198731899261475
cotton,CAF,-1.286973774433136
cotton,CHN,-5.3485963344573975
cotton,CIV,-0.4123923033475876
cotton,CMR,-1.2707288265228271
cotton,COD,-1.2861477136611938
cotton,COG,-7.5
cotton,COL,-2.756360173225403
cotton,CRI,-1.2099851369857788
cotton,DJI,-1.891811728477478
cotton,DOM,7.5
cotton,DZA,7.5
cotton,ECU,-0.90840083360672
cotton,EGY,-1.566119909286499
cotton,ERI,-1.4357738494873047
cotton,ESP,-1.6151076555252075
cotton,ETH,-1.3730932474136353
cotton,GAB,-0.0
cotton,GEO,-1.3056586384773254
cotton,GHA,-1.2713438868522644
cotton,GIN,-0.1113511472940445
cotton,GMB,-1.285638689994812
cotton,GNB,-1.2711261510849
cotton,GRC,-1.598353624343872
cotton,GRD,-7.5
cotton,GTM,-1.2545583844184875
cotton,HND,3.127786099910736
cotton,HTI,-1.2845499515533447
cotton,IND,-1.2893238067626953
cotton,IRN,-2.6657357215881348
cotton,IRQ,7.5
cotton,ISR,-1.1915045976638794
cotton,JOR,2.837940514087677
cotton,KAZ,-1.2857694625854492
cotton,KEN,7.5
cotton,KGZ,-1.2575422525405884
cotton,KHM,-1.2890133261680603
cotton,KOR,-1.2336050271987915
cotton,LAO,-1.291836678981781
cotton,LBN,3.1416894793510437
cotton,LBR,-4.392459392547607
cotton,LSO,7.5
cotton,MAR,-2.171122670173645
cotton,MDG,-1.2654524445533752
cotton,MEX,-2.9412516355514526
cotton,MKD,3.001656413078308
cotton,MLI,-0.39207935333251953
cotton,MMR,-1.3018897771835327
cotton,MNE,-0.0
cotton,MOZ,-1.2857754230499268
cotton,MRT,-7.5
cotton,MWI,-1.2819510102272034
cotton,MYS,-0.0
cotton,NAM,7.5
cotton,NER,-0.6963086128234863
cotton,NGA,-1.2767809629440308
cotton,NIC,3.1653189063072205
cotton,NPL,-1.2989489436149597
cotton,OMN,-0.0
cotton,PAK,-1.1082614660263062
cotton,PER,-2.412879228591919
cotton,PRT,-1.2848721742630005
cotton,PRY,-0.617104172706604
cotton,PSE,-1.7908118963241577
cotton,ROU,-0.0
cotton,RUS,7.5
cotton,RWA,-1.282492995262146
cotton,SAU,2.934715151786804
cotton,SDN,-1.2856569290161133
cotton,SEN,-1.2742558717727661
cotton,SLE,-1.2818697690963745
cotton,SLV,3.110413670539856
cotton,SOM,-1.2672935724258423
cotton,SSD,-1.2079055309295654
cotton,SWZ,-1.280307114124298
cotton,SYR,-2.1141304969787598
cotton,TCD,-1.223565936088562
cotton,TGO,-1.2788886427879333
cotton,THA,-1.3118988871574402
cotton,TJK,-3.405078887939453
cotton,TKM,-1.4359034299850464
cotton,TUN,-1.7823119163513184
cotton,TUR,-1.3991008400917053
cotton,TWN,-7.5
cotton,TZA,-1.279859483242035
cotton,UGA,-1.2678444981575012
cotton,URY,-1.236584186553955
cotton,USA,-1.314211130142212
cotton,UZB,-1.6253662109375
cotton,VEN,-1.211363971233368
cotton,VNM,-1.2990754842758179
cotton,YEM,-1.6067836284637451
cotton,ZAF,7.5
cotton,ZMB,-1.2826818227767944
cotton,ZWE,-0.5098746418952942
cowpea,AFG,-0.7880560159683228
cowpea,AGO,-0.7868072986602783
cowpea,ALB,-0.7422344982624054
cowpea,ARE,-0.0
cowpea,ARG,-0.7542903125286102
cowpea,ARM,-7.5
cowpea,AUS,-0.7190044522285461
cowpea,AUT,-0.6988559663295746
cowpea,AZE,-0.5670216977596283
cowpea,BDI,-0.8046939671039581
cowpea,BEL,3.6295596957206726
cowpea,BEN,-0.7554396688938141
cowpea,BFA,-0.7753162086009979
cowpea,BGD,-0.6711677610874176
cowpea,BGR,-0.6793395578861237
cowpea,BHS,-0.7041183710098267
cowpea,BIH,0.0
cowpea,BLR,3.5374372750520706
cowpea,BLZ,-0.7474348545074463
cowpea,BOL,-0.7208176553249359
cowpea,BRA,-0.7568868398666382
cowpea,BRB,-0.5739557147026062
cowpea,BRN,0.0
cowpea,BTN,-0.6660505831241608
cowpea,BWA,-0.7878476977348328
cowpea,CAF,-0.7383014261722565
cowpea,CAN,-7.5
cowpea,CHE,-3.993603304028511
cowpea,CHL,-0.7634601593017578
cowpea,CHN,-0.5310827195644379
cowpea,CIV,-0.7372878789901733
cowpea,CMR,-0.7685647010803223
cowpea,COD,-0.806612104177475
cowpea,COG,-0.7984766066074371
cowpea,COL,-0.7066400051116943
cowpea,COM,-0.7342120110988617
cowpea,CPV,-0.8093870282173157
cowpea,CRI,-0.7717071771621704
cowpea,CUB,-0.6987496018409729
cowpea,CYP,-2.462985873222351
cowpea,CZE,-0.6385347843170166
cowpea,DEU,-0.40512531995773315
cowpea,DJI,-1.0477620363235474
cowpea,DNK,-0.40484800934791565
cowpea,DOM,-1.5899620056152344
cowpea,DZA,-0.6626976132392883
cowpea,ECU,-0.7361488938331604
cowpea,EGY,-1.4956892728805542
cowpea,ERI,-0.7632718682289124
cowpea,ESP,-0.6540381014347076
cowpea,EST,-0.5541529953479767
cowpea,ETH,-0.7623372972011566
cowpea,FIN,3.5013303756713867
cowpea,FJI,-0.5709202885627747
cowpea,FRA,-0.4705467224121094
cowpea,GAB,-0.7286573946475983
cowpea,GBR,-0.5401942282915115
cowpea,GEO,-0.6927555203437805
cowpea,GHA,-0.7787851989269257
cowpea,GIN,-0.721866101026535
cowpea,GMB,-0.7601736485958099
cowpea,GNB,-0.7849538624286652
cowpea,GNQ,7.5
cowpea,GRC,-0.7215579152107239
cowpea,GRD,-0.7142576575279236
cowpea,GTM,-0.7386267781257629
cowpea,GUF,-0.7265101671218872
cowpea,GUY,-4.280557632446289
cowpea,HND,-0.8019303977489471
cowpea,HRV,3.447711020708084
cowpea,HTI,-0.7971303164958954
cowpea,HUN,-0.5611881911754608
cowpea,IDN,-0.7102175056934357
cowpea,IND,-0.8038782477378845
cowpea,IRL,-0.2809314876794815
cowpea,IRN,-0.7749840915203094
cowpea,IRQ,0.32209740579128265
cowpea,ISR,-0.6686775386333466
cowpea,ITA,-0.6717716157436371
cowpea,JAM,-2.4917612075805664
cowpea,JOR,-1.390970230102539
cowpea,JPN,-0.26135993003845215
cowpea,KAZ,-0.7960153818130493
cowpea,KEN,-0.229777991771698
cowpea,KGZ,-0.6204067766666412
cowpea,KHM,-0.6694230139255524
cowpea,KOR,-0.4646625220775604
cowpea,LAO,-0.5496681332588196
cowpea,LBN,-0.5584933161735535
cowpea,LBR,-0.7577320635318756
cowpea,LBY,-0.9135639667510986
cowpea,LKA,-1.2368692755699158
cowpea,LSO,-0.7581306993961334
cowpea,LTU,-0.569683313369751
cowpea,LUX,-7.5
cowpea,LVA,-0.48323366045951843
cowpea,MAR,-1.2441806197166443
cowpea,MDA,-4.122000515460968
cowpea,MDG,-0.665684849023819
cowpea,MEX,-0.7832948863506317
cowpea,MKD,-0.5764922499656677
cowpea,MLI,-0.15326258540153503
cowpea,MMR,-0.6906960606575012
cowpea,MNE,-3.99153208732605
cowpea,MNG,0.0
cowpea,MOZ,-0.7620915770530701
cowpea,MRT,-0.7604186236858368
cowpea,MWI,3.6965479366481304
cowpea,MYS,3.4461709558963776
cowpea,NAM,-0.6482006907463074
cowpea,NER,-0.8252231180667877
cowpea,NGA,-0.7677929401397705
cowpea,NIC,3.38114994764328
cowpea,NLD,-4.05733123421669
cowpea,NOR,-0.6465221643447876
cowpea,NPL,-0.6691791713237762
cowpea,NZL,-4.022471487522125
cowpea,OMN,-0.0
cowpea,PAK,-0.7989937663078308
cowpea,PAN,-0.7933273315429688
cowpea,PER,-0.5708618760108948
cowpea,PHL,-0.7036495804786682
cowpea,PNG,-0.798048347234726
cowpea,POL,3.484572619199753
cowpea,PRI,3.509055018424988
cowpea,PRT,-0.6856018900871277
cowpea,PRY,-0.7814856469631195
cowpea,PSE,-4.259730756282806
cowpea,ROU,-4.1099478006362915
cowpea,RUS,-0.7593032419681549
cowpea,RWA,-0.7916793823242188
cowpea,SAU,-0.8328723609447479
cowpea,SDN,-0.7444648146629333
cowpea,SEN,-0.6458168029785156
cowpea,SLB,-0.6934813857078552
cowpea,SLE,-0.7638251781463623
cowpea,SLV,3.386263281106949
cowpea,SOM,-0.7998531758785248
cowpea,SRB,-4.072757542133331
cowpea,SSD,-0.7344489395618439
cowpea,SUR,3.3860704600811005
cowpea,SVK,-0.6279644072055817
cowpea,SVN,3.5080412179231644
cowpea,SWE,-0.5842898488044739
cowpea,SWZ,-0.7361180782318115
cowpea,SYR,-0.785842776298523
cowpea,TCD,-0.7889212071895599
cowpea,TGO,-0.793401449918747
cowpea,THA,-0.7132357358932495
cowpea,TJK,-1.3987434208393097
cowpea,TKM,-0.6544140577316284
cowpea,TLS,3.4347565472126007
cowpea,TTO,-0.6279804706573486
cowpea,TUN,-0.847747415304184
cowpea,TUR,-0.6773495972156525
cowpea,TWN,-0.5204401016235352
cowpea,TZA,-0.2529639005661011
cowpea,UGA,-0.756495475769043
cowpea,UKR,-0.7670290172100067
cowpea,URY,-0.671482115983963
cowpea,USA,-0.7447503805160522
cowpea,UZB,-0.6431677341461182
cowpea,VEN,-0.7100947201251984
cowpea,VNM,3.430142968893051
cowpea,YEM,-0.6765056550502777
cowpea,ZAF,-1.2431246042251587
cowpea,ZMB,-0.7443102598190308
cowpea,ZWE,-0.8823685050010681
dry-pea,AFG,-0.6113748252391815
dry-pea,AGO,-0.6191785931587219
dry-pea,ALB,-0.5717242062091827
dry-pea,ARE,-0.0
dry-pea,ARG,-0.5632140636444092
dry-pea,ARM,-0.3883838951587677
dry-pea,AUS,-0.5598539710044861
dry-pea,AUT,-0.17125385999679565
dry-pea,AZE,-1.8441192507743835
dry-pea,BDI,-0.6244122982025146
dry-pea,BEL,-0.122418362647295
dry-pea,BEN,-0.5798957645893097
dry-pea,BFA,-0.6020810306072235
dry-pea,BGD,-0.49651646614074707
dry-pea,BGR,-0.33902475237846375
dry-pea,BHS,-7.5
dry-pea,BIH,3.5399002581834793
dry-pea,BLR,3.462105542421341
dry-pea,BLZ,-0.641032338142395
dry-pea,BOL,-0.5026805996894836
dry-pea,BRA,7.5
dry-pea,BRB,-7.5
dry-pea,BRN,-7.5
dry-pea,BTN,-0.5075559616088867
dry-pea,BWA,-0.6267305612564087
dry-pea,CAF,-0.5692178308963776
dry-pea,CAN,-0.45442889630794525
dry-pea,CHE,-0.6549396216869354
dry-pea,CHL,-0.9945723712444305
dry-pea,CHN,-0.37470051646232605
dry-pea,CIV,-0.5645912885665894
dry-pea,CMR,-0.5982276797294617
dry-pea,COD,-7.5
dry-pea,COG,-0.6229292154312134
dry-pea,COL,-0.8969096839427948
dry-pea,COM,-0.5899034440517426
dry-pea,CPV,-0.627104252576828
dry-pea,CRI,-0.6020941734313965
dry-pea,CUB,-0.5412907302379608
dry-pea,CYP,-0.39987288415431976
dry-pea,CZE,-0.21162031590938568
dry-pea,DEU,-0.23419004678726196
dry-pea,DJI,-7.5
dry-pea,DNK,-0.4245099723339081
dry-pea,DOM,-0.5634962618350983
dry-pea,DZA,-0.5104847550392151
dry-pea,ECU,-0.39339521527290344
dry-pea,EGY,7.5
dry-pea,ERI,-0.5865739583969116
dry-pea,ESP,-0.19024024158716202
dry-pea,EST,-0.38112403452396393
dry-pea,ETH,-0.7588826417922974
dry-pea,FIN,3.586344912648201
dry-pea,FJI,-7.5
dry-pea,FRA,-0.30021268129348755
dry-pea,GAB,-7.5
dry-pea,GBR,-0.4328829497098923
dry-pea,GEO,-0.44185708463191986
dry-pea,GHA,-0.6031647622585297
dry-pea,GIN,-0.5521897375583649
dry-pea,GMB,-0.5875774919986725
dry-pea,GNB,-0.6115898787975311
dry-pea,GNQ,7.5
dry-pea,GRC,-0.545997679233551
dry-pea,GRD,-7.5
dry-pea,GTM,-0.5647136569023132
dry-pea,GUF,-7.5
dry-pea,GUY,-0.515914261341095
dry-pea,HND,-0.7391639053821564
dry-pea,HRV,3.4971711337566376
dry-pea,HTI,-0.6158996820449829
dry-pea,HUN,-0.6959028244018555
dry-pea,IDN,-0.5895281732082367
dry-pea,IND,-0.6030744016170502
dry-pea,IRL,-0.11418049782514572
dry-pea,IRN,-0.6019285619258881
dry-pea,IRQ,0.7098748683929443
dry-pea,ISR,0.008667321177199483
dry-pea,ITA,-0.45823240280151367
dry-pea,JAM,-4.329914450645447
dry-pea,JOR,-0.6276186108589172
dry-pea,JPN,-0.040336751379072666
dry-pea,KAZ,-0.11640261858701706
dry-pea,KEN,-0.6371897459030151
dry-pea,KGZ,-0.37909989058971405
dry-pea,KHM,-0.5053710788488388
dry-pea,KOR,3.596393585205078
dry-pea,LAO,-0.40555718541145325
dry-pea,LBN,-0.37180283665657043
dry-pea,LBR,-0.5848655104637146
dry-pea,LBY,-0.75794917345047
dry-pea,LKA,-0.504896268248558
dry-pea,LSO,3.7676906641572714
dry-pea,LTU,-0.22097958624362946
dry-pea,LUX,-0.2739957943558693
dry-pea,LVA,-0.15984474122524261
dry-pea,MAR,-0.5866251587867737
dry-pea,MDA,-0.1361767053604126
dry-pea,MDG,-0.4950502812862396
dry-pea,MEX,-0.4425247013568878
dry-pea,MKD,-0.4336434602737427
dry-pea,MLI,-0.5895865559577942
dry-pea,MMR,-0.5464354157447815
dry-pea,MNE,-0.30621954798698425
dry-pea,MNG,-0.26108379662036896
dry-pea,MOZ,-0.5996655821800232
dry-pea,MRT,-0.6015838384628296
dry-pea,MWI,3.487669736146927
dry-pea,MYS,3.5371453166007996
dry-pea,NAM,-0.5070012211799622
dry-pea,NER,-0.6437706649303436
dry-pea,NGA,-0.5930694937705994
dry-pea,NIC,3.466805934906006
dry-pea,NLD,-1.3349304795265198
dry-pea,NOR,-0.37370434403419495
dry-pea,NPL,-0.48142117261886597
dry-pea,NZL,-0.36735039949417114
dry-pea,OMN,-0.0
dry-pea,PAK,-0.6181232929229736
dry-pea,PAN,-0.6170676648616791
dry-pea,PER,-0.7104195654392242
dry-pea,PHL,-0.5362394154071808
dry-pea,PNG,-7.5
dry-pea,POL,-0.3389691561460495
dry-pea,PRI,-7.5
dry-pea,PRT,-0.5144857913255692
dry-pea,PRY,-0.5896711349487305
dry-pea,PSE,-1.8468886613845825
dry-pea,ROU,-1.9541471600532532
dry-pea,RUS,-0.2272384986281395
dry-pea,RWA,-0.7442262470722198
dry-pea,SAU,-0.46613650023937225
dry-pea,SDN,-0.5869186520576477
dry-pea,SEN,-0.5472341179847717
dry-pea,SLB,-0.5525866746902466
dry-pea,SLE,-0.5958739519119263
dry-pea,SLV,3.47332164645195
dry-pea,SOM,-0.606018990278244
dry-pea,SRB,-0.38725903630256653
dry-pea,SSD,-0.5628235340118408
dry-pea,SUR,0.0
dry-pea,SVK,-0.34542566537857056
dry-pea,SVN,-0.3531826585531235
dry-pea,SWE,-0.413700133562088
dry-pea,SWZ,-0.5739986300468445
dry-pea,SYR,-0.6018590927124023
dry-pea,TCD,-0.6196947693824768
dry-pea,TGO,-0.6188313663005829
dry-pea,THA,-0.5761405229568481
dry-pea,TJK,-0.4904357045888901
dry-pea,TKM,-0.4887359142303467
dry-pea,TLS,3.5197954028844833
dry-pea,TTO,-3.9590918868780136
dry-pea,TUN,-0.6053482294082642
dry-pea,TUR,-1.1896551251411438
dry-pea,TWN,-0.34194567799568176
dry-pea,TZA,-0.5071501135826111
dry-pea,UGA,-0.5795402526855469
dry-pea,UKR,-0.38439176976680756
dry-pea,URY,-0.48907333612442017
dry-pea,USA,-0.36025547981262207
dry-pea,UZB,-2.2108616828918457
dry-pea,VEN,3.5171016603708267
dry-pea,VNM,-0.44838398694992065
dry-pea,YEM,-1.5922757387161255
dry-pea,ZAF,-0.5841473937034607
dry-pea,ZMB,-0.5838496088981628
dry-pea,ZWE,-0.7168548107147217
dryland-rice,AFG,-1.02266526222229
dryland-rice,AGO,-1.501220464706421
dryland-rice,ALB,-0.0
dryland-rice,ARG,-0.8933019936084747
dryland-rice,ARM,-0.0
dryland-rice,AUS,-1.3337993621826172
dryland-rice,AZE,-7.5
dryland-rice,BDI,-0.38479313254356384
dryland-rice,BEN,-1.373123586177826
dryland-rice,BFA,-1.338034987449646
dryland-rice,BGD,-0.36134694516658783
dryland-rice,BGR,-1.2921990156173706
dryland-rice,BLZ,-1.5808774828910828
dryland-rice,BOL,-0.5163817405700684
dryland-rice,BRA,-0.8374247848987579
dryland-rice,BRN,-1.3907670974731445
dryland-rice,BTN,-1.5443515181541443
dryland-rice,BWA,-0.0
dryland-rice,CAF,-1.4944819211959839
dryland-rice,CAN,-0.0
dryland-rice,CHE,-0.0
dryland-rice,CHL,-4.149903476238251
dryland-rice,CHN,-1.7609652280807495
dryland-rice,CIV,-0.19691171497106552
dryland-rice,CMR,-1.4002668261528015
dryland-rice,COD,-1.604628324508667
dryland-rice,COG,-1.6013697385787964
dryland-rice,COL,-1.3386911153793335
dryland-rice,COM,-0.0
dryland-rice,CRI,-1.263314664363861
dryland-rice,CUB,-1.1596806049346924
dryland-rice,DOM,-1.8854804635047913
dryland-rice,DZA,7.5
dryland-rice,ECU,-0.6541061997413635
dryland-rice,EGY,-2.6586748361587524
dryland-rice,ERI,-0.0
dryland-rice,ESP,-1.4051265120506287
dryland-rice,ETH,-0.6673306226730347
dryland-rice,FJI,-0.7027837932109833
dryland-rice,FRA,-0.9419946074485779
dryland-rice,GAB,7.5
dryland-rice,GEO,7.5
dryland-rice,GHA,-0.417289137840271
dryland-rice,GIN,-0.6167321503162384
dryland-rice,GMB,-0.3769870102405548
dryland-rice,GNB,-1.4209579229354858
dryland-rice,GNQ,7.5
dryland-rice,GRC,-1.147579848766327
dryland-rice,GTM,-1.451518177986145
dryland-rice,GUF,7.5
dryland-rice,GUY,-1.1850467920303345
dryland-rice,HND,-1.3942136764526367
dryland-rice,HRV,-0.0
dryland-rice,HTI,-1.4267269968986511
dryland-rice,HUN,-7.5
dryland-rice,IDN,-1.3510258197784424
dryland-rice,IND,-1.0483946204185486
dryland-rice,IRN,-3.2680492401123047
dryland-rice,IRQ,-1.5116058588027954
dryland-rice,ISR,0.0
dryland-rice,ITA,-1.8951696157455444
dryland-rice,JPN,-3.7755770683288574
dryland-rice,KAZ,-0.24246879667043686
dryland-rice,KEN,-1.1375133395195007
dryland-rice,KGZ,-3.0629642009735107
dryland-rice,KHM,-1.3329716324806213
dryland-rice,KOR,-6.295022964477539
dryland-rice,LAO,-1.2307831048965454
dryland-rice,LBR,-1.530207633972168
dryland-rice,LBY,-0.0
dryland-rice,LKA,-0.4334348440170288
dryland-rice,LSO,-0.0
dryland-rice,MAR,-7.5
dryland-rice,MDA,-0.0
dryland-rice,MDG,-0.4253367930650711
dryland-rice,MEX,-0.5160741209983826
dryland-rice,MKD,-7.5
dryland-rice,MLI,-0.47623148560523987
dryland-rice,MMR,-1.3290923237800598
dryland-rice,MOZ,-0.3851424604654312
dryland-rice,MRT,-1.0503249168395996
dryland-rice,MUS,-0.0
dryland-rice,MWI,-1.171528398990631
dryland-rice,MYS,-0.4114418476819992
dryland-rice,NAM,7.5
dryland-rice,NER,-1.4283169507980347
dryland-rice,NGA,-0.3455565869808197
dryland-rice,NIC,0.24922509491443634
dryland-rice,NPL,-0.34949274361133575
dryland-rice,PAK,-1.2338613271713257
dryland-rice,PAN,-1.0256963968276978
dryland-rice,PER,0.06833466142416
dryland-rice,PHL,-0.713769406080246
dryland-rice,PNG,7.5
dryland-rice,PRI,-2.5673927068710327
dryland-rice,PRT,-1.1974576115608215
dryland-rice,PRY,-0.9623021483421326
dryland-rice,PSE,-7.5
dryland-rice,ROU,-4.417897701263428
dryland-rice,RUS,-2.6132715940475464
dryland-rice,RWA,-1.9936760067939758
dryland-rice,SAU,7.5
dryland-rice,SDN,7.5
dryland-rice,SEN,-0.11004484444856644
dryland-rice,SLB,-1.4431295990943909
dryland-rice,SLE,-0.3281327039003372
dryland-rice,SLV,3.129543960094452
dryland-rice,SOM,-1.393381118774414
dryland-rice,SRB,-0.0
dryland-rice,SSD,-1.5082393288612366
dryland-rice,SUR,-0.15473981946706772
dryland-rice,SVK,-0.0
dryland-rice,SVN,-0.0
dryland-rice,SWZ,7.5
dryland-rice,SYR,-7.5
dryland-rice,TCD,-0.8889116644859314
dryland-rice,TGO,-0.21994752436876297
dryland-rice,THA,-0.48297250270843506
dryland-rice,TJK,-4.90496826171875
dryland-rice,TKM,-1.0202263593673706
dryland-rice,TLS,-1.9388885498046875
dryland-rice,TTO,-0.20707515627145767
dryland-rice,TUN,-0.0
dryland-rice,TUR,-2.5756947994232178
dryland-rice,TWN,-0.8503842353820801
dryland-rice,TZA,-0.05400231701787561
dryland-rice,UGA,3.014906883239746
dryland-rice,UKR,-1.7884801030158997
dryland-rice,URY,-0.6042468249797821
dryland-rice,USA,-1.3754695653915405
dryland-rice,UZB,-4.451380729675293
dryland-rice,VEN,-1.067599356174469
dryland-rice,VNM,-1.0108975172042847
dryland-rice,YEM,-0.0
dryland-rice,ZAF,7.5
dryland-rice,ZMB,-1.137878179550171
dryland-rice,ZWE,7.5
foxtail-millet,AFG,-0.6590230166912079
foxtail-millet,AGO,-0.4024636596441269
foxtail-millet,ARG,-0.49123886227607727
foxtail-millet,ARM,-0.0
foxtail-millet,AUS,7.5
foxtail-millet,AZE,-4.3510520458221436
foxtail-millet,BDI,-0.46351487934589386
foxtail-millet,BEN,-0.5333391427993774
foxtail-millet,BFA,-0.36181506514549255
foxtail-millet,BGD,-0.4804299771785736
foxtail-millet,BGR,-0.0
foxtail-millet,BLR,-0.31733858585357666
foxtail-millet,BOL,-0.0
foxtail-millet,BRA,-0.0
foxtail-millet,BTN,-3.782885655760765
foxtail-millet,BWA,-0.4313970357179642
foxtail-millet,CAF,-7.5
foxtail-millet,CAN,-0.0
foxtail-millet,CHE,-2.6489601135253906
foxtail-millet,CHN,-0.7196520566940308
foxtail-millet,CIV,-0.5638019442558289
foxtail-millet,CMR,-0.4355601519346237
foxtail-millet,COD,-0.4363989979028702
foxtail-millet,COG,-0.422405481338501
foxtail-millet,DEU,7.5
foxtail-millet,DZA,-0.0
foxtail-millet,ERI,-0.41014935076236725
foxtail-millet,ETH,-0.6841021180152893
foxtail-millet,FRA,3.287070244550705
foxtail-millet,GAB,-0.0
foxtail-millet,GEO,-0.0
foxtail-millet,GHA,-0.6369555592536926
foxtail-millet,GIN,-0.20064625144004822
foxtail-millet,GMB,-0.45713159441947937
foxtail-millet,GNB,-0.4413262754678726
foxtail-millet,GRC,-0.0
foxtail-millet,HUN,7.5
foxtail-millet,IND,-0.44213441014289856
foxtail-millet,IRN,-1.2511213421821594
foxtail-millet,IRQ,-0.8555373847484589
foxtail-millet,KAZ,-0.2965608239173889
foxtail-millet,KEN,-0.47779472172260284
foxtail-millet,KGZ,-0.7159605026245117
foxtail-millet,KHM,-0.0
foxtail-millet,KOR,-0.39142459630966187
foxtail-millet,LAO,0.0
foxtail-millet,LBY,-0.8086773753166199
foxtail-millet,LKA,-1.0345825552940369
foxtail-millet,LSO,7.5
foxtail-millet,MAR,-0.7644458413124084
foxtail-millet,MDA,3.4170129895210266
foxtail-millet,MLI,-0.3091331124305725
foxtail-millet,MMR,-0.4584696292877197
foxtail-millet,MNG,-0.0
foxtail-millet,MOZ,-0.43128761649131775
foxtail-millet,MRT,-0.3609681576490402
foxtail-millet,MWI,-0.4655274301767349
foxtail-millet,NAM,-0.0735698938369751
foxtail-millet,NER,-0.1347179263830185
foxtail-millet,NGA,-0.44415904581546783
foxtail-millet,NPL,-0.48666247725486755
foxtail-millet,OMN,-0.0
foxtail-millet,PAK,-0.3189385235309601
foxtail-millet,POL,7.5
foxtail-millet,PRY,-0.0
foxtail-millet,ROU,7.5
foxtail-millet,RUS,-0.2878616154193878
foxtail-millet,RWA,-0.41255466639995575
foxtail-millet,SAU,-7.5
foxtail-millet,SDN,-0.43566304445266724
foxtail-millet,SEN,-0.4865543097257614
foxtail-millet,SLE,-0.450610414147377
foxtail-millet,SOM,7.5
foxtail-millet,SSD,-0.38552211225032806
foxtail-millet,SVK,7.5
foxtail-millet,SWZ,3.542383849620819
foxtail-millet,SYR,7.5
foxtail-millet,TCD,-0.20254573971033096
foxtail-millet,TGO,-0.3263290524482727
foxtail-millet,THA,-0.7401317209005356
foxtail-millet,TJK,-0.4256668984889984
foxtail-millet,TKM,7.5
foxtail-millet,TUN,-0.0
foxtail-millet,TUR,-1.3168827891349792
foxtail-millet,TWN,-7.5
foxtail-millet,TZA,-0.4837586134672165
foxtail-millet,UGA,-0.4447578489780426
foxtail-millet,UKR,-0.5681828260421753
foxtail-millet,URY,-0.0
foxtail-millet,USA,-0.43647652864456177
foxtail-millet,UZB,-0.7957856059074402
foxtail-millet,VNM,2.961570620536804
foxtail-millet,YEM,-0.45234933495521545
foxtail-millet,ZAF,-0.37816253304481506
foxtail-millet,ZMB,-0.39064426720142365
foxtail-millet,ZWE,0.03355313325300813
gram,AFG,-1.1719847917556763
gram,AGO,-1.1790419816970825
gram,ALB,-1.1321249604225159
gram,ARE,-0.0
gram,ARG,-1.1291375756263733
gram,ARM,-7.5
gram,AUS,-0.42665037512779236
gram,AUT,-1.0771714448928833
gram,AZE,-0.9410185813903809
gram,BDI,-1.1814523339271545
gram,BEL,3.4631846845149994
gram,BEN,-1.1278504133224487
gram,BFA,-1.1616579294204712
gram,BGD,-0.5293214023113251
gram,BGR,-1.0554747581481934
gram,BHS,-1.0811973810195923
gram,BIH,3.2658511698246
gram,BLR,3.3406718373298645
gram,BLZ,-1.110656976699829
gram,BOL,7.5
gram,BRA,-1.1297136545181274
gram,BRB,-0.9323692321777344
gram,BRN,0.0
gram,BTN,-1.0612371563911438
gram,BWA,-1.1791139841079712
gram,CAF,-1.1067494750022888
gram,CAN,-7.5
gram,CHE,-0.6519551575183868
gram,CHL,-1.095587432384491
gram,CHN,-0.8899992406368256
gram,CIV,-1.1236129403114319
gram,CMR,-1.1493881344795227
gram,COD,-1.1902034282684326
gram,COG,-1.1819130182266235
gram,COL,7.5
gram,COM,-1.1264417171478271
gram,CPV,-1.1987663507461548
gram,CRI,-1.1594190001487732
gram,CUB,-1.0763640403747559
gram,CYP,2.774267077445984
gram,CZE,-0.9888350963592529
gram,DEU,-0.7591299414634705
gram,DJI,-1.2759454250335693
gram,DNK,-0.7215564250946045
gram,DOM,-0.0
gram,DZA,-1.1600892543792725
gram,ECU,-1.1153271794319153
gram,EGY,-1.1263331174850464
gram,ERI,-1.1437934637069702
gram,ESP,-0.492522194981575
gram,EST,-0.9899386465549469
gram,ETH,-0.994977205991745
gram,FIN,3.304640620946884
gram,FJI,-0.9647963345050812
gram,FRA,-0.8543093204498291
gram,GAB,-1.0866052508354187
gram,GBR,-0.9325225949287415
gram,GEO,-1.0786652565002441
gram,GHA,-1.1555590629577637
gram,GIN,-1.0968011617660522
gram,GMB,-1.1487817168235779
gram,GNB,-1.1752581000328064
gram,GNQ,7.5
gram,GRC,-3.0164010524749756
gram,GRD,-1.0838857889175415
gram,GTM,-1.1194344758987427
gram,GUF,7.5
gram,GUY,-1.072812557220459
gram,HND,-1.1886233687400818
gram,HRV,3.2597495317459106
gram,HTI,-1.1850783824920654
gram,HUN,-1.079784631729126
gram,IDN,-1.106325089931488
gram,IND,-1.1804036498069763
gram,IRL,-0.673403799533844
gram,IRN,-0.3273301124572754
gram,IRQ,7.5
gram,ISR,-3.3974732160568237
gram,ITA,-1.025822937488556
gram,JAM,-0.9802953898906708
gram,JOR,-2.6523828506469727
gram,JPN,-0.7073421776294708
gram,KAZ,-7.5
gram,KEN,-0.11020132154226303
gram,KGZ,-0.9971629083156586
gram,KHM,-1.0637339353561401
gram,KOR,-0.8613809645175934
gram,LAO,-0.9438951313495636
gram,LBN,-1.5633515119552612
gram,LBR,-1.1412298083305359
gram,LBY,7.5
gram,LKA,-1.0724782347679138
gram,LSO,-1.150232195854187
gram,LTU,-0.9291706681251526
gram,LUX,-7.5
gram,LVA,-0.8312747478485107
gram,MAR,-1.0338670015335083
gram,MDA,-4.312440395355225
gram,MDG,-1.0561751127243042
gram,MEX,-1.1634846925735474
gram,MKD,-0.9586240649223328
gram,MLI,-1.1205034255981445
gram,MMR,-1.0913781523704529
gram,MNE,-0.8334603905677795
gram,MNG,0.0
gram,MOZ,-1.15472412109375
gram,MRT,-1.1187006831169128
gram,MWI,3.2113084197044373
gram,MYS,3.2492443323135376
gram,NAM,-1.0384128093719482
gram,NER,-1.2141472101211548
gram,NGA,-1.1426880359649658
gram,NIC,3.1918007135391235
gram,NLD,-4.236579924821854
gram,NOR,-1.0228886604309082
gram,NPL,-0.6415595710277557
gram,NZL,-7.5
gram,OMN,-0.0
gram,PAK,-1.1886121034622192
gram,PAN,-1.1823686361312866
gram,PER,3.205560028553009
gram,PHL,-1.1082249283790588
gram,PNG,-1.1914366483688354
gram,POL,3.294954925775528
gram,PRI,7.5
gram,PRT,-1.066110074520111
gram,PRY,-1.1627889275550842
gram,PSE,-2.371976375579834
gram,ROU,-4.299190819263458
gram,RUS,-2.2666949033737183
gram,RWA,-1.1685199737548828
gram,SAU,-1.063896894454956
gram,SDN,-1.1321001052856445
gram,SEN,-1.0179033279418945
gram,SLB,-1.0870349407196045
gram,SLE,-1.1462660431861877
gram,SLV,3.1974607706069946
gram,SOM,-1.1856948137283325
gram,SRB,-1.0051741898059845
gram,SSD,-1.1000673174858093
gram,SUR,3.195591986179352
gram,SVK,-0.9965291917324066
gram,SVN,3.329090893268585
gram,SWE,-7.5
gram,SWZ,-1.1296343803405762
gram,SYR,-1.1738802194595337
gram,TCD,-1.168549656867981
gram,TGO,-1.16912043094635
gram,THA,-1.1081702709197998
gram,TJK,-1.001677691936493
gram,TKM,-1.0416556596755981
gram,TLS,3.2378631234169006
gram,TTO,-1.0123546123504639
gram,TUN,-0.9211153090000153
gram,TUR,-0.8247162401676178
gram,TWN,-0.9150384068489075
gram,TZA,-1.0623191595077515
gram,UGA,-1.1279592514038086
gram,UKR,-1.141322135925293
gram,URY,-1.0416753888130188
gram,USA,-0.5366218686103821
gram,UZB,-1.010227084159851
gram,VEN,-1.0875654816627502
gram,VNM,3.2329221367836
gram,YEM,-2.1286593675613403
gram,ZAF,-1.5021260976791382
gram,ZMB,-1.140056848526001
gram,ZWE,-1.2697179317474365
groundnut,AFG,7.5
groundnut,AGO,-1.332554578781128
groundnut,ARG,-1.1796028017997742
groundnut,ARM,3.3659538328647614
groundnut,AUS,-1.7725134491920471
groundnut,AZE,-0.7723419070243835
groundnut,BDI,-1.3600706458091736
groundnut,BEN,-1.3240246176719666
groundnut,BFA,-1.311472237110138
groundnut,BGD,-1.0368767380714417
groundnut,BGR,-0.0
groundnut,BLZ,-2.103890895843506
groundnut,BOL,-0.8102862238883972
groundnut,BRA,-1.408429205417633
groundnut,BRB,-0.0
groundnut,BRN,-0.0
groundnut,BTN,0.0805039145052433
groundnut,BWA,-1.287534236907959
groundnut,CAF,-1.2035025358200073
groundnut,CAN,-0.0
groundnut,CHN,-3.6463663578033447
groundnut,CIV,-0.4792039692401886
groundnut,CMR,-1.2558677792549133
groundnut,COD,-1.3370665311813354
groundnut,COG,-1.351988136768341
groundnut,COL,-1.1623865365982056
groundnut,COM,-1.3103258609771729
groundnut,CRI,-1.2296448349952698
groundnut,CUB,-1.2669527530670166
groundnut,DOM,-1.5025668144226074
groundnut,DZA,-0.26421022415161133
groundnut,ECU,-2.2742831707000732
groundnut,EGY,-5.894543409347534
groundnut,ERI,-1.3325461149215698
groundnut,ETH,-1.214237093925476
groundnut,FJI,-1.2978898882865906
groundnut,GAB,-1.3173032999038696
groundnut,GEO,-1.1978141069412231
groundnut,GHA,-1.0989285707473755
groundnut,GIN,-0.10611758008599281
groundnut,GMB,-0.6097557842731476
groundnut,GNB,-1.2753767371177673
groundnut,GNQ,0.0
groundnut,GRC,-3.030146837234497
groundnut,GTM,3.3155784606933594
groundnut,GUF,-0.0
groundnut,GUY,-1.2747200727462769
groundnut,HND,-1.3831530213356018
groundnut,HTI,-1.3812592029571533
groundnut,IDN,-2.0011646151542664
groundnut,IND,-1.0408377647399902
groundnut,IRN,-1.4265022277832031
groundnut,IRQ,-1.158015787601471
groundnut,ISR,-5.631221055984497
groundnut,JAM,-2.5545908212661743
groundnut,JOR,-1.1716524958610535
groundnut,JPN,-4.547838449478149
groundnut,KAZ,7.5
groundnut,KEN,-0.975331723690033
groundnut,KGZ,-1.00880828499794
groundnut,KHM,-1.2858695983886719
groundnut,KOR,-0.9557197391986847
groundnut,LAO,-1.079474925994873
groundnut,LBN,-0.7672850787639618
groundnut,LBR,-1.3634640574455261
groundnut,LBY,-1.7984554767608643
groundnut,LKA,-1.4088407754898071
groundnut,LSO,7.5
groundnut,MAR,-2.763311982154846
groundnut,MDG,-1.3407669067382812
groundnut,MEX,-0.8273730278015137
groundnut,MLI,-0.392853781580925
groundnut,MMR,-1.2477189302444458
groundnut,MOZ,-0.29428693652153015
groundnut,MRT,-1.3228196501731873
groundnut,MUS,-4.164759874343872
groundnut,MWI,3.4991257786750793
groundnut,MYS,-1.1822260022163391
groundnut,NAM,-1.3384733200073242
groundnut,NER,-0.15685179084539413
groundnut,NGA,-1.2947020530700684
groundnut,NIC,-1.0014445185661316
groundnut,NPL,-0.9012506306171417
groundnut,OMN,-0.0
groundnut,PAK,-1.2117311358451843
groundnut,PAN,-0.0
groundnut,PER,-1.0078992247581482
groundnut,PHL,-0.7669151127338409
groundnut,PNG,-1.3207356333732605
groundnut,PRY,-0.49371203780174255
groundnut,PSE,-7.5
groundnut,RWA,-0.5284680426120758
groundnut,SAU,-1.0802387595176697
groundnut,SDN,-1.3596457242965698
groundnut,SEN,-0.38473162055015564
groundnut,SLE,-0.40184803307056427
groundnut,SLV,7.5
groundnut,SOM,-1.277109146118164
groundnut,SSD,-1.2749165892601013
groundnut,SUR,-2.9378234148025513
groundnut,SWZ,-1.3492775559425354
groundnut,SYR,3.214082658290863
groundnut,TCD,-0.5124138444662094
groundnut,TGO,-0.312128022313118
groundnut,THA,-2.082839012145996
groundnut,TJK,-1.1042649745941162
groundnut,TKM,-1.0262259244918823
groundnut,TLS,3.7057337537407875
groundnut,TUN,-0.0
groundnut,TUR,-3.8000166416168213
groundnut,TWN,-1.0842984914779663
groundnut,TZA,-0.23558533191680908
groundnut,UGA,-1.3552290797233582
groundnut,URY,-1.3380668759346008
groundnut,USA,-1.560642957687378
groundnut,UZB,-7.5
groundnut,VEN,-0.9676233530044556
groundnut,VNM,-2.145102381706238
groundnut,VUT,-1.247226893901825
groundnut,YEM,-1.3174924850463867
groundnut,ZAF,-0.45865122973918915
groundnut,ZMB,-0.598715603351593
groundnut,ZWE,-0.4741097092628479
maize,AFG,3.4750675559043884
maize,AGO,-0.869362473487854
maize,ALB,-1.2954809069633484
maize,ARE,1.2968494296073914
maize,ARG,-0.2124045193195343
maize,ARM,-0.38773313164711
maize,ATG,-1.070510983467102
maize,AUS,7.5
maize,AUT,-0.5129371583461761
maize,AZE,-0.3583802431821823
maize,BDI,-0.3952609598636627
maize,BEL,0.04000493045896292
maize,BEN,-0.23831094056367874
maize,BFA,-0.2674204111099243
maize,BGD,-0.1229278277605772
maize,BGR,-0.11406138725578785
maize,BHS,0.19511781632900238
maize,BIH,-2.9831946194171906
maize,BLR,-0.7262527942657471
maize,BLZ,-1.0470270812511444
maize,BOL,-0.2725672125816345
maize,BRA,-0.3310721069574356
maize,BRB,5.459377765655518
maize,BTN,0.1613156422972679
maize,BWA,-0.8893362879753113
maize,CAF,-0.9465311169624329
maize,CAN,-0.9998342990875244
maize,CHE,-1.6198533177375793
maize,CHL,-1.4828511476516724
maize,CHN,-1.4237443208694458
maize,CIV,-0.6376888155937195
maize,CMR,-0.7772468328475952
maize,COD,-0.9631483554840088
maize,COG,-0.8849726617336273
maize,COL,-0.8402188420295715
maize,COM,-0.7530465722084045
maize,CPV,-0.0
maize,CRI,-0.45237797498703003
maize,CUB,-0.6012957692146301
maize,CZE,-0.18817906826734543
maize,DEU,-0.5011110007762909
maize,DJI,-0.0
maize,DNK,-0.4181192070245743
maize,DOM,3.526382103562355
maize,DZA,-0.2474788948893547
maize,ECU,-0.7708901762962341
maize,EGY,-1.278573215007782
maize,ERI,-0.8902200162410736
maize,ESP,-1.750159502029419
maize,EST,-0.427736759185791
maize,ETH,0.039002276957035065
maize,FIN,7.5
maize,FJI,-1.9084125757217407
maize,FRA,-0.4405488520860672
maize,GAB,-0.8383381068706512
maize,GEO,-0.20337368547916412
maize,GHA,-0.43926872313022614
maize,GIN,-0.23448289185762405
maize,GMB,-0.28532296419143677
maize,GNB,-0.9109516143798828
maize,GNQ,-0.9738234877586365
maize,GRC,-1.8879391551017761
maize,GRD,-0.5030719041824341
maize,GTM,-0.759091854095459
maize,GUF,-7.5
maize,GUY,-0.8863529562950134
maize,HND,-0.5863056182861328
maize,HRV,-4.047224313020706
maize,HTI,-0.9153749346733093
maize,HUN,0.0512932725250721
maize,IDN,7.5
maize,IND,-0.41203682124614716
maize,IRN,-1.3587855100631714
maize,IRQ,3.4710087180137634
maize,ISR,-7.469658374786377
maize,ITA,-1.1413305401802063
maize,JAM,-0.48903028666973114
maize,JOR,0.5507703199982643
maize,KAZ,-0.2630000710487366
maize,KEN,-0.21925409138202667
maize,KGZ,-0.9275440871715546
maize,KHM,-0.5294547975063324
maize,KOR,0.017816519364714622
maize,LAO,-0.5865400433540344
maize,LBN,-0.30558545887470245
maize,LBR,-0.8815427124500275
maize,LBY,-0.5474104583263397
maize,LKA,-0.595239669084549
maize,LSO,-0.28362220525741577
maize,LTU,-0.21599900722503662
maize,LUX,-0.4336097463965416
maize,LVA,-0.3361905664205551
maize,MAR,-0.14654995501041412
maize,MDA,0.2907853312790394
maize,MDG,-0.7303279042243958
maize,MEX,-0.3940503001213074
maize,MKD,-0.34159331023693085
maize,MLI,-0.22305692732334137
maize,MMR,-0.5408014059066772
maize,MNE,-0.2950470447540283
maize,MNG,-0.3367321938276291
maize,MOZ,-0.18196244537830353
maize,MRT,-0.9045859575271606
maize,MUS,0.43990154564380646
maize,MWI,-0.07075599953532219
maize,MYS,-0.6458332538604736
maize,NAM,-0.2999991774559021
maize,NER,-0.2293265014886856
maize,NGA,-0.25656288862228394
maize,NIC,0.0427534319460392
maize,NLD,-0.7764885947108269
maize,NOR,-0.0
maize,NPL,-0.28289179503917694
maize,NZL,-1.3954732418060303
maize,OMN,-3.463558554649353
maize,PAK,-0.5649416446685791
maize,PAN,-0.7958706319332123
maize,PER,-1.1093966960906982
maize,PHL,-0.3628213405609131
maize,PNG,-0.3800410032272339
maize,POL,-0.19343111664056778
maize,PRI,-1.4644693732261658
maize,PRT,-0.4009314626455307
maize,PRY,-0.23308119177818298
maize,PSE,4.644367814064026
maize,ROU,-0.20675865560770035
maize,RUS,-0.23128141462802887
maize,RWA,-0.2907424122095108
maize,SAU,7.5
maize,SDN,-0.8612405061721802
maize,SEN,-0.37918537855148315
maize,SLE,-0.06881312699988484
maize,SLV,3.4889799058437347
maize,SOM,-0.8426107168197632
maize,SRB,0.0040436312556266785
maize,SSD,-0.801100343465805
maize,STP,-4.059943228960037
maize,SUR,-7.5
maize,SVK,-0.11727304849773645
maize,SVN,-0.3437444269657135
maize,SWE,-0.43524080514907837
maize,SWZ,-0.7779936790466309
maize,SYR,-0.5922306776046753
maize,TCD,-0.13312719762325287
maize,TGO,-0.2565881237387657
maize,THA,-0.4200640916824341
maize,TJK,-1.8023765683174133
maize,TKM,-0.7990161180496216
maize,TLS,3.6306845992803574
maize,TTO,-0.748856782913208
maize,TUN,-0.0
maize,TUR,-0.6721697151660919
maize,TWN,-0.1747383326292038
maize,TZA,-0.05612499639391899
maize,UGA,-0.7456170618534088
maize,UKR,-0.46281568706035614
maize,URY,-0.33226534724235535
maize,USA,-0.7357580363750458
maize,UZB,-1.792551875114441
maize,VEN,-0.4522068202495575
maize,VNM,-0.6277480125427246
maize,VUT,-0.9123603701591492
maize,YEM,-0.8681653141975403
maize,ZAF,-0.30419476330280304
maize,ZMB,-0.055377598851919174
maize,ZWE,0.7817870378494263
mango,AGO,-2.718843698501587
mango,ARG,1.5397075414657593
mango,ATG,-6.490701675415039
mango,AUS,1.4992350339889526
mango,BDI,-0.0
mango,BEN,-4.8041229248046875
mango,BFA,0.43385031819343567
mango,BGD,-2.937796950340271
mango,BHS,-0.8533203899860382
mango,BLZ,-0.0
mango,BOL,0.16425102949142456
mango,BRA,-1.3129689693450928
mango,BRB,-0.0
mango,BRN,-0.0
mango,BTN,-5.154720067977905
mango,BWA,-0.0
mango,CAF,-4.745413780212402
mango,CHN,-7.5
mango,CIV,0.541058212518692
mango,CMR,-4.497786045074463
mango,COD,-2.222254991531372
mango,COG,-4.66226053237915
mango,COL,-3.90780246257782
mango,COM,-0.0
mango,CPV,-4.043798446655273
mango,CRI,-7.3716206550598145
mango,CUB,-3.3062132596969604
mango,DOM,1.5751545429229736
mango,ECU,0.11569350957870483
mango,EGY,3.0611472129821777
mango,ERI,-0.0
mango,ETH,0.16582649946212769
mango,FJI,-7.5
mango,GAB,-0.0
mango,GHA,-1.2266287803649902
mango,GIN,0.907913476228714
mango,GMB,0.6089973449707031
mango,GNB,-2.5302646160125732
mango,GNQ,-0.0
mango,GRD,-0.6053126687183976
mango,GTM,-1.8780683875083923
mango,GUF,-0.0
mango,GUY,-7.5
mango,HND,2.8177947998046875
mango,HTI,-3.154096245765686
mango,IDN,-4.301210880279541
mango,IND,-2.2706618309020996
mango,ISR,-7.5
mango,JAM,-2.2841140031814575
mango,JOR,0.09909800440073013
mango,JPN,-6.596770524978638
mango,KEN,3.947092294692993
mango,KHM,-3.566590905189514
mango,LAO,-3.3128662109375
mango,LBR,-0.0
mango,LKA,1.2636515498161316
mango,MAR,-2.27108097076416
mango,MDG,-4.845292091369629
mango,MEX,0.9340251386165619
mango,MLI,0.5657582879066467
mango,MMR,-4.381722688674927
mango,MOZ,-3.4162380695343018
mango,MRT,-0.0
mango,MUS,-0.0
mango,MWI,-1.3710958361625671
mango,MYS,-3.9176676273345947
mango,NAM,-3.0726470947265625
mango,NER,-0.08407824113965034
mango,NGA,-4.305150032043457
mango,NIC,-0.0
mango,NPL,-0.26420147716999054
mango,OMN,-7.5
mango,PAK,-0.772901862859726
mango,PAN,-3.0492892265319824
mango,PER,2.8153090476989746
mango,PHL,0.9160155057907104
mango,PNG,-0.0
mango,PRI,-7.5
mango,PRY,-3.475430727005005
mango,PSE,-7.1407551765441895
mango,RWA,-4.266141653060913
mango,SAU,-7.5
mango,SDN,-1.081068992614746
mango,SEN,0.23704713582992554
mango,SLB,-0.0
mango,SLE,-3.1506991386413574
mango,SLV,-0.014675557613372803
mango,SOM,-3.307648181915283
mango,SSD,-0.0
mango,STP,-0.0
mango,SUR,-6.922914266586304
mango,SWZ,2.230233669281006
mango,TCD,-0.13107417523860931
mango,TGO,-0.0
mango,THA,-2.6445852518081665
mango,TLS,2.264482855796814
mango,TTO,-4.323856353759766
mango,TWN,-1.0799809396266937
mango,TZA,-4.803832769393921
mango,UGA,-0.0
mango,USA,7.5
mango,VEN,-2.0385037660598755
mango,VNM,-3.6994539499282837
mango,VUT,-0.0
mango,YEM,-4.569716930389404
mango,ZAF,-3.373743176460266
mango,ZMB,-0.0
mango,ZWE,-5.2288713455200195
oat,AFG,-0.17722731828689575
oat,AGO,-0.0
oat,ALB,-0.6424982249736786
oat,ARE,-7.5
oat,ARG,-0.31631794571876526
oat,ARM,-0.21333177387714386
oat,AUS,-0.0
oat,AUT,-0.03791861643549055
oat,AZE,-0.016311255982145667
oat,BDI,-0.3932720869779587
oat,BEL,0.3176614046096802
oat,BEN,-0.420987993478775
oat,BFA,-0.3758395165205002
oat,BGD,-0.0
oat,BGR,-0.22774004936218262
oat,BIH,-0.18055418133735657
oat,BLR,-2.294429399073124
oat,BLZ,7.5
oat,BOL,-0.37505558133125305
oat,BRA,-0.13177630305290222
oat,BTN,0.34979522228240967
oat,BWA,-0.26898474991321564
oat,CAF,3.6362198144197464
oat,CAN,-0.386749267578125
oat,CHE,-0.8166619539260864
oat,CHL,-0.48465797305107117
oat,CHN,-0.3199068456888199
oat,CIV,-0.3596402108669281
oat,CMR,-0.3717257231473923
oat,COD,-7.5
oat,COG,-0.41339199244976044
oat,COL,-0.28502213954925537
oat,CYP,-0.13350613042712212
oat,CZE,-0.1992190182209015
oat,DEU,-0.041399489156901836
oat,DNK,-0.361468642950058
oat,DZA,-0.08944548293948174
oat,ECU,-0.16162072867155075
oat,EGY,-0.2708990126848221
oat,ERI,-0.40076959133148193
oat,ESP,-0.17298634350299835
oat,EST,0.002066036220639944
oat,ETH,-0.4513867050409317
oat,FIN,-0.33504776656627655
oat,FRA,-0.25766289234161377
oat,GAB,7.5
oat,GBR,-0.45030997693538666
oat,GEO,-0.05554821342229843
oat,GHA,-7.5
oat,GIN,-0.4234299212694168
oat,GMB,-0.41741158068180084
oat,GNB,-0.4178187847137451
oat,GRC,-0.17908784747123718
oat,GTM,7.5
oat,GUF,-0.0
oat,GUY,7.5
oat,HRV,3.7511648916406557
oat,HUN,0.08729840908199549
oat,IND,-0.2546018958091736
oat,IRL,-0.095852330327034
oat,IRN,-0.12830379605293274
oat,IRQ,-0.0
oat,ISR,0.1178569570183754
oat,ITA,-0.28949424624443054
oat,JOR,7.5
oat,JPN,-0.05484534613788128
oat,KAZ,-0.06918253749608994
oat,KEN,-0.2250496745109558
oat,KGZ,-0.21619730442762375
oat,KHM,-7.5
oat,KOR,-0.04905403917655349
oat,LAO,-7.5
oat,LBN,-0.231973335146904
oat,LBR,-7.5
oat,LBY,-0.0
oat,LSO,-0.13271065801382065
oat,LTU,-0.03233653772622347
oat,LUX,-0.2031252384185791
oat,LVA,0.04472417291253805
oat,MAR,-0.19912784546613693
oat,MDA,0.08325204811990261
oat,MEX,-0.3593827784061432
oat,MKD,-0.24273187667131424
oat,MLI,-0.410573810338974
oat,MMR,-0.44123221933841705
oat,MNE,-0.0371067663654685
oat,MNG,-0.05544203892350197
oat,MOZ,0.0
oat,MRT,-7.5
oat,MWI,0.0
oat,MYS,-0.0
oat,NAM,-0.0
oat,NER,-3.9513722509145737
oat,NGA,-0.4339544177055359
oat,NLD,-0.8690629303455353
oat,NOR,-0.7480113804340363
oat,NPL,-0.2784406840801239
oat,NZL,-0.6793161332607269
oat,OMN,-0.49306878447532654
oat,PER,-0.0
oat,POL,-0.10992218181490898
oat,PRT,-0.17871999740600586
oat,PRY,-7.5
oat,PSE,-0.27893180400133133
oat,ROU,-0.17281312495470047
oat,RUS,-0.09098029509186745
oat,RWA,-7.5
oat,SAU,-0.022363606840372086
oat,SDN,-0.3888762295246124
oat,SEN,-0.32555311918258667
oat,SLE,-0.4188443571329117
oat,SOM,-7.5
oat,SRB,-0.051643211394548416
oat,SSD,-7.5
oat,SUR,-0.0
oat,SVK,-0.22562504559755325
oat,SVN,-0.15395423769950867
oat,SWE,-0.2819903492927551
oat,SWZ,-7.5
oat,SYR,-0.14040416479110718
oat,TCD,-0.2766066938638687
oat,TGO,-0.4097243696451187
oat,THA,-0.39397603273391724
oat,TJK,0.04323901189491153
oat,TKM,-0.09751643985509872
oat,TUN,-0.3373746871948242
oat,TUR,-0.16459830850362778
oat,TWN,-7.5
oat,TZA,-0.3269234299659729
oat,UGA,7.5
oat,UKR,-0.18909148126840591
oat,URY,0.11622354388237
oat,USA,-0.22818908840417862
oat,UZB,-0.3100399374961853
oat,VEN,7.5
oat,VNM,7.5
oat,YEM,-7.5
oat,ZAF,-0.24930836260318756
oat,ZMB,7.5
oat,ZWE,-7.5
oil-palm,AGO,-0.0
oil-palm,BDI,-2.3219748735427856
oil-palm,BEN,3.150168299674988
oil-palm,BLZ,6.6596174240112305
oil-palm,BOL,7.5
oil-palm,BRA,0.708929181098938
oil-palm,BRN,4.636963844299316
oil-palm,CAF,0.18827888276427984
oil-palm,CHN,4.6512463092803955
oil-palm,CIV,1.0050076842308044
oil-palm,CMR,2.3564796447753906
oil-palm,COD,0.27269889414310455
oil-palm,COG,2.550489664077759
oil-palm,COL,-1.9406535625457764
oil-palm,CRI,2.7253512144088745
oil-palm,DOM,1.3736737668514252
oil-palm,ECU,3.9319006204605103
oil-palm,GAB,1.2970525622367859
oil-palm,GHA,0.3851385563611984
oil-palm,GIN,-0.5992478132247925
oil-palm,GMB,-0.0
oil-palm,GNB,-0.0
oil-palm,GNQ,1.5988690853118896
oil-palm,GTM,3.656132698059082
oil-palm,GUF,-0.0
oil-palm,GUY,-0.0
oil-palm,HND,1.4106419384479523
oil-palm,HTI,-7.5
oil-palm,IDN,4.3414623737335205
oil-palm,KEN,2.95184063911438
oil-palm,KHM,2.0836777687072754
oil-palm,LAO,2.4289928674697876
oil-palm,LBR,1.6446518898010254
oil-palm,MDG,2.433910369873047
oil-palm,MEX,3.130894660949707
oil-palm,MMR,5.730523109436035
oil-palm,MOZ,-0.0
oil-palm,MWI,3.8930968046188354
oil-palm,MYS,3.9895498752593994
oil-palm,NGA,-0.7045602202415466
oil-palm,NIC,2.9853997230529785
oil-palm,PAN,2.3188387155532837
oil-palm,PER,3.859074115753174
oil-palm,PHL,2.138164758682251
oil-palm,PNG,2.5190240144729614
oil-palm,PRY,0.5577908456325531
oil-palm,RWA,0.5539759024977684
oil-palm,SEN,-0.0
oil-palm,SLB,2.852579116821289
oil-palm,SLE,1.8768498301506042
oil-palm,SLV,-0.0
oil-palm,STP,1.6575700044631958
oil-palm,SUR,-1.083904206752777
oil-palm,TGO,0.8748646080493927
oil-palm,THA,3.0319002270698547
oil-palm,TLS,-0.0
oil-palm,TZA,2.1085197925567627
oil-palm,UGA,0.6631746888160706
oil-palm,VEN,2.589000701904297
oil-palm,VNM,3.2602224349975586
olive,AFG,-0.39891915023326874
olive,ALB,-1.250989019870758
olive,ARG,-0.79657843708992
olive,ARM,-0.0
olive,AUS,1.7114700078964233
olive,AZE,1.77910578250885
olive,BDI,-7.5
olive,BGR,-0.0
olive,BIH,3.8721081390976906
olive,BLZ,-0.0
olive,BRA,7.5
olive,BRN,-7.5
olive,BWA,7.5
olive,CHL,-0.4519975483417511
olive,CHN,-0.0
olive,COL,7.5
olive,CYP,-0.37547147274017334
olive,DNK,-0.0
olive,DOM,0.0
olive,DZA,-0.32550641894340515
olive,EGY,0.08537798374891281
olive,ESP,-0.2413078397512436
olive,FRA,0.6639873385429382
olive,GAB,-7.5
olive,GEO,-0.35709894075989723
olive,GIN,0.0
olive,GMB,-7.5
olive,GNB,-0.0
olive,GNQ,7.5
olive,GRC,-3.303743839263916
olive,GTM,0.0
olive,HND,0.0
olive,HRV,3.4113244116306305
olive,IRN,-1.6978874206542969
olive,IRQ,2.4022364616394043
olive,ISR,0.5912304669618607
olive,ITA,-0.744918018579483
olive,JOR,-1.1661326587200165
olive,KAZ,-0.0
olive,KGZ,-0.0
olive,KOR,-0.0
olive,LAO,0.0
olive,LBN,-2.3729954957962036
olive,LBR,-7.5
olive,LBY,-1.650119125843048
olive,LSO,-0.0
olive,MAR,0.365321546792984
olive,MDA,-7.5
olive,MEX,-0.5954031944274902
olive,MKD,-0.16884443536400795
olive,MLT,-0.30067938566207886
olive,MNE,-0.4485279768705368
olive,MNG,-7.5
olive,NAM,0.0
olive,NIC,-0.0
olive,NOR,-0.0
olive,NZL,-0.0
olive,PAK,-0.0
olive,PER,4.332741022109985
olive,PRT,0.5663820952177048
olive,PSE,-0.3315640687942505
olive,ROU,-0.0
olive,RUS,-0.0
olive,RWA,-7.5
olive,SAU,-0.0
olive,SLV,-4.35731440782547
olive,SOM,7.5
olive,SRB,-0.0
olive,SVN,3.2219382524490356
olive,SWZ,0.0
olive,SYR,-0.8461548089981079
olive,TJK,-0.0
olive,TKM,7.5
olive,TUN,-0.03337595984339714
olive,TUR,-0.6874901354312897
olive,TWN,-7.5
olive,URY,-0.6834946572780609
olive,USA,7.5
olive,UZB,-1.0670409798622131
olive,YEM,-7.5
olive,ZAF,-0.0
olive,ZMB,-7.5
onion,AFG,-5.912545442581177
onion,AGO,-6.360161304473877
onion,ALB,-3.644270181655884
onion,ARE,-2.6127235889434814
onion,ARG,-4.150475978851318
onion,ARM,-4.1231759786605835
onion,ATG,-4.245490550994873
onion,AUS,-7.5
onion,AUT,-2.0060632824897766
onion,AZE,0.16637513786554337
onion,BDI,-7.033977031707764
onion,BEL,-0.3767251968383789
onion,BEN,-5.505070447921753
onion,BFA,-5.764394283294678
onion,BGD,-0.9331382513046265
onion,BGR,0.7381479442119598
onion,BHS,-6.296685695648193
onion,BIH,0.41444873809814453
onion,BLR,4.057718276977539
onion,BLZ,-6.6825175285339355
onion,BOL,-2.097071886062622
onion,BRA,-6.93036413192749
onion,BRB,-6.7408788204193115
onion,BRN,-7.5
onion,BTN,-0.41355887055397034
onion,BWA,-5.620806694030762
onion,CAF,-7.5
onion,CAN,-7.5
onion,CHE,-7.5
onion,CHL,-7.5
onion,CHN,-4.515582799911499
onion,CIV,-6.715224266052246
onion,CMR,-7.5
onion,COD,-6.862124443054199
onion,COG,-7.4691925048828125
onion,COL,-4.0911171436309814
onion,COM,-7.5
onion,CPV,-3.75
onion,CRI,-7.5
onion,CUB,-4.693215370178223
onion,CYP,-5.065738677978516
onion,CZE,0.13295972347259521
onion,DEU,-2.107794761657715
onion,DJI,-7.5
onion,DNK,-5.912510871887207
onion,DOM,-7.5
onion,DZA,-6.401476860046387
onion,ECU,-0.28814584482461214
onion,EGY,-0.07630555471405387
onion,ERI,-7.5
onion,ESP,-6.191040277481079
onion,EST,3.400813102722168
onion,ETH,-1.3191334009170532
onion,FIN,-7.5
onion,FJI,-5.608099937438965
onion,FRA,-3.4098117351531982
onion,GAB,-7.5
onion,GBR,-7.5
onion,GEO,-0.6053730994462967
onion,GHA,-5.7072964906692505
onion,GIN,-7.40258002281189
onion,GMB,-7.122293949127197
onion,GNB,-7.5
onion,GNQ,7.5
onion,GRC,-7.5
onion,GRD,-7.5
onion,GTM,-6.037579536437988
onion,GUF,-7.5
onion,GUY,2.316101372241974
onion,HND,-7.5
onion,HRV,5.4628846645355225
onion,HTI,-7.372424364089966
onion,HUN,-4.108954668045044
onion,IDN,-6.573938846588135
onion,IND,-5.283782243728638
onion,IRL,-5.333814859390259
onion,IRN,-3.786381721496582
onion,IRQ,-1.0442773401737213
onion,ISR,-7.5
onion,ITA,-5.544054269790649
onion,JAM,-6.00740385055542
onion,JOR,-7.3204944133758545
onion,JPN,-0.6911230087280273
onion,KAZ,-0.0
onion,KEN,-3.034484386444092
onion,KGZ,-1.8643966317176819
onion,KHM,-6.614430665969849
onion,KOR,-0.7289033681154251
onion,LAO,-7.180436849594116
onion,LBN,-7.5
onion,LBR,-7.488320350646973
onion,LBY,-6.577429294586182
onion,LKA,-6.686394691467285
onion,LSO,-6.541502237319946
onion,LTU,0.6071547567844391
onion,LUX,-3.640493154525757
onion,LVA,1.7728705406188965
onion,MAR,-1.1458303332328796
onion,MDA,0.8672040551900864
onion,MDG,-6.647657871246338
onion,MEX,-4.49565863609314
onion,MKD,0.11555800346832257
onion,MLI,-7.5
onion,MLT,-7.5
onion,MMR,-5.938450574874878
onion,MNE,-5.306356906890869
onion,MNG,-5.443402290344238
onion,MOZ,-7.5
onion,MRT,-7.468388080596924
onion,MUS,-7.5
onion,MWI,-7.5
onion,MYS,-5.857205152511597
onion,NAM,-5.629093647003174
onion,NER,-7.483876705169678
onion,NGA,-7.5
onion,NIC,-7.1697211265563965
onion,NLD,3.956947445869446
onion,NOR,-7.236484050750732
onion,NPL,-6.093786954879761
onion,NZL,-4.876411437988281
onion,OMN,-7.5
onion,PAK,-2.257458209991455
onion,PAN,-7.5
onion,PER,-4.810958385467529
onion,PHL,-6.6919941902160645
onion,PNG,-5.305352449417114
onion,POL,1.1522067487239838
onion,PRI,-6.585924386978149
onion,PRT,-2.3034849166870117
onion,PRY,-7.290723085403442
onion,PSE,-7.5
onion,ROU,-2.145924687385559
onion,RUS,0.8728352189064026
onion,RWA,-4.065593957901001
onion,SAU,-7.5
onion,SDN,-6.2874755859375
onion,SEN,-7.5
onion,SLB,-7.5
onion,SLE,-7.5
onion,SLV,-3.864387631416321
onion,SOM,-7.5
onion,SRB,1.0362692475318909
onion,SSD,-7.0916748046875
onion,STP,-7.5
onion,SUR,-5.854167699813843
onion,SVK,-5.755391359329224
onion,SVN,-0.15496206283569336
onion,SWE,-7.5
onion,SWZ,-7.4181437492370605
onion,SYR,-5.476506233215332
onion,TCD,-5.824939727783203
onion,TGO,-7.452268123626709
onion,THA,-4.849871397018433
onion,TJK,-0.8942731022834778
onion,TKM,-5.012272834777832
onion,TLS,-7.5
onion,TTO,-7.317050218582153
onion,TUN,-1.4672788381576538
onion,TUR,-0.2287773285061121
onion,TWN,-5.515873908996582
onion,TZA,-4.519470691680908
onion,UGA,-7.4661805629730225
onion,UKR,1.9742047786712646
onion,URY,-7.5
onion,USA,-7.5
onion,UZB,3.1257238388061523
onion,VEN,-4.911101579666138
onion,VNM,0.08807233721017838
onion,VUT,-4.282348394393921
onion,YEM,-6.3395469188690186
onion,ZAF,-2.657780170440674
onion,ZMB,-7.5
onion,ZWE,-7.5
pearl-millet,AFG,0.1420195735991001
pearl-millet,AGO,-0.36866965889930725
pearl-millet,ARG,-0.123812735080719
pearl-millet,ARM,-0.0
pearl-millet,AUS,7.5
pearl-millet,AZE,-3.812125325202942
pearl-millet,BDI,-0.27434026449918747
pearl-millet,BEN,-0.3797188550233841
pearl-millet,BFA,-0.18971551954746246
pearl-millet,BGD,-0.23048830032348633
pearl-millet,BGR,-0.0
pearl-millet,BLR,-0.0
pearl-millet,BOL,-0.0
pearl-millet,BRA,-0.0
pearl-millet,BTN,-7.5
pearl-millet,BWA,-0.3228449672460556
pearl-millet,CAF,-7.5
pearl-millet,CAN,-0.0
pearl-millet,CHE,-1.7598665952682495
pearl-millet,CHN,-0.08109693974256516
pearl-millet,CIV,-0.428384393453598
pearl-millet,CMR,-0.23190756142139435
pearl-millet,COD,-0.34841716289520264
pearl-millet,COG,-0.25681811571121216
pearl-millet,DEU,7.5
pearl-millet,DZA,-0.0
pearl-millet,ERI,-0.3493276685476303
pearl-millet,ETH,-0.34339554607868195
pearl-millet,FRA,3.8844768404960632
pearl-millet,GAB,-0.0
pearl-millet,GEO,-0.0
pearl-millet,GHA,-0.38855938613414764
pearl-millet,GIN,0.0023516842629760504
pearl-millet,GMB,-0.3352031111717224
pearl-millet,GNB,-0.2629273533821106
pearl-millet,GRC,-0.0
pearl-millet,HUN,7.5
pearl-millet,IND,-0.042301274836063385
pearl-millet,IRN,-0.6728804111480713
pearl-millet,IRQ,-0.9066641628742218
pearl-millet,KAZ,-0.1093050017952919
pearl-millet,KEN,-0.2714671492576599
pearl-millet,KGZ,-0.22387222200632095
pearl-millet,KHM,-0.0
pearl-millet,KOR,-7.5
pearl-millet,LAO,0.0
pearl-millet,LBY,-0.40452805161476135
pearl-millet,LKA,-0.7429372072219849
pearl-millet,LSO,7.5
pearl-millet,MAR,-0.3838849291205406
pearl-millet,MDA,0.0
pearl-millet,MLI,-0.16465558111667633
pearl-millet,MMR,-0.2915849983692169
pearl-millet,MNG,-0.0
pearl-millet,MOZ,-0.33411718904972076
pearl-millet,MRT,-0.31543372571468353
pearl-millet,MWI,-0.2917443662881851
pearl-millet,NAM,-0.012841511517763138
pearl-millet,NER,-0.06175748258829117
pearl-millet,NGA,-0.23367773741483688
pearl-millet,NPL,-0.10254545509815216
pearl-millet,OMN,-0.0
pearl-millet,PAK,0.05384702980518341
pearl-millet,POL,7.5
pearl-millet,PRY,-0.0
pearl-millet,ROU,7.5
pearl-millet,RUS,-0.0
pearl-millet,RWA,-0.3173709660768509
pearl-millet,SAU,-0.41361477971076965
pearl-millet,SDN,-0.32227320969104767
pearl-millet,SEN,-0.21806782484054565
pearl-millet,SLE,-0.31186264753341675
pearl-millet,SOM,7.5
pearl-millet,SSD,-0.17027754336595535
pearl-millet,SVK,7.5
pearl-millet,SWZ,3.6218818724155426
pearl-millet,SYR,7.5
pearl-millet,TCD,-0.0923384577035904
pearl-millet,TGO,-0.23556237667798996
pearl-millet,THA,-0.3550885021686554
pearl-millet,TJK,-0.03374465927481651
pearl-millet,TKM,7.5
pearl-millet,TUN,-0.0
pearl-millet,TUR,-0.7195746302604675
pearl-millet,TWN,-7.5
pearl-millet,TZA,-0.22949489951133728
pearl-millet,UGA,-0.15842970460653305
pearl-millet,UKR,-0.20215659588575363
pearl-millet,URY,-0.0
pearl-millet,USA,-0.05896174535155296
pearl-millet,UZB,-0.3603888750076294
pearl-millet,VNM,3.2311829924583435
pearl-millet,YEM,-0.13216178864240646
pearl-millet,ZAF,-0.27426883578300476
pearl-millet,ZMB,-0.2382187619805336
pearl-millet,ZWE,0.09565548971295357
phaseolus-bean,AFG,-1.221629798412323
phaseolus-bean,AGO,-1.2201013565063477
phaseolus-bean,ALB,-3.1806269884109497
phaseolus-bean,ARE,-0.0
phaseolus-bean,ARG,-1.1458908319473267
phaseolus-bean,ARM,-4.396907091140747
phaseolus-bean,AUS,-1.134831190109253
phaseolus-bean,AUT,-1.067916989326477
phaseolus-bean,AZE,-2.2148321866989136
phaseolus-bean,BDI,-0.322382315993309
phaseolus-bean,BEL,-0.7016655504703522
phaseolus-bean,BEN,-1.172565519809723
phaseolus-bean,BFA,-1.2031872272491455
phaseolus-bean,BGD,-1.1020980477333069
phaseolus-bean,BGR,-1.0096493065357208
phaseolus-bean,BHS,-1.0866934657096863
phaseolus-bean,BIH,2.0249502658843994
phaseolus-bean,BLR,-0.8913933038711548
phaseolus-bean,BLZ,-0.7968226075172424
phaseolus-bean,BOL,-1.1031510829925537
phaseolus-bean,BRA,-0.6073775887489319
phaseolus-bean,BRB,-0.9501640796661377
phaseolus-bean,BRN,-4.290181875228882
phaseolus-bean,BTN,-1.3386178612709045
phaseolus-bean,BWA,-1.2282311916351318
phaseolus-bean,CAF,-1.1660687923431396
phaseolus-bean,CAN,-1.2713532447814941
phaseolus-bean,CHE,-0.8603532016277313
phaseolus-bean,CHL,-2.5987181663513184
phaseolus-bean,CHN,-0.7774420082569122
phaseolus-bean,CIV,-0.45098717510700226
phaseolus-bean,CMR,-1.1900004744529724
phaseolus-bean,COD,-1.2309426665306091
phaseolus-bean,COG,-1.2213700413703918
phaseolus-bean,COL,-1.6473848223686218
phaseolus-bean,COM,-1.1919898986816406
phaseolus-bean,CPV,-1.2372867465019226
phaseolus-bean,CRI,-0.8280935883522034
phaseolus-bean,CUB,-1.0903700590133667
phaseolus-bean,CYP,-4.343863010406494
phaseolus-bean,CZE,-0.9070506691932678
phaseolus-bean,DEU,-0.8335712254047394
phaseolus-bean,DJI,-1.5704129934310913
phaseolus-bean,DNK,-0.7791539430618286
phaseolus-bean,DOM,-1.903694748878479
phaseolus-bean,DZA,7.5
phaseolus-bean,ECU,-0.8382850289344788
phaseolus-bean,EGY,-2.2443315982818604
phaseolus-bean,ERI,-1.1873213052749634
phaseolus-bean,ESP,-3.3058512210845947
phaseolus-bean,EST,-0.9820755422115326
phaseolus-bean,ETH,-0.531644195318222
phaseolus-bean,FIN,3.286994069814682
phaseolus-bean,FJI,-1.0621562600135803
phaseolus-bean,FRA,-0.8996018171310425
phaseolus-bean,GAB,-1.1663684844970703
phaseolus-bean,GBR,-0.9681934118270874
phaseolus-bean,GEO,-1.3119523525238037
phaseolus-bean,GHA,-0.7704561650753021
phaseolus-bean,GIN,-1.1534982919692993
phaseolus-bean,GMB,-1.1882044672966003
phaseolus-bean,GNB,-1.212993085384369
phaseolus-bean,GNQ,7.5
phaseolus-bean,GRC,-4.597055196762085
phaseolus-bean,GRD,-2.1258432865142822
phaseolus-bean,GTM,-1.111720085144043
phaseolus-bean,GUF,-4.316528737545013
phaseolus-bean,GUY,-1.0606598854064941
phaseolus-bean,HND,-0.9096410572528839
phaseolus-bean,HRV,3.24722957611084
phaseolus-bean,HTI,-1.2153032422065735
phaseolus-bean,HUN,-1.111261785030365
phaseolus-bean,IDN,-1.105433166027069
phaseolus-bean,IND,-1.2328603863716125
phaseolus-bean,IRL,-0.7090385854244232
phaseolus-bean,IRN,-2.172938585281372
phaseolus-bean,IRQ,-0.02052857168018818
phaseolus-bean,ISR,-1.094788670539856
phaseolus-bean,ITA,-3.8633456230163574
phaseolus-bean,JAM,-1.7944790720939636
phaseolus-bean,JOR,-1.380957841873169
phaseolus-bean,JPN,-0.6383970677852631
phaseolus-bean,KAZ,-1.1854762434959412
phaseolus-bean,KEN,-0.344262033700943
phaseolus-bean,KGZ,-1.1437489986419678
phaseolus-bean,KHM,-1.1010792255401611
phaseolus-bean,KOR,-0.8804069757461548
phaseolus-bean,LAO,-1.0367503762245178
phaseolus-bean,LBN,-7.238492727279663
phaseolus-bean,LBR,-1.1852151155471802
phaseolus-bean,LBY,-7.5
phaseolus-bean,LKA,-1.1071299314498901
phaseolus-bean,LSO,-0.22015885263681412
phaseolus-bean,LTU,-0.32782624661922455
phaseolus-bean,LUX,-1.034024715423584
phaseolus-bean,LVA,-0.2418443262577057
phaseolus-bean,MAR,-1.6357803344726562
phaseolus-bean,MDA,-0.280940517783165
phaseolus-bean,MDG,-1.1028083562850952
phaseolus-bean,MEX,-0.41866861283779144
phaseolus-bean,MKD,-1.5017871856689453
phaseolus-bean,MLI,-1.1911004781723022
phaseolus-bean,MMR,-1.1427265405654907
phaseolus-bean,MNE,-0.9053908586502075
phaseolus-bean,MNG,-0.9354523718357086
phaseolus-bean,MOZ,-0.5396640300750732
phaseolus-bean,MRT,-1.2000247240066528
phaseolus-bean,MWI,3.553485006093979
phaseolus-bean,MYS,3.231515347957611
phaseolus-bean,NAM,-1.0988472700119019
phaseolus-bean,NER,-1.25331312417984
phaseolus-bean,NGA,-1.1952918767929077
phaseolus-bean,NIC,3.4945092499256134
phaseolus-bean,NLD,-3.0825103521347046
phaseolus-bean,NOR,-1.083539605140686
phaseolus-bean,NPL,-1.0933566689491272
phaseolus-bean,NZL,-0.9063577353954315
phaseolus-bean,OMN,-0.9909940361976624
phaseolus-bean,PAK,-0.0014117284445092082
phaseolus-bean,PAN,-0.502313420176506
phaseolus-bean,PER,-1.004194736480713
phaseolus-bean,PHL,-0.7273795008659363
phaseolus-bean,PNG,-1.2366511225700378
phaseolus-bean,POL,-1.6663219928741455
phaseolus-bean,PRI,-1.4453243613243103
phaseolus-bean,PRT,-1.1127521991729736
phaseolus-bean,PRY,-1.1894282102584839
phaseolus-bean,PSE,-1.4816630482673645
phaseolus-bean,ROU,-2.0855603218078613
phaseolus-bean,RUS,-0.96037358045578
phaseolus-bean,RWA,-0.345049113035202
phaseolus-bean,SAU,-1.2258973121643066
phaseolus-bean,SDN,-1.1767991781234741
phaseolus-bean,SEN,-1.0736186504364014
phaseolus-bean,SLB,-1.1583836078643799
phaseolus-bean,SLE,-1.1982043385505676
phaseolus-bean,SLV,3.3618666231632233
phaseolus-bean,SOM,-1.2458305358886719
phaseolus-bean,SRB,-1.3167043328285217
phaseolus-bean,SSD,-1.1599435806274414
phaseolus-bean,SUR,-1.1163294315338135
phaseolus-bean,SVK,-0.9489206373691559
phaseolus-bean,SVN,-3.5694340467453003
phaseolus-bean,SWE,-7.5
phaseolus-bean,SWZ,-1.1743735074996948
phaseolus-bean,SYR,-1.2163469791412354
phaseolus-bean,TCD,-0.3738654851913452
phaseolus-bean,TGO,-0.2943763732910156
phaseolus-bean,THA,-1.1672967672348022
phaseolus-bean,TJK,-3.2585688829421997
phaseolus-bean,TKM,-1.0825929641723633
phaseolus-bean,TLS,-1.8746895790100098
phaseolus-bean,TTO,-0.9621470272541046
phaseolus-bean,TUN,-1.2602965235710144
phaseolus-bean,TUR,-2.4364659786224365
phaseolus-bean,TWN,-0.9532179832458496
phaseolus-bean,TZA,-0.4809587001800537
phaseolus-bean,UGA,-1.178499460220337
phaseolus-bean,UKR,-1.160879671573639
phaseolus-bean,URY,-1.056513786315918
phaseolus-bean,USA,-1.0377439260482788
phaseolus-bean,UZB,-1.070595383644104
phaseolus-bean,VEN,-1.1199132204055786
phaseolus-bean,VNM,-1.1062479615211487
phaseolus-bean,YEM,-2.3968722820281982
phaseolus-bean,ZAF,-0.9735129475593567
phaseolus-bean,ZMB,-1.184891939163208
phaseolus-bean,ZWE,-0.5667272806167603
pigeonpea,AFG,-0.9677452147006989
pigeonpea,AGO,-0.9689590930938721
pigeonpea,ALB,-2.845389246940613
pigeonpea,ARE,-0.0
pigeonpea,ARG,-0.9515134990215302
pigeonpea,ARM,-7.5
pigeonpea,AUS,-0.8653905987739563
pigeonpea,AUT,-0.8755384087562561
pigeonpea,AZE,-0.743624359369278
pigeonpea,BDI,-0.9814864099025726
pigeonpea,BEL,3.541748508810997
pigeonpea,BEN,-0.932341992855072
pigeonpea,BFA,-0.9521223902702332
pigeonpea,BGD,-0.8493793308734894
pigeonpea,BGR,-0.8560789227485657
pigeonpea,BHS,-0.880972683429718
pigeonpea,BIH,3.3611147105693817
pigeonpea,BLR,3.4491562247276306
pigeonpea,BLZ,-0.9242889583110809
pigeonpea,BOL,-0.9117631912231445
pigeonpea,BRA,-0.9467001557350159
pigeonpea,BRB,-0.7403370141983032
pigeonpea,BRN,7.5
pigeonpea,BTN,-0.8591001629829407
pigeonpea,BWA,-0.9725781679153442
pigeonpea,CAF,-0.914997786283493
pigeonpea,CAN,-7.5
pigeonpea,CHE,-4.0813648998737335
pigeonpea,CHL,-7.5
pigeonpea,CHN,-0.7353001534938812
pigeonpea,CIV,-0.9140580892562866
pigeonpea,CMR,-0.9460836052894592
pigeonpea,COD,-0.9856223165988922
pigeonpea,COG,-0.9751588702201843
pigeonpea,COL,-0.8876712322235107
pigeonpea,COM,-0.9413388967514038
pigeonpea,CPV,-0.9861854910850525
pigeonpea,CRI,-0.9523227512836456
pigeonpea,CUB,-0.8910774290561676
pigeonpea,CYP,7.5
pigeonpea,CZE,-0.6553047895431519
pigeonpea,DEU,-0.5817781984806061
pigeonpea,DJI,-1.358014702796936
pigeonpea,DNK,-0.5273712277412415
pigeonpea,DOM,-1.3820458054542542
pigeonpea,DZA,-0.755704939365387
pigeonpea,ECU,-0.8930478394031525
pigeonpea,EGY,-0.7280263602733612
pigeonpea,ERI,-0.9403581023216248
pigeonpea,ESP,-0.7817743718624115
pigeonpea,EST,-0.8012512922286987
pigeonpea,ETH,-0.9391491711139679
pigeonpea,FIN,3.41303414106369
pigeonpea,FJI,-0.7474134266376495
pigeonpea,FRA,-0.6471593976020813
pigeonpea,GAB,-0.905306488275528
pigeonpea,GBR,-0.7157968580722809
pigeonpea,GEO,-4.193488955497742
pigeonpea,GHA,-0.9556990265846252
pigeonpea,GIN,-0.8986380994319916
pigeonpea,GMB,-0.936937153339386
pigeonpea,GNB,-0.9617151916027069
pigeonpea,GNQ,7.5
pigeonpea,GRC,-0.8965275585651398
pigeonpea,GRD,-1.830744743347168
pigeonpea,GTM,-0.9154781699180603
pigeonpea,GUF,7.5
pigeonpea,GUY,-0.8815391063690186
pigeonpea,HND,-0.9788036942481995
pigeonpea,HRV,3.3593833446502686
pigeonpea,HTI,-0.986421525478363
pigeonpea,HUN,-0.7378880679607391
pigeonpea,IDN,-0.8919145464897156
pigeonpea,IND,-0.9803881347179413
pigeonpea,IRL,-0.4565053731203079
pigeonpea,IRN,-0.9427530169487
pigeonpea,IRQ,-0.0
pigeonpea,ISR,-0.8443134427070618
pigeonpea,ITA,-0.8316803276538849
pigeonpea,JAM,-2.444535493850708
pigeonpea,JOR,-1.7019457817077637
pigeonpea,JPN,-0.4415728896856308
pigeonpea,KAZ,-0.9750484824180603
pigeonpea,KEN,-0.2697962820529938
pigeonpea,KGZ,-0.8127413094043732
pigeonpea,KHM,-0.8497151136398315
pigeonpea,KOR,-0.6660469770431519
pigeonpea,LAO,3.3827658593654633
pigeonpea,LBN,-4.1114861369133
pigeonpea,LBR,-0.9344867765903473
pigeonpea,LBY,-1.1572042107582092
pigeonpea,LKA,-0.8647387027740479
pigeonpea,LSO,-0.9586589336395264
pigeonpea,LTU,-0.7464598119258881
pigeonpea,LUX,-7.5
pigeonpea,LVA,-0.660018801689148
pigeonpea,MAR,-1.4251762628555298
pigeonpea,MDA,-4.210377991199493
pigeonpea,MDG,-0.8515836298465729
pigeonpea,MEX,-0.960271567106247
pigeonpea,MKD,-0.8022927641868591
pigeonpea,MLI,-0.9203972816467285
pigeonpea,MMR,-0.8865094482898712
pigeonpea,MNE,-7.5
pigeonpea,MNG,7.5
pigeonpea,MOZ,-0.9502413868904114
pigeonpea,MRT,-0.9461888372898102
pigeonpea,MWI,3.3098737001419067
pigeonpea,MYS,3.364860236644745
pigeonpea,NAM,-0.8470836281776428
pigeonpea,NER,-1.002125084400177
pigeonpea,NGA,-0.944698303937912
pigeonpea,NIC,3.292856901884079
pigeonpea,NLD,-7.5
pigeonpea,NOR,-0.8221502304077148
pigeonpea,NPL,-0.5720781683921814
pigeonpea,NZL,-4.07707142829895
pigeonpea,OMN,-0.0
pigeonpea,PAK,7.5
pigeonpea,PAN,-0.9725824892520905
pigeonpea,PER,-0.8954421877861023
pigeonpea,PHL,-0.89146888256073
pigeonpea,PNG,-0.9746390581130981
pigeonpea,POL,3.396266281604767
pigeonpea,PRI,-4.498292446136475
pigeonpea,PRT,-0.860479861497879
pigeonpea,PRY,-0.9717220664024353
pigeonpea,PSE,-4.4267414808273315
pigeonpea,ROU,-0.8758517503738403
pigeonpea,RUS,-0.9450393617153168
pigeonpea,RWA,-0.9684211909770966
pigeonpea,SAU,-1.4428794980049133
pigeonpea,SDN,-0.9212706685066223
pigeonpea,SEN,-0.8226413726806641
pigeonpea,SLB,-0.8700389862060547
pigeonpea,SLE,-0.9405845105648041
pigeonpea,SLV,3.297830820083618
pigeonpea,SOM,-0.991795688867569
pigeonpea,SRB,-0.7916270196437836
pigeonpea,SSD,-0.9166845083236694
pigeonpea,SUR,3.291499823331833
pigeonpea,SVK,-4.165761440992355
pigeonpea,SVN,3.351764291524887
pigeonpea,SWE,-7.5
pigeonpea,SWZ,-0.9193942546844482
pigeonpea,SYR,-0.9641225934028625
pigeonpea,TCD,-0.9606744647026062
pigeonpea,TGO,-0.9702965915203094
pigeonpea,THA,-0.8968990445137024
pigeonpea,TJK,-5.724625110626221
pigeonpea,TKM,-0.82989901304245
pigeonpea,TLS,3.3464587330818176
pigeonpea,TTO,-3.410971760749817
pigeonpea,TUN,-1.034506380558014
pigeonpea,TUR,-0.8462565541267395
pigeonpea,TWN,-0.70009446144104
pigeonpea,TZA,-0.28452011942863464
pigeonpea,UGA,-0.9368643164634705
pigeonpea,UKR,-0.909495621919632
pigeonpea,URY,-0.880850613117218
pigeonpea,USA,-0.9396598935127258
pigeonpea,UZB,-7.5
pigeonpea,VEN,-0.8721160888671875
pigeonpea,VNM,3.338487684726715
pigeonpea,YEM,-0.8861338496208191
pigeonpea,ZAF,-1.2989709377288818
pigeonpea,ZMB,-0.9337999224662781
pigeonpea,ZWE,-1.0620465278625488
plantain,AFG,-0.0
plantain,AGO,-0.0
plantain,ALB,-0.0
plantain,ARG,-0.0
plantain,AUS,-0.0
plantain,BDI,-4.801629304885864
plantain,BEN,-4.842986822128296
plantain,BFA,-0.0
plantain,BGD,-4.322611331939697
plantain,BHS,-7.5
plantain,BLZ,-3.040082335472107
plantain,BOL,-1.1495498418807983
plantain,BRA,-0.0
plantain,BRB,-5.806530475616455
plantain,BRN,-4.731065273284912
plantain,BTN,-0.0
plantain,BWA,-0.0
plantain,CAF,-4.959810256958008
plantain,CHN,-0.0
plantain,CIV,-4.790146350860596
plantain,CMR,-4.545693874359131
plantain,COD,-4.864352703094482
plantain,COG,-4.669166803359985
plantain,COL,-2.6191805601119995
plantain,COM,-0.0
plantain,CPV,-0.0
plantain,CRI,1.9926490783691406
plantain,CUB,-4.541175365447998
plantain,CYP,-0.0
plantain,DJI,-0.0
plantain,DOM,-4.254143238067627
plantain,DZA,-0.0
plantain,ECU,0.3679153770208359
plantain,EGY,-0.0
plantain,ERI,7.5
plantain,ESP,-0.0
plantain,ETH,-0.0
plantain,FJI,-4.078700304031372
plantain,FRA,-0.0
plantain,GAB,-4.738216161727905
plantain,GHA,-4.619605541229248
plantain,GIN,-4.72711706161499
plantain,GMB,-0.0
plantain,GNB,-4.869483709335327
plantain,GNQ,-4.752588272094727
plantain,GRC,-0.0
plantain,GRD,-5.818897247314453
plantain,GTM,-1.8553755283355713
plantain,GUF,7.5
plantain,GUY,-7.5
plantain,HND,-2.467537045478821
plantain,HTI,-4.281253695487976
plantain,IDN,-0.0
plantain,IND,-0.0
plantain,IRQ,-0.0
plantain,ISR,-0.0
plantain,JAM,-7.5
plantain,JOR,-0.0
plantain,KEN,-3.825082778930664
plantain,KHM,-0.0
plantain,LAO,-0.0
plantain,LBN,-0.0
plantain,LBR,-4.824485540390015
plantain,LKA,-2.439062237739563
plantain,MAR,-0.0
plantain,MDG,-0.0
plantain,MEX,-0.0
plantain,MLI,-0.0
plantain,MMR,-4.241377115249634
plantain,MOZ,-0.0
plantain,MRT,7.5
plantain,MUS,-0.0
plantain,MWI,-3.9038501977920532
plantain,MYS,-0.0
plantain,NAM,-3.7087838649749756
plantain,NER,-4.439543008804321
plantain,NGA,-4.746870517730713
plantain,NIC,-3.8620285987854004
plantain,NPL,-0.0
plantain,OMN,-0.0
plantain,PAK,-0.0
plantain,PAN,-2.510371208190918
plantain,PER,-0.0
plantain,PHL,-3.511168956756592
plantain,PNG,-0.0
plantain,PRI,-7.5
plantain,PRT,-0.0
plantain,PRY,-0.0
plantain,PSE,-0.0
plantain,RWA,-4.616801977157593
plantain,SAU,-0.0
plantain,SDN,-0.0
plantain,SEN,-0.0
plantain,SLB,-0.0
plantain,SLE,-4.839205980300903
plantain,SLV,-4.493037223815918
plantain,SOM,-0.0
plantain,SSD,-4.74885368347168
plantain,STP,-4.0091904401779175
plantain,SUR,-7.5
plantain,SWZ,-0.0
plantain,SYR,-0.0
plantain,TGO,-4.802068471908569
plantain,THA,-0.0
plantain,TLS,-0.0
plantain,TTO,-4.607155799865723
plantain,TUR,-0.0
plantain,TWN,-0.0
plantain,TZA,-4.74534797668457
plantain,UGA,-4.738466262817383
plantain,URY,7.5
plantain,USA,-0.0
plantain,VEN,-3.9766831398010254
plantain,VNM,-0.0
plantain,VUT,-0.0
plantain,YEM,-0.0
plantain,ZAF,-0.0
plantain,ZMB,-0.0
plantain,ZWE,-0.0
rapeseed,AFG,-0.0404045544564724
rapeseed,ALB,-0.0
rapeseed,ARG,-0.7041929662227631
rapeseed,ARM,7.5
rapeseed,AUS,-0.18293650448322296
rapeseed,AUT,-0.3448508381843567
rapeseed,AZE,0.3384571075439453
rapeseed,BEL,3.717049777507782
rapeseed,BGD,-0.2972324788570404
rapeseed,BGR,-0.3204146772623062
rapeseed,BIH,-0.2674984186887741
rapeseed,BLR,-0.15642883628606796
rapeseed,BLZ,-0.0
rapeseed,BOL,7.5
rapeseed,BRA,-0.7361512780189514
rapeseed,BTN,-0.6715932786464691
rapeseed,BWA,7.5
rapeseed,CAN,-0.5473377704620361
rapeseed,CHE,-0.8017883002758026
rapeseed,CHL,-0.15561023354530334
rapeseed,CHN,-0.47038501501083374
rapeseed,CZE,-0.48971328139305115
rapeseed,DEU,-0.4627661406993866
rapeseed,DNK,-0.5709248185157776
rapeseed,DZA,-0.8938159942626953
rapeseed,ERI,-0.0
rapeseed,ESP,-0.20664715766906738
rapeseed,EST,-0.2196725457906723
rapeseed,ETH,-0.42052334547042847
rapeseed,FIN,-0.40636231005191803
rapeseed,FRA,-0.5097532272338867
rapeseed,GBR,-0.5770694315433502
rapeseed,GEO,7.5
rapeseed,GRC,-0.49990227818489075
rapeseed,GTM,-0.0
rapeseed,GUY,-0.0
rapeseed,HRV,3.5769490748643875
rapeseed,HUN,-0.23855037242174149
rapeseed,IND,-0.6987043023109436
rapeseed,IRL,-0.003851915942505002
rapeseed,IRN,-0.5950400233268738
rapeseed,IRQ,-0.6154816150665283
rapeseed,ITA,-0.3700813502073288
rapeseed,JPN,-0.32813917100429535
rapeseed,KAZ,-0.21725603193044662
rapeseed,KGZ,-0.6114323139190674
rapeseed,KOR,-0.6101191341876984
rapeseed,LAO,7.5
rapeseed,LSO,-0.14633484184741974
rapeseed,LTU,-0.3683791607618332
rapeseed,LUX,-0.4105832800269127
rapeseed,LVA,-0.27412567287683487
rapeseed,MAR,-0.901044100522995
rapeseed,MDA,-0.09881789796054363
rapeseed,MEX,-0.16927793622016907
rapeseed,MKD,-0.20908793061971664
rapeseed,MMR,-0.4786931872367859
rapeseed,MNE,7.5
rapeseed,MNG,-0.8464304208755493
rapeseed,MOZ,3.335928440093994
rapeseed,NLD,-1.5270853340625763
rapeseed,NOR,-1.088533490896225
rapeseed,NPL,-0.4703640192747116
rapeseed,NZL,-0.49785207211971283
rapeseed,PAK,-0.6942200064659119
rapeseed,POL,-0.4105663299560547
rapeseed,PRT,-0.2636135444045067
rapeseed,PRY,-0.24160020798444748
rapeseed,ROU,-0.28756133466959
rapeseed,RUS,-0.2046806588768959
rapeseed,SRB,-0.09685087017714977
rapeseed,SVK,-0.31879594922065735
rapeseed,SVN,3.633648559451103
rapeseed,SWE,-0.38531312346458435
rapeseed,SWZ,-0.3276832103729248
rapeseed,SYR,-0.4786161184310913
rapeseed,TJK,-0.7877063453197479
rapeseed,TKM,-0.3323032855987549
rapeseed,TUN,-0.9951758086681366
rapeseed,TUR,-0.47651128470897675
rapeseed,TWN,-0.16129891574382782
rapeseed,UKR,-0.6085302233695984
rapeseed,URY,-0.6379502713680267
rapeseed,USA,-0.39026597142219543
rapeseed,UZB,-0.714545339345932
rapeseed,VEN,-0.0
rapeseed,VNM,-0.5323083698749542
rapeseed,ZAF,-0.6534428596496582
rye,AFG,-0.19588498771190643
rye,AGO,-0.0
rye,ALB,-0.5541780889034271
rye,ARE,-7.5
rye,ARG,-0.31426388025283813
rye,ARM,-0.1636601909995079
rye,AUS,-0.08666688203811646
rye,AUT,-0.18599070608615875
rye,AZE,-0.08058702945709229
rye,BDI,-0.39407917857170105
rye,BEL,3.85480747371912
rye,BEN,-0.4216582030057907
rye,BFA,-0.37650124728679657
rye,BGD,-0.0
rye,BGR,-0.03426754008978605
rye,BIH,-0.2208043485879898
rye,BLR,-2.29330363124609
rye,BLZ,7.5
rye,BOL,-7.5
rye,BRA,7.5
rye,BTN,0.38616780936717987
rye,BWA,-3.887532129883766
rye,CAF,3.6358017176389694
rye,CAN,-0.3028654456138611
rye,CHE,-0.7007455229759216
rye,CHL,0.18291223794221878
rye,CHN,-0.31184716522693634
rye,CIV,-0.36025649309158325
rye,CMR,-7.5
rye,COD,-7.5
rye,COG,-0.41421841084957123
rye,COL,-7.5
rye,CYP,-0.11124297231435776
rye,CZE,-0.21758399903774261
rye,DEU,-0.1079836692661047
rye,DNK,-0.4780385345220566
rye,DZA,-0.350827157497406
rye,ECU,-3.7830674909055233
rye,EGY,-0.2723270133137703
rye,ERI,-0.4015278220176697
rye,ESP,-0.18136338144540787
rye,EST,-0.11221536248922348
rye,ETH,-0.3114585727453232
rye,FIN,-0.38996951282024384
rye,FRA,-0.3005833625793457
rye,GAB,7.5
rye,GBR,-0.0017105374136008322
rye,GEO,-0.056312523782253265
rye,GHA,-7.5
rye,GIN,-0.4240226000547409
rye,GMB,-3.9529095888137817
rye,GNB,-0.41853778064250946
rye,GRC,-0.22416222840547562
rye,GTM,-0.0
rye,GUF,-0.0
rye,GUY,7.5
rye,HRV,3.688430104404688
rye,HUN,0.05704200966283679
rye,IND,-0.24374421685934067
rye,IRL,-0.0
rye,IRN,-0.16410928964614868
rye,IRQ,-0.1660289615392685
rye,ISR,0.11200413107872009
rye,ITA,-0.18251004815101624
rye,JOR,7.5
rye,JPN,-0.06105734221637249
rye,KAZ,-0.05555611476302147
rye,KEN,-7.5
rye,KGZ,-0.37722356617450714
rye,KHM,-7.5
rye,KOR,3.693827345967293
rye,LAO,-7.5
rye,LBN,-0.23880712687969208
rye,LBR,-7.5
rye,LBY,-0.0
rye,LSO,-0.1326208095997572
rye,LTU,-0.04178289324045181
rye,LUX,-0.24070939421653748
rye,LVA,-0.0008352883160114288
rye,MAR,-0.3958924263715744
rye,MDA,-0.06024438142776489
rye,MEX,-0.0
rye,MKD,-0.24775245040655136
rye,MLI,-0.4112147092819214
rye,MMR,-0.43407323956489563
rye,MNE,-0.037869563326239586
rye,MNG,-0.22809353470802307
rye,MOZ,7.5
rye,MRT,-7.5
rye,MWI,0.0
rye,MYS,-0.0
rye,NAM,-0.0
rye,NER,-7.5
rye,NGA,-0.43457014858722687
rye,NLD,-0.8748355135321617
rye,NOR,-0.9037189781665802
rye,NPL,-0.2793503999710083
rye,NZL,0.22745054960250854
rye,OMN,-0.49620068073272705
rye,PER,7.5
rye,POL,-0.12848280370235443
rye,PRT,-0.1255761943757534
rye,PRY,-7.5
rye,PSE,-0.2896766737103462
rye,ROU,-0.14506052434444427
rye,RUS,-0.1104355938732624
rye,RWA,-7.5
rye,SAU,-0.03997178189456463
rye,SDN,-7.5
rye,SEN,-0.326264888048172
rye,SLE,-0.4195649176836014
rye,SOM,-7.5
rye,SRB,-0.1678236722946167
rye,SSD,-7.5
rye,SUR,-0.0
rye,SVK,-0.11646662279963493
rye,SVN,-0.2399294376373291
rye,SWE,-0.5913906693458557
rye,SWZ,0.0
rye,SYR,-0.14115993678569794
rye,TCD,-0.2823309749364853
rye,TGO,-0.410344198346138
rye,THA,-0.3947306275367737
rye,TJK,-0.1800181046128273
rye,TKM,-0.1245202124118805
rye,TUN,-0.3473838120698929
rye,TUR,-0.18421434611082077
rye,TWN,-7.5
rye,TZA,-0.32778768241405487
rye,UGA,-0.0
rye,UKR,-0.22597672790288925
rye,URY,0.01676677167415619
rye,USA,-0.24602556973695755
rye,UZB,-1.3787192106246948
rye,VEN,-0.0
rye,VNM,-0.0
rye,YEM,0.0
rye,ZAF,-0.3405274748802185
rye,ZMB,7.5
rye,ZWE,-7.5
sesame,AFG,-0.3557795286178589
sesame,AGO,-0.4154714196920395
sesame,ALB,-0.0
sesame,ARE,-0.0
sesame,ARG,-0.14094482734799385
sesame,ARM,-0.0
sesame,AZE,0.5046410709619522
sesame,BDI,-0.3072359561920166
sesame,BEN,-0.1216769702732563
sesame,BFA,-0.29147542268037796
sesame,BGD,-0.0
sesame,BGR,-0.0
sesame,BLZ,7.5
sesame,BOL,-0.2568766176700592
sesame,BRA,-0.4340052604675293
sesame,BTN,7.5
sesame,BWA,3.5408938974142075
sesame,CAF,1.0002517402172089
sesame,CHN,-1.6015326976776123
sesame,CIV,-0.6143247783184052
sesame,CMR,0.00044213607907295227
sesame,COD,-0.5187610387802124
sesame,COG,-0.5326984226703644
sesame,COL,-0.13163955137133598
sesame,CRI,-7.5
sesame,DOM,-1.3009308576583862
sesame,DZA,-0.0
sesame,ECU,-0.0
sesame,EGY,-0.18052580952644348
sesame,ERI,-0.5922036468982697
sesame,ETH,-0.20505161583423615
sesame,GAB,-0.0
sesame,GHA,-0.4241989105939865
sesame,GIN,-0.5963630080223083
sesame,GMB,-0.40896449983119965
sesame,GNB,-0.11040870286524296
sesame,GRC,7.5
sesame,GTM,0.04784012958407402
sesame,GUY,7.5
sesame,HND,-0.1979922316968441
sesame,HTI,-0.44893963634967804
sesame,IND,-0.3045957684516907
sesame,IRN,-0.6692586541175842
sesame,IRQ,0.18132097274065018
sesame,ISR,0.77702197432518
sesame,JOR,0.20595383644104004
sesame,KEN,0.4229765981435776
sesame,KGZ,4.110265076160431
sesame,KHM,-0.26828381419181824
sesame,KOR,-0.37847283482551575
sesame,LAO,0.17216140031814575
sesame,LBN,1.228197455406189
sesame,LBR,-7.5
sesame,LKA,-0.3884767144918442
sesame,MAR,-0.4783613085746765
sesame,MEX,-0.059697020798921585
sesame,MKD,-0.07692310959100723
sesame,MLI,-0.06892900634557009
sesame,MMR,-0.47994333505630493
sesame,MOZ,-0.149198979139328
sesame,MRT,-4.044289201498032
sesame,MWI,-0.47397375106811523
sesame,MYS,-0.0
sesame,NAM,-0.18706929683685303
sesame,NER,-0.0
sesame,NGA,-0.1708516702055931
sesame,NIC,-0.20504377782344818
sesame,NPL,-0.11668160557746887
sesame,OMN,-0.0
sesame,PAK,-0.1537654846906662
sesame,PER,7.5
sesame,PRY,0.11610309407114983
sesame,PSE,-1.4855585098266602
sesame,RWA,-0.33819323778152466
sesame,SAU,0.495077446103096
sesame,SDN,-0.4761490821838379
sesame,SEN,-0.1410628156736493
sesame,SLE,-0.9117150604724884
sesame,SLV,0.0210920050740242
sesame,SOM,-0.4458145201206207
sesame,SSD,-0.42551764845848083
sesame,SWZ,-0.1624048724770546
sesame,SYR,-0.06558475643396378
sesame,TCD,-0.05701105110347271
sesame,TGO,-0.10720283538103104
sesame,THA,-0.43115343153476715
sesame,TJK,0.6394213438034058
sesame,TKM,0.5571452975273132
sesame,TUR,-0.6747507452964783
sesame,TWN,-0.04918932542204857
sesame,TZA,0.033666493371129036
sesame,UGA,-0.2659655958414078
sesame,URY,-0.31447887420654297
sesame,USA,7.5
sesame,UZB,0.39035220444202423
sesame,VEN,-0.496114119887352
sesame,VNM,-1.0229830741882324
sesame,YEM,-1.065550982952118
sesame,ZAF,-0.42439745366573334
sesame,ZMB,-0.2336176186800003
sesame,ZWE,-0.5033520311117172
silage-maize,AFG,-0.6432210206985474
silage-maize,AGO,-1.109665870666504
silage-maize,ALB,-0.7689596116542816
silage-maize,ARE,1.2510590553283691
silage-maize,ARG,-0.6073591709136963
silage-maize,ARM,-0.07431570068001747
silage-maize,ATG,-7.5
silage-maize,AUS,-0.4212287366390228
silage-maize,AUT,-0.7590518891811371
silage-maize,AZE,0.26004832331091166
silage-maize,BDI,-0.6398397088050842
silage-maize,BEL,-0.7259739637374878
silage-maize,BEN,-7.5
silage-maize,BFA,-7.5
silage-maize,BGD,0.6092365384101868
silage-maize,BGR,1.1099300384521484
silage-maize,BHS,-0.8215659558773041
silage-maize,BIH,3.829745762050152
silage-maize,BLR,-2.840243846178055
silage-maize,BLZ,-0.49235209822654724
silage-maize,BOL,-0.4040556848049164
silage-maize,BRA,-0.49415186047554016
silage-maize,BRB,-7.5
silage-maize,BRN,-7.5
silage-maize,BTN,-1.2731395363807678
silage-maize,BWA,2.7309319972991943
silage-maize,CAF,-1.1578336954116821
silage-maize,CAN,-1.040661096572876
silage-maize,CHE,-0.5910024791955948
silage-maize,CHL,-2.207239508628845
silage-maize,CHN,-0.43063676357269287
silage-maize,CIV,-0.0
silage-maize,CMR,0.5597061226144433
silage-maize,COD,-0.3462420701980591
silage-maize,COG,-0.2849804759025574
silage-maize,COL,-1.3339424133300781
silage-maize,COM,-1.0477327108383179
silage-maize,CPV,-0.0
silage-maize,CRI,-0.08029822632670403
silage-maize,CUB,-0.47072918713092804
silage-maize,CYP,7.448195695877075
silage-maize,CZE,1.1676048040390015
silage-maize,DEU,0.5625889897346497
silage-maize,DJI,-1.0887128114700317
silage-maize,DNK,7.058481931686401
silage-maize,DOM,-0.471493124961853
silage-maize,DZA,-0.13666944205760956
silage-maize,ECU,-0.687213271856308
silage-maize,EGY,2.0722687244415283
silage-maize,ERI,-1.0587382912635803
silage-maize,ESP,-1.0852771997451782
silage-maize,EST,-0.4806396961212158
silage-maize,ETH,-0.41442641615867615
silage-maize,FIN,-0.0
silage-maize,FJI,-1.9544482827186584
silage-maize,FRA,-0.35143420100212097
silage-maize,GAB,-1.0245358347892761
silage-maize,GBR,0.7956834733486176
silage-maize,GEO,-0.26421721279621124
silage-maize,GHA,-0.0
silage-maize,GIN,0.34348519146442413
silage-maize,GMB,-0.0
silage-maize,GNB,-0.0
silage-maize,GNQ,-7.5
silage-maize,GRC,-0.6707853972911835
silage-maize,GRD,7.5
silage-maize,GTM,-0.637265145778656
silage-maize,GUF,-7.5
silage-maize,GUY,-0.9755025506019592
silage-maize,HND,-0.15651380270719528
silage-maize,HRV,-3.0651491582393646
silage-maize,HTI,-1.1710298657417297
silage-maize,HUN,0.3376373089849949
silage-maize,IDN,-0.946922779083252
silage-maize,IND,-0.5241327285766602
silage-maize,IRL,-0.30151888728141785
silage-maize,IRN,-1.7692137956619263
silage-maize,IRQ,4.286656737327576
silage-maize,ISL,-0.8230502009391785
silage-maize,ISR,-7.5
silage-maize,ITA,0.5834330320358276
silage-maize,JAM,2.048548936843872
silage-maize,JOR,1.5242105722427368
silage-maize,JPN,0.2328922301530838
silage-maize,KAZ,-0.7270047068595886
silage-maize,KEN,-0.24317899346351624
silage-maize,KGZ,-1.2705057859420776
silage-maize,KHM,-1.0315987467765808
silage-maize,KOR,-0.13719330728054047
silage-maize,LAO,3.393381118774414
silage-maize,LBN,4.93198299407959
silage-maize,LBR,-4.307416141033173
silage-maize,LBY,-1.5316637754440308
silage-maize,LKA,-0.6257726550102234
silage-maize,LSO,-0.64505735039711
silage-maize,LTU,0.1600586734712124
silage-maize,LUX,-0.34815260022878647
silage-maize,LVA,-0.3318648263812065
silage-maize,MAR,2.769134283065796
silage-maize,MDA,0.2783309146761894
silage-maize,MDG,-0.4498777836561203
silage-maize,MEX,-0.5022997856140137
silage-maize,MKD,-0.03909805556759238
silage-maize,MLI,-7.5
silage-maize,MLT,-3.8011568523943424
silage-maize,MMR,4.564875602722168
silage-maize,MNE,1.7874802947044373
silage-maize,MNG,-0.9434402883052826
silage-maize,MOZ,-0.3341086059808731
silage-maize,MRT,-1.1779390573501587
silage-maize,MUS,-1.0087991952896118
silage-maize,MWI,-0.35929355025291443
silage-maize,MYS,-0.7410292029380798
silage-maize,NAM,-0.0997663214802742
silage-maize,NER,-0.0
silage-maize,NGA,-0.39052122831344604
silage-maize,NIC,-0.34301672875881195
silage-maize,NLD,1.6228141784667969
silage-maize,NOR,-0.0
silage-maize,NPL,-0.06697858683764935
silage-maize,NZL,-2.12639844417572
silage-maize,OMN,-2.503411054611206
silage-maize,PAK,2.3503501415252686
silage-maize,PAN,-0.318957656621933
silage-maize,PER,-1.4802358150482178
silage-maize,PHL,-0.323518842458725
silage-maize,PNG,-0.395805299282074
silage-maize,POL,-0.04665568098425865
silage-maize,PRI,-2.1165220737457275
silage-maize,PRT,-0.6169428825378418
silage-maize,PRY,-0.2913094311952591
silage-maize,PSE,1.4305865168571472
silage-maize,ROU,0.1868259720504284
silage-maize,RUS,-0.534771591424942
silage-maize,RWA,-0.5751232802867889
silage-maize,SAU,-2.5705806016921997
silage-maize,SDN,-0.9368624091148376
silage-maize,SEN,-0.0
silage-maize,SLB,-4.163658022880554
silage-maize,SLE,-0.05400258209556341
silage-maize,SLV,1.0572221279144287
silage-maize,SOM,-1.048884928226471
silage-maize,SRB,0.19338041171431541
silage-maize,SSD,-1.0102364420890808
silage-maize,STP,-1.047785758972168
silage-maize,SUR,-7.5
silage-maize,SVK,0.7519678846001625
silage-maize,SVN,1.5549159049987793
silage-maize,SWE,-0.0
silage-maize,SWZ,-0.4163740873336792
silage-maize,SYR,2.6001012325286865
silage-maize,TCD,-3.988577038049698
silage-maize,TGO,-0.0878865085542202
silage-maize,THA,-0.9019956886768341
silage-maize,TJK,-2.452763080596924
silage-maize,TKM,-0.9691271185874939
silage-maize,TLS,-0.7014099359512329
silage-maize,TTO,-0.8545810580253601
silage-maize,TUN,0.23450558632612228
silage-maize,TUR,3.4257081747055054
silage-maize,TWN,-0.0
silage-maize,TZA,-0.43761129677295685
silage-maize,UGA,-0.4177714139223099
silage-maize,UKR,-0.5602027773857117
silage-maize,URY,-0.9996227324008942
silage-maize,USA,-1.0114800930023193
silage-maize,UZB,-2.421760082244873
silage-maize,VEN,-0.9682422876358032
silage-maize,VNM,1.0363792181015015
silage-maize,VUT,-0.28554073721170425
silage-maize,YEM,-0.7713356912136078
silage-maize,ZAF,-0.6157431900501251
silage-maize,ZMB,-0.547922670841217
silage-maize,ZWE,0.2393462210893631
sorghum,AFG,7.5
sorghum,AGO,-0.3821232318878174
sorghum,ALB,-0.0
sorghum,ARE,-0.40215519070625305
sorghum,ARG,-0.0
sorghum,ARM,-0.0
sorghum,AUS,0.24684441089630127
sorghum,AUT,0.37448740005493164
sorghum,AZE,-0.014899853616952896
sorghum,BDI,-0.30260977149009705
sorghum,BEL,-0.0
sorghum,BEN,-0.2878703773021698
sorghum,BFA,-0.13365813717246056
sorghum,BGD,-0.35330359637737274
sorghum,BGR,-0.1496090516448021
sorghum,BIH,3.6769570484757423
sorghum,BLR,-0.06558022648096085
sorghum,BLZ,-0.7192879021167755
sorghum,BOL,-0.046348217874765396
sorghum,BRA,-0.057127535343170166
sorghum,BTN,-7.5
sorghum,BWA,-0.34022897481918335
sorghum,CAF,-0.3598344177007675
sorghum,CAN,-0.0
sorghum,CHE,7.5
sorghum,CHN,0.2724056988954544
sorghum,CIV,-0.35437139868736267
sorghum,CMR,-0.23525454849004745
sorghum,COD,-0.3777310401201248
sorghum,COG,-0.31277331709861755
sorghum,COL,-0.3283568322658539
sorghum,CRI,-0.021112484857439995
sorghum,CUB,-0.17212291806936264
sorghum,CZE,0.6888750791549683
sorghum,DEU,7.5
sorghum,DOM,-1.2622272670269012
sorghum,DZA,7.5
sorghum,ECU,-0.23427821695804596
sorghum,EGY,-0.3985990285873413
sorghum,ERI,-0.3998943120241165
sorghum,ESP,-0.3541143834590912
sorghum,EST,-0.0
sorghum,ETH,-0.3848647177219391
sorghum,FJI,-7.5
sorghum,FRA,-0.4518812745809555
sorghum,GAB,7.5
sorghum,GEO,-0.0
sorghum,GHA,-0.26393626630306244
sorghum,GIN,-0.26968568563461304
sorghum,GMB,-0.3289482146501541
sorghum,GNB,-0.26762594282627106
sorghum,GRC,-0.09888087649596855
sorghum,GTM,-0.1614302396774292
sorghum,GUY,-0.0
sorghum,HND,-0.3318721055984497
sorghum,HRV,3.7816464379429817
sorghum,HTI,-0.15957239270210266
sorghum,HUN,0.04302141256630421
sorghum,IDN,-7.5
sorghum,IND,-0.20722246170043945
sorghum,IRN,-0.0
sorghum,IRQ,3.4827383160591125
sorghum,ISR,1.2254402041435242
sorghum,ITA,0.34327341616153717
sorghum,JOR,-0.2135341390967369
sorghum,KAZ,7.5
sorghum,KEN,-0.13380861654877663
sorghum,KGZ,0.2733854353427887
sorghum,KHM,-0.27548743784427643
sorghum,KOR,-0.09430864080786705
sorghum,LAO,-0.24921512603759766
sorghum,LBN,-0.016025494784116745
sorghum,LBR,-7.5
sorghum,LSO,-0.006979897152632475
sorghum,LTU,-0.0
sorghum,LUX,7.5
sorghum,LVA,-0.0
sorghum,MAR,0.44301852583885193
sorghum,MDA,0.1111355684697628
sorghum,MDG,-0.32890255749225616
sorghum,MEX,-0.3579544126987457
sorghum,MKD,7.5
sorghum,MLI,-0.1750677525997162
sorghum,MMR,-0.3300594687461853
sorghum,MNE,-0.0
sorghum,MNG,7.5
sorghum,MOZ,-0.36166609823703766
sorghum,MRT,-0.31423911452293396
sorghum,MWI,3.6349914968013763
sorghum,MYS,-0.0
sorghum,NAM,-0.3132197856903076
sorghum,NER,-0.040076468139886856
sorghum,NGA,-0.23372025787830353
sorghum,NIC,0.6003538370132446
sorghum,NPL,-0.21699603646993637
sorghum,OMN,-3.8011388778686523
sorghum,PAK,-0.1400391161441803
sorghum,PAN,-0.0
sorghum,PER,7.5
sorghum,PNG,-0.0
sorghum,POL,3.708341032266617
sorghum,PRT,7.5
sorghum,PRY,0.17808835953474045
sorghum,PSE,-0.4049559235572815
sorghum,ROU,3.763313823379576
sorghum,RUS,-0.30737191438674927
sorghum,RWA,-0.28580060601234436
sorghum,SAU,0.12612484395503998
sorghum,SDN,-0.36416125297546387
sorghum,SEN,-0.28070156276226044
sorghum,SLE,-0.3201235234737396
sorghum,SLV,-0.27986940741539
sorghum,SOM,-0.31520164012908936
sorghum,SRB,-0.07686483487486839
sorghum,SSD,-0.21696148812770844
sorghum,SUR,-0.0
sorghum,SVK,3.761399413459003
sorghum,SVN,-0.03478793194517493
sorghum,SWZ,-0.22559379786252975
sorghum,SYR,-0.45607516169548035
sorghum,TCD,-0.06558063253760338
sorghum,TGO,-0.2646234929561615
sorghum,THA,-0.2621462196111679
sorghum,TJK,-1.837962031364441
sorghum,TKM,7.5
sorghum,TUN,-0.21525321900844574
sorghum,TUR,7.5
sorghum,TWN,-0.30891501903533936
sorghum,TZA,-0.026094655506312847
sorghum,UGA,-0.2729005366563797
sorghum,UKR,-0.09650809317827225
sorghum,URY,-0.06938087940216064
sorghum,USA,-0.1984233856201172
sorghum,UZB,-0.47595617175102234
sorghum,VEN,-0.11608587950468063
sorghum,VNM,-0.0
sorghum,YEM,-0.18912163376808167
sorghum,ZAF,-0.01591278612613678
sorghum,ZMB,-0.1709161102771759
sorghum,ZWE,1.1421347260475159
soybean,AFG,7.5
soybean,AGO,3.4549058973789215
soybean,ALB,-0.8507010340690613
soybean,ARG,-0.3545825779438019
soybean,ARM,7.5
soybean,AUS,7.5
soybean,AUT,-0.5132383704185486
soybean,AZE,0.5464146733283997
soybean,BDI,-0.7585779428482056
soybean,BEL,7.5
soybean,BEN,-0.596935361623764
soybean,BFA,-0.6241720914840698
soybean,BGD,-0.32669202983379364
soybean,BGR,-0.13887178525328636
soybean,BIH,-0.23180144280195236
soybean,BLR,3.7151226811110973
soybean,BLZ,-0.6231477856636047
soybean,BOL,-0.19571741670370102
soybean,BRA,-0.4158894270658493
soybean,BTN,-0.2329411432147026
soybean,BWA,3.682485170662403
soybean,CAF,7.5
soybean,CAN,-0.6224161386489868
soybean,CHE,-0.2320743352174759
soybean,CHN,-0.6096760034561157
soybean,CIV,7.5
soybean,CMR,-0.5362155437469482
soybean,COD,-0.7675362229347229
soybean,COG,-0.6827125549316406
soybean,COL,-0.3518972247838974
soybean,CRI,7.5
soybean,CUB,-0.25147056579589844
soybean,CZE,-0.3829210549592972
soybean,DEU,-0.3797697126865387
soybean,DNK,-0.0
soybean,DZA,-0.0
soybean,ECU,-0.4453881084918976
soybean,EGY,-1.0494182109832764
soybean,ERI,3.578130453824997
soybean,ESP,-0.8952507078647614
soybean,EST,-0.0
soybean,ETH,-0.45150816440582275
soybean,FRA,-0.32491470873355865
soybean,GAB,3.4377028048038483
soybean,GEO,0.04983120039105415
soybean,GHA,-0.4997653663158417
soybean,GIN,3.4176509380340576
soybean,GNQ,7.5
soybean,GRC,-0.3782690465450287
soybean,GTM,3.6490696519613266
soybean,GUF,-0.0
soybean,GUY,-0.34892967343330383
soybean,HND,7.5
soybean,HRV,-0.5134304165840149
soybean,HUN,0.019516371190547943
soybean,IDN,-0.5692483186721802
soybean,IND,-0.499480277299881
soybean,IRN,-0.9915700852870941
soybean,IRQ,-0.31911852955818176
soybean,ISR,0.013714248314499855
soybean,ITA,-0.3581866919994354
soybean,JOR,-0.0
soybean,JPN,-0.20540034025907516
soybean,KAZ,-0.056794799864292145
soybean,KEN,3.6542392149567604
soybean,KGZ,3.5755676180124283
soybean,KHM,7.5
soybean,KOR,-0.3931098133325577
soybean,LAO,0.2328071892261505
soybean,LBN,7.5
soybean,LBR,-0.7953591048717499
soybean,LKA,-0.5488074421882629
soybean,LSO,0.10583141818642616
soybean,LTU,-0.5625284612178802
soybean,LUX,-0.23072336241602898
soybean,LVA,-0.0
soybean,MAR,-1.2674980163574219
soybean,MDA,0.04197461437433958
soybean,MEX,-0.1306300014257431
soybean,MKD,0.19742531701922417
soybean,MLI,-0.7822102904319763
soybean,MMR,0.08268799632787704
soybean,MNE,-0.2811427116394043
soybean,MNG,-0.5507160425186157
soybean,MOZ,-0.5115050077438354
soybean,MWI,-0.20247520506381989
soybean,MYS,3.461820513010025
soybean,NAM,-0.4838119447231293
soybean,NER,-0.7545490264892578
soybean,NGA,-0.6567736566066742
soybean,NIC,-1.1078612208366394
soybean,NLD,-1.1493103206157684
soybean,NPL,-0.4374759942293167
soybean,PAK,7.5
soybean,PAN,-0.7987608313560486
soybean,PER,7.5
soybean,PNG,7.5
soybean,POL,3.586212709546089
soybean,PRT,3.859181560575962
soybean,PRY,-0.3022424876689911
soybean,PSE,-0.8679975867271423
soybean,ROU,-0.03351794369518757
soybean,RUS,-0.27453941106796265
soybean,RWA,-0.18839803338050842
soybean,SDN,7.5
soybean,SEN,-0.0
soybean,SLE,-0.73638716340065
soybean,SLV,-0.4086258262395859
soybean,SRB,0.005128227174282074
soybean,SSD,7.5
soybean,SUR,-0.6095420718193054
soybean,SVK,0.1777764931321144
soybean,SVN,-0.3848559409379959
soybean,SWZ,-0.4488438069820404
soybean,SYR,-0.7292407155036926
soybean,TCD,-0.5385577231645584
soybean,TGO,-0.1620747596025467
soybean,THA,-0.24524801969528198
soybean,TJK,7.5
soybean,TKM,7.5
soybean,TLS,7.5
soybean,TUR,-0.34463950991630554
soybean,TWN,-0.49271366000175476
soybean,TZA,7.5
soybean,UGA,-0.7136240005493164
soybean,UKR,-0.6086189448833466
soybean,URY,3.6349704265594482
soybean,USA,-0.532412052154541
soybean,UZB,-1.5577362775802612
soybean,VEN,-0.5377444624900818
soybean,VNM,-0.6627966165542603
soybean,ZAF,-0.46070292592048645
soybean,ZMB,-0.5311251878738403
soybean,ZWE,-0.4441682994365692
sugarbeet,AFG,-1.2717020511627197
sugarbeet,ALB,-0.8696703016757965
sugarbeet,ARM,-1.3578070998191833
sugarbeet,AUT,-0.8367311358451843
sugarbeet,AZE,-0.260706827044487
sugarbeet,BEL,-0.18736208230257034
sugarbeet,BGR,-0.4259769469499588
sugarbeet,BIH,-3.7685088515281677
sugarbeet,BLR,-2.2929962128400803
sugarbeet,CAN,-0.6526304483413696
sugarbeet,CHE,-1.7455105185508728
sugarbeet,CHL,-2.6161413192749023
sugarbeet,CHN,-1.5869642496109009
sugarbeet,CZE,-0.23636699467897415
sugarbeet,DEU,-0.7060547471046448
sugarbeet,DNK,-0.4703538417816162
sugarbeet,DZA,7.5
sugarbeet,EGY,-0.995041012763977
sugarbeet,ESP,-0.3987044394016266
sugarbeet,EST,-0.0
sugarbeet,FIN,-0.40348726511001587
sugarbeet,FRA,0.01565547287464142
sugarbeet,GBR,-1.1261792182922363
sugarbeet,GEO,-0.9132559597492218
sugarbeet,GRC,-0.592305064201355
sugarbeet,HRV,-4.738554418087006
sugarbeet,HUN,-0.3720219135284424
sugarbeet,IND,-0.0
sugarbeet,IRL,-0.0
sugarbeet,IRN,-2.3094747066497803
sugarbeet,IRQ,-1.8582572937011719
sugarbeet,ISR,7.5
sugarbeet,ITA,0.016432112082839012
sugarbeet,JOR,-0.0
sugarbeet,JPN,-0.15106266736984253
sugarbeet,KAZ,0.013895435258746147
sugarbeet,KGZ,-0.9974378943443298
sugarbeet,LBN,-1.2557014226913452
sugarbeet,LTU,-0.4221441298723221
sugarbeet,LUX,-7.5
sugarbeet,LVA,-0.6806168854236603
sugarbeet,MAR,-0.6397000700235367
sugarbeet,MDA,-0.17800650745630264
sugarbeet,MEX,-1.068342685699463
sugarbeet,MKD,-1.3927118182182312
sugarbeet,MMR,-0.0
sugarbeet,MNE,-1.0253640115261078
sugarbeet,MNG,7.5
sugarbeet,NLD,-2.248252213001251
sugarbeet,NOR,4.210953801870346
sugarbeet,PAK,7.5
sugarbeet,POL,-0.4270029067993164
sugarbeet,PRT,0.6394015848636627
sugarbeet,PSE,3.31189101934433
sugarbeet,ROU,-0.37128958106040955
sugarbeet,RUS,-0.9504534006118774
sugarbeet,SRB,-0.7329702824354172
sugarbeet,SVK,-0.04505918826907873
sugarbeet,SVN,-0.33886267989873886
sugarbeet,SWE,-0.3388417959213257
sugarbeet,SYR,7.5
sugarbeet,TJK,7.5
sugarbeet,TKM,-1.7544406652450562
sugarbeet,TUN,-0.9735565483570099
sugarbeet,TUR,-1.8805923461914062
sugarbeet,UKR,-1.1836744546890259
sugarbeet,USA,-1.7974742650985718
sugarbeet,UZB,-0.21259482949972153
sugarbeet,VNM,7.5
sugarcane,AFG,-2.4413564205169678
sugarcane,AGO,-2.2679131031036377
sugarcane,ARE,-0.0
sugarcane,ARG,-2.927306056022644
sugarcane,AUS,-3.7179150581359863
sugarcane,BDI,-2.2241358757019043
sugarcane,BEN,-2.5129464864730835
sugarcane,BFA,-2.4933013916015625
sugarcane,BGD,-2.3905653953552246
sugarcane,BHS,-2.4186434745788574
sugarcane,BLZ,-2.056401252746582
sugarcane,BOL,-4.803053379058838
sugarcane,BRA,-2.0892839431762695
sugarcane,BRB,-0.0
sugarcane,BRN,-0.0
sugarcane,BTN,-7.5
sugarcane,BWA,-2.2377467155456543
sugarcane,CAF,-2.298498511314392
sugarcane,CHN,-7.5
sugarcane,CIV,-2.332466244697571
sugarcane,CMR,-2.2626278400421143
sugarcane,COD,-2.334005832672119
sugarcane,COG,-2.374118685722351
sugarcane,COL,-2.763424873352051
sugarcane,CPV,-2.41720974445343
sugarcane,CRI,-2.271651268005371
sugarcane,CUB,-2.771106243133545
sugarcane,DJI,-0.0
sugarcane,DOM,-3.6869884729385376
sugarcane,DZA,2.541287899017334
sugarcane,ECU,-2.5365408658981323
sugarcane,EGY,-4.947360277175903
sugarcane,ERI,-2.35682213306427
sugarcane,ETH,-4.7233874797821045
sugarcane,FJI,-2.116629958152771
sugarcane,GAB,-2.287807822227478
sugarcane,GHA,-2.416297435760498
sugarcane,GIN,-2.3582533597946167
sugarcane,GMB,-0.0
sugarcane,GNB,-2.403357744216919
sugarcane,GNQ,7.5
sugarcane,GRD,-7.5
sugarcane,GTM,-3.3083571195602417
sugarcane,GUF,7.5
sugarcane,GUY,-2.928714632987976
sugarcane,HND,-2.9683427810668945
sugarcane,HTI,-2.716067910194397
sugarcane,IDN,-2.56604540348053
sugarcane,IND,-2.9658398628234863
sugarcane,IRN,-3.362190008163452
sugarcane,IRQ,-3.0712136030197144
sugarcane,ISR,-0.0
sugarcane,JAM,-1.9842690825462341
sugarcane,JPN,-7.355032205581665
sugarcane,KEN,-2.236037015914917
sugarcane,KHM,-2.329949140548706
sugarcane,LAO,-2.3519502878189087
sugarcane,LBR,-2.3043556213378906
sugarcane,LKA,-1.733047366142273
sugarcane,LSO,-2.2626097202301025
sugarcane,MAR,-3.6659504175186157
sugarcane,MDG,-2.389446496963501
sugarcane,MEX,-2.7761456966400146
sugarcane,MLI,-2.4690189361572266
sugarcane,MMR,-2.572565793991089
sugarcane,MOZ,-2.2735815048217773
sugarcane,MRT,-2.3314106464385986
sugarcane,MUS,-2.9308900833129883
sugarcane,MWI,-2.428449869155884
sugarcane,MYS,-3.64042067527771
sugarcane,NAM,-2.2817177772521973
sugarcane,NER,-7.408400535583496
sugarcane,NGA,-2.3952691555023193
sugarcane,NIC,-1.8257912397384644
sugarcane,NPL,-2.3133119344711304
sugarcane,OMN,-2.7673264741897583
sugarcane,PAK,-3.0067217350006104
sugarcane,PAN,-2.8372882604599
sugarcane,PER,-2.4574884176254272
sugarcane,PHL,-2.6330329179763794
sugarcane,PNG,-2.469040036201477
sugarcane,PRY,-2.0175960063934326
sugarcane,PSE,-0.0
sugarcane,RWA,-4.0904130935668945
sugarcane,SDN,-2.4556010961532593
sugarcane,SEN,-1.9541401863098145
sugarcane,SLE,-4.914252519607544
sugarcane,SLV,-3.0293490886688232
sugarcane,SOM,-2.4283695220947266
sugarcane,SSD,-2.1766412258148193
sugarcane,SUR,-2.6044669151306152
sugarcane,SWZ,-2.39005446434021
sugarcane,TCD,-2.215537190437317
sugarcane,TGO,2.5646591186523438
sugarcane,THA,-1.6813934445381165
sugarcane,TKM,7.5
sugarcane,TLS,-2.697227716445923
sugarcane,TWN,-2.2850637435913086
sugarcane,TZA,-2.220424175262451
sugarcane,UGA,-3.8627402782440186
sugarcane,URY,-2.9911638498306274
sugarcane,USA,-3.0757946968078613
sugarcane,VEN,-2.650263786315918
sugarcane,VNM,-2.4892486333847046
sugarcane,ZAF,-2.2914092540740967
sugarcane,ZMB,-2.4798600673675537
sugarcane,ZWE,-7.5
sunflower,AFG,-0.4921582341194153
sunflower,AGO,-0.5887966156005859
sunflower,ALB,-1.4112991094589233
sunflower,ARG,-0.27584291994571686
sunflower,ARM,0.1482628658413887
sunflower,AUS,7.5
sunflower,AUT,-0.20626498013734818
sunflower,AZE,-0.7612057328224182
sunflower,BDI,-0.48416250944137573
sunflower,BEL,-0.04830415919423103
sunflower,BGD,3.50412754714489
sunflower,BGR,-0.18813792616128922
sunflower,BIH,-0.1024596132338047
sunflower,BLR,-0.3596704304218292
sunflower,BOL,0.044256554916501045
sunflower,BRA,0.002365081221796572
sunflower,BTN,7.5
sunflower,BWA,-0.6233194470405579
sunflower,CAF,7.5
sunflower,CAN,-0.13584639877080917
sunflower,CHE,-1.121224045753479
sunflower,CHL,-0.4685227572917938
sunflower,CHN,-1.4182896614074707
sunflower,COD,-0.41200074553489685
sunflower,COG,-0.6267737746238708
sunflower,COL,7.5
sunflower,CZE,-0.10846063494682312
sunflower,DEU,-0.06672590598464012
sunflower,DNK,-0.0
sunflower,DZA,0.05879073962569237
sunflower,ECU,-0.3837844282388687
sunflower,EGY,-0.24642714858055115
sunflower,ERI,-0.0
sunflower,ESP,-0.12443780153989792
sunflower,EST,-0.24468500912189484
sunflower,ETH,-0.23008951544761658
sunflower,FIN,-0.0
sunflower,FRA,-0.2647069990634918
sunflower,GEO,-0.14385026693344116
sunflower,GRC,-0.46643541753292084
sunflower,GUF,-0.0
sunflower,GUY,-0.0
sunflower,HRV,-4.051027774810791
sunflower,HUN,0.19517982751131058
sunflower,IND,-0.47227224707603455
sunflower,IRN,-0.7293689250946045
sunflower,IRQ,-0.09107320010662079
sunflower,ISR,-3.630354881286621
sunflower,ITA,-0.14926932007074356
sunflower,JOR,7.5
sunflower,KAZ,-0.05590466223657131
sunflower,KEN,-0.07679497078061104
sunflower,KGZ,-0.42014873027801514
sunflower,KHM,3.489710122346878
sunflower,LAO,3.50205460190773
sunflower,LBN,7.5
sunflower,LSO,-0.031219229102134705
sunflower,LTU,-0.34628526866436005
sunflower,LUX,-0.34887173771858215
sunflower,LVA,3.651686407625675
sunflower,MAR,-1.0009822845458984
sunflower,MDA,0.14232031255960464
sunflower,MEX,0.014354461804032326
sunflower,MKD,-0.13887964189052582
sunflower,MMR,-0.535810649394989
sunflower,MNE,3.7248047068715096
sunflower,MNG,-0.25437331944704056
sunflower,MOZ,0.11598819494247437
sunflower,MWI,3.522855207324028
sunflower,MYS,-0.0
sunflower,NAM,7.5
sunflower,NLD,-1.188134327530861
sunflower,NPL,3.499795824289322
sunflower,PAK,-0.4572228789329529
sunflower,PER,-0.0
sunflower,POL,3.678547255694866
sunflower,PRT,-0.17176339030265808
sunflower,PRY,-0.43159879744052887
sunflower,PSE,-0.09297406487166882
sunflower,ROU,0.01116129755973816
sunflower,RUS,0.058378998190164566
sunflower,RWA,-0.5534398257732391
sunflower,SDN,-0.5964300036430359
sunflower,SOM,-0.0
sunflower,SRB,0.4655589945614338
sunflower,SSD,-0.35265544056892395
sunflower,SUR,-0.0
sunflower,SVK,0.11893942207098007
sunflower,SVN,0.08553484082221985
sunflower,SWZ,-0.34090763330459595
sunflower,SYR,-0.6004366278648376
sunflower,TCD,3.46819069981575
sunflower,THA,-0.18840406090021133
sunflower,TJK,-0.3109854459762573
sunflower,TKM,-0.19681666791439056
sunflower,TUN,-0.47551771998405457
sunflower,TUR,-0.6463163495063782
sunflower,TZA,0.0408690944314003
sunflower,UGA,-0.4996337741613388
sunflower,UKR,-0.3768252581357956
sunflower,URY,-0.3035556674003601
sunflower,USA,-0.040127912536263466
sunflower,UZB,-0.7111071944236755
sunflower,VEN,-0.5536653101444244
sunflower,VNM,-0.0
sunflower,ZAF,-0.2771279811859131
sunflower,ZMB,-0.6225704550743103
sunflower,ZWE,-0.10559388250112534
sweet-potato,AFG,-3.1279144287109375
sweet-potato,AGO,-3.5587358474731445
sweet-potato,ALB,-3.05913507938385
sweet-potato,ARE,-3.2986608743667603
sweet-potato,ARG,-3.514829635620117
sweet-potato,ARM,-2.7393712997436523
sweet-potato,ATG,-4.377601623535156
sweet-potato,AUS,7.5
sweet-potato,AUT,-2.4717284440994263
sweet-potato,AZE,-3.173166275024414
sweet-potato,BDI,-1.1168178915977478
sweet-potato,BEL,-1.748469591140747
sweet-potato,BEN,-1.6261700987815857
sweet-potato,BFA,-3.539571523666382
sweet-potato,BGD,-0.2513184994459152
sweet-potato,BGR,-2.981234312057495
sweet-potato,BHS,-3.797827124595642
sweet-potato,BIH,2.093673825263977
sweet-potato,BLR,-5.060976982116699
sweet-potato,BLZ,-3.542779564857483
sweet-potato,BOL,-0.7246831059455872
sweet-potato,BRA,-2.5234320163726807
sweet-potato,BRB,-7.5
sweet-potato,BRN,-7.5
sweet-potato,BTN,7.5
sweet-potato,BWA,-0.0
sweet-potato,CAF,-3.883293867111206
sweet-potato,CAN,-3.2343578338623047
sweet-potato,CHE,-1.9969843626022339
sweet-potato,CHL,-7.5
sweet-potato,CHN,-7.5
sweet-potato,CIV,-0.5086096525192261
sweet-potato,CMR,-3.417856454849243
sweet-potato,COD,-3.6506909132003784
sweet-potato,COG,-3.465068221092224
sweet-potato,COL,-3.1186256408691406
sweet-potato,COM,-3.7585601806640625
sweet-potato,CPV,-7.5
sweet-potato,CRI,3.1447561383247375
sweet-potato,CUB,-3.3379173278808594
sweet-potato,CYP,-4.9822351932525635
sweet-potato,CZE,-2.3051782846450806
sweet-potato,DEU,-1.6850557327270508
sweet-potato,DNK,-2.0204132199287415
sweet-potato,DOM,-2.749290347099304
sweet-potato,DZA,-3.2390336990356445
sweet-potato,ECU,-0.03572962339967489
sweet-potato,EGY,-2.9784913063049316
sweet-potato,ERI,1.7996565103530884
sweet-potato,ESP,-7.5
sweet-potato,EST,-2.601789951324463
sweet-potato,ETH,-3.162721633911133
sweet-potato,FIN,-2.8125240802764893
sweet-potato,FJI,-5.36457633972168
sweet-potato,FRA,-1.930159568786621
sweet-potato,GAB,-3.8351749181747437
sweet-potato,GBR,-2.455885171890259
sweet-potato,GEO,-3.2171562910079956
sweet-potato,GHA,-0.5719907879829407
sweet-potato,GIN,0.1200135312974453
sweet-potato,GMB,2.3510844707489014
sweet-potato,GNB,-3.6423380374908447
sweet-potato,GNQ,-3.706009268760681
sweet-potato,GRC,-3.12736713886261
sweet-potato,GRD,-7.5
sweet-potato,GTM,-3.244184374809265
sweet-potato,GUF,-3.162773370742798
sweet-potato,GUY,0.0
sweet-potato,HND,-2.1137185096740723
sweet-potato,HRV,-5.4961148500442505
sweet-potato,HTI,-3.4995601177215576
sweet-potato,HUN,-2.7870770692825317
sweet-potato,IDN,-3.005705952644348
sweet-potato,IND,-2.24532413482666
sweet-potato,IRL,-2.055594325065613
sweet-potato,IRN,-2.6797585487365723
sweet-potato,IRQ,-2.793128252029419
sweet-potato,ISR,-7.5
sweet-potato,ITA,-2.938659429550171
sweet-potato,JAM,-7.5
sweet-potato,JOR,-2.6462290287017822
sweet-potato,JPN,-7.5
sweet-potato,KAZ,-3.032250761985779
sweet-potato,KEN,-3.0163488388061523
sweet-potato,KGZ,-3.1941187381744385
sweet-potato,KHM,-3.305906891822815
sweet-potato,KOR,-2.6022021770477295
sweet-potato,LAO,-2.6868032217025757
sweet-potato,LBN,-2.512454390525818
sweet-potato,LBR,-3.295973062515259
sweet-potato,LBY,-3.631946086883545
sweet-potato,LKA,-2.0084603428840637
sweet-potato,LSO,-2.981326699256897
sweet-potato,LTU,-3.06844162940979
sweet-potato,LUX,-7.5
sweet-potato,LVA,-5.488290548324585
sweet-potato,MAR,-3.3631317615509033
sweet-potato,MDA,-3.4074584245681763
sweet-potato,MDG,-3.5839483737945557
sweet-potato,MEX,-4.008943557739258
sweet-potato,MKD,-3.108660101890564
sweet-potato,MLI,-2.7450170516967773
sweet-potato,MLT,-7.5
sweet-potato,MMR,-2.9480273723602295
sweet-potato,MNE,-3.020170569419861
sweet-potato,MNG,-7.5
sweet-potato,MOZ,-1.9311652183532715
sweet-potato,MRT,-3.6587990522384644
sweet-potato,MUS,-6.776492118835449
sweet-potato,MWI,1.3819148540496826
sweet-potato,MYS,1.2319414615631104
sweet-potato,NAM,-3.2138068675994873
sweet-potato,NER,-4.062599420547485
sweet-potato,NGA,-3.778362512588501
sweet-potato,NIC,-3.2199928760528564
sweet-potato,NLD,-2.823979616165161
sweet-potato,NOR,-2.931105375289917
sweet-potato,NPL,-3.078080892562866
sweet-potato,NZL,-7.5
sweet-potato,OMN,-4.464858293533325
sweet-potato,PAK,-1.7746639847755432
sweet-potato,PAN,7.5
sweet-potato,PER,-2.560372233390808
sweet-potato,PHL,-1.5893828868865967
sweet-potato,PNG,-3.456794857978821
sweet-potato,POL,-2.5217790603637695
sweet-potato,PRI,-7.424922943115234
sweet-potato,PRT,-7.5
sweet-potato,PRY,-1.5202654600143433
sweet-potato,PSE,-5.081366777420044
sweet-potato,ROU,-5.470788836479187
sweet-potato,RUS,-3.5096352100372314
sweet-potato,RWA,-0.9633888304233551
sweet-potato,SAU,-3.2802828550338745
sweet-potato,SDN,-3.120676040649414
sweet-potato,SEN,-7.5
sweet-potato,SLB,-2.627663731575012
sweet-potato,SLE,-2.679871916770935
sweet-potato,SLV,2.285028338432312
sweet-potato,SOM,-3.346492052078247
sweet-potato,SRB,-5.2576375007629395
sweet-potato,SSD,-3.2113053798675537
sweet-potato,SUR,-7.5
sweet-potato,SVK,-2.963290810585022
sweet-potato,SVN,-2.5613373517990112
sweet-potato,SWE,-3.191409111022949
sweet-potato,SWZ,-3.8318947553634644
sweet-potato,SYR,-7.5
sweet-potato,TCD,-1.3644892573356628
sweet-potato,TGO,-0.7049637138843536
sweet-potato,THA,-2.5205636024475098
sweet-potato,TJK,-3.2763184309005737
sweet-potato,TKM,-3.1602892875671387
sweet-potato,TLS,-1.3501467108726501
sweet-potato,TTO,-4.848840951919556
sweet-potato,TUN,-3.6684852838516235
sweet-potato,TUR,-2.2654056549072266
sweet-potato,TWN,-2.1561938524246216
sweet-potato,TZA,-0.3153200149536133
sweet-potato,UGA,-3.632018804550171
sweet-potato,UKR,-3.522558331489563
sweet-potato,URY,-4.3850507736206055
sweet-potato,USA,-7.5
sweet-potato,UZB,-2.923593759536743
sweet-potato,VEN,-2.954401969909668
sweet-potato,VNM,-3.3023589849472046
sweet-potato,YEM,-3.0856945514678955
sweet-potato,ZAF,0.1047847718000412
sweet-potato,ZMB,-0.6253995895385742
sweet-potato,ZWE,-1.7684886455535889
tea,AGO,7.5
tea,ALB,-7.5
tea,ARG,-0.0
tea,AZE,-3.75
tea,BDI,1.5694367289543152
tea,BGD,3.6720675826072693
tea,BLZ,2.5112384557724
tea,BOL,7.5
tea,BRA,0.8051767945289612
tea,BRN,-0.0
tea,BTN,5.5135722160339355
tea,CAF,-0.0
tea,CHN,-7.5
tea,CMR,4.962353229522705
tea,COD,-2.963010311126709
tea,COG,7.5
tea,COL,3.4998539686203003
tea,ECU,-7.5
tea,ETH,1.82367742061615
tea,GAB,4.334800958633423
tea,GEO,-7.5
tea,GNQ,7.5
tea,GRC,-4.864741802215576
tea,GTM,-2.682956576347351
tea,GUF,-0.0
tea,GUY,-0.0
tea,HND,-1.4516749680042267
tea,HRV,-0.0
tea,IDN,1.0473079085350037
tea,IND,4.597855806350708
tea,IRN,-0.21370971202850342
tea,JPN,-7.5
tea,KEN,-7.5
tea,KHM,-0.9240180850028992
tea,KOR,3.918930768966675
tea,LAO,-0.4879092574119568
tea,LKA,0.12331849057227373
tea,MDG,-2.793253183364868
tea,MEX,-2.327122211456299
tea,MMR,-2.092247486114502
tea,MNE,-4.90714967250824
tea,MOZ,-2.1673614978790283
tea,MUS,-0.6641988158226013
tea,MWI,5.316197633743286
tea,MYS,0.28617502748966217
tea,NGA,-0.0
tea,NPL,4.583770394325256
tea,PAN,-0.0
tea,PER,0.8531308174133301
tea,PNG,1.6447542309761047
tea,PRY,-0.2747601121664047
tea,RUS,-5.2453179359436035
tea,RWA,1.706480324268341
tea,SLV,-1.5649809837341309
tea,SSD,-7.5
tea,SUR,-0.0
tea,SWZ,-0.0
tea,THA,-1.7043715119361877
tea,TLS,3.0830448865890503
tea,TUR,-4.5780510902404785
tea,TWN,-0.6087050139904022
tea,TZA,1.070736289024353
tea,UGA,6.466585874557495
tea,URY,1.7896201610565186
tea,VEN,-0.0
tea,VNM,3.331087827682495
tea,ZAF,-1.7227026224136353
tea,ZMB,-1.5732696056365967
tea,ZWE,1.3316924571990967
tomato,AFG,-7.5
tomato,AGO,-7.5
tomato,ALB,-7.5
tomato,ARE,-4.259183883666992
tomato,ARG,-7.5
tomato,ARM,-1.7292633652687073
tomato,ATG,7.5
tomato,AUS,-7.5
tomato,AUT,-7.5
tomato,AZE,-7.200957536697388
tomato,BDI,-7.5
tomato,BEL,0.0
tomato,BEN,-1.7481704652309418
tomato,BFA,-7.5
tomato,BGD,-0.19870980083942413
tomato,BGR,-7.387994289398193
tomato,BHS,-1.846518635749817
tomato,BIH,-2.5518728494644165
tomato,BLR,-7.5
tomato,BLZ,-7.055954456329346
tomato,BOL,-0.7267769575119019
tomato,BRA,-7.5
tomato,BRB,-7.5
tomato,BRN,-7.5
tomato,BTN,0.563176691532135
tomato,BWA,-7.5
tomato,CAF,-7.5
tomato,CAN,-4.087701320648193
tomato,CHE,-7.5
tomato,CHL,-7.5
tomato,CHN,-7.5
tomato,CIV,-3.8441760540008545
tomato,CMR,-7.5
tomato,COD,-7.5
tomato,COG,-7.5
tomato,COL,7.5
tomato,COM,-7.5
tomato,CPV,-7.5
tomato,CRI,-7.5
tomato,CUB,-7.5
tomato,CYP,-7.5
tomato,CZE,-7.5
tomato,DEU,-7.5
tomato,DJI,-7.5
tomato,DNK,0.0
tomato,DOM,0.5521574020385742
tomato,DZA,-7.5
tomato,ECU,-7.195183753967285
tomato,EGY,-1.2378664016723633
tomato,ERI,7.5
tomato,ESP,1.336323857307434
tomato,EST,7.5
tomato,ETH,-1.1826022863388062
tomato,FIN,7.5
tomato,FJI,-7.294064521789551
tomato,FRA,-7.5
tomato,GAB,-7.5
tomato,GBR,0.0
tomato,GEO,-2.0490773916244507
tomato,GHA,-4.728259563446045
tomato,GIN,-7.5
tomato,GMB,-7.5
tomato,GNB,-0.0
tomato,GNQ,7.5
tomato,GRC,-7.5
tomato,GRD,-7.5
tomato,GTM,-7.5
tomato,GUF,-0.0
tomato,GUY,-7.5
tomato,HND,-7.5
tomato,HRV,-7.5
tomato,HTI,-7.5
tomato,HUN,-7.5
tomato,IDN,-5.617308139801025
tomato,IND,-7.5
tomato,IRN,-0.0
tomato,IRQ,-0.5013686716556549
tomato,ISR,-7.5
tomato,ITA,0.0
tomato,JAM,-7.5
tomato,JOR,4.441273927688599
tomato,JPN,-7.5
tomato,KAZ,-7.5
tomato,KEN,-3.6013343334198
tomato,KGZ,-7.059216737747192
tomato,KHM,7.5
tomato,KOR,-5.504155516624451
tomato,LAO,-7.5
tomato,LBN,-7.5
tomato,LBR,-7.5
tomato,LBY,-7.5
tomato,LKA,-3.2772748470306396
tomato,LSO,1.1693041324615479
tomato,LTU,-7.5
tomato,LUX,7.5
tomato,LVA,-7.0487470626831055
tomato,MAR,-0.603220522403717
tomato,MDA,1.8414940237998962
tomato,MDG,-7.5
tomato,MEX,-7.5
tomato,MKD,-5.234822630882263
tomato,MLI,-6.938321590423584
tomato,MLT,-7.5
tomato,MMR,-5.996600389480591
tomato,MNE,-7.5
tomato,MNG,-7.5
tomato,MOZ,-7.5
tomato,MUS,-7.5
tomato,MWI,-4.790860176086426
tomato,MYS,0.0
tomato,NAM,-7.5
tomato,NER,-2.0556169152259827
tomato,NGA,-7.5
tomato,NIC,-7.5
tomato,NLD,0.0
tomato,NOR,7.5
tomato,NPL,-7.5
tomato,NZL,-5.033678293228149
tomato,OMN,-7.5
tomato,PAK,-1.3457988500595093
tomato,PAN,-7.5
tomato,PER,7.5
tomato,PHL,-2.9494904279708862
tomato,PNG,-7.5
tomato,POL,-7.5
tomato,PRI,-7.5
tomato,PRT,-7.5
tomato,PRY,-7.5
tomato,PSE,-7.5
tomato,ROU,-6.722000360488892
tomato,RUS,-7.5
tomato,RWA,-3.03653347492218
tomato,SAU,-7.5
tomato,SDN,-7.5
tomato,SEN,-2.9950846433639526
tomato,SLE,-7.5
tomato,SLV,-7.5
tomato,SOM,-7.5
tomato,SRB,-1.728084996342659
tomato,SSD,-7.5
tomato,SUR,-7.5
tomato,SVK,-7.5
tomato,SVN,-7.5
tomato,SWE,-7.5
tomato,SWZ,-7.5
tomato,SYR,-7.5
tomato,TCD,-7.5
tomato,TGO,-0.11723783612251282
tomato,THA,-4.1081401109695435
tomato,TJK,-7.5
tomato,TKM,-7.5
tomato,TLS,-1.936996340751648
tomato,TTO,-7.5
tomato,TUN,4.113388776779175
tomato,TUR,-3.490227222442627
tomato,TWN,-7.5
tomato,TZA,-0.5233709961175919
tomato,UGA,0.0
tomato,UKR,7.5
tomato,URY,-7.5
tomato,USA,-7.5
tomato,UZB,-7.5
tomato,VEN,-7.5
tomato,VNM,-7.5
tomato,YEM,-5.597921133041382
tomato,ZAF,-7.5
tomato,ZMB,-2.52425479888916
tomato,ZWE,-4.061700344085693
watermelon,AFG,-2.418602228164673
watermelon,AGO,-0.0
watermelon,ALB,2.390031576156616
watermelon,ARG,4.216423511505127
watermelon,ATG,-4.557809829711914
watermelon,AUS,-7.5
watermelon,AZE,5.300596714019775
watermelon,BDI,-0.0
watermelon,BEN,-0.0
watermelon,BFA,-0.0
watermelon,BGD,-0.0
watermelon,BGR,-0.0
watermelon,BHS,-0.0
watermelon,BIH,-2.3608601689338684
watermelon,BLZ,-2.3843170180916786
watermelon,BOL,0.7301226854324341
watermelon,BRA,3.2781273126602173
watermelon,BRB,-0.0
watermelon,BTN,-0.0
watermelon,BWA,-1.0630287528038025
watermelon,CAF,-0.0
watermelon,CHL,-1.1255674362182617
watermelon,CHN,-7.35123872756958
watermelon,CIV,-0.0
watermelon,CMR,-4.9839606285095215
watermelon,COD,-0.0
watermelon,COG,-0.0
watermelon,COL,2.171692132949829
watermelon,COM,-0.0
watermelon,CPV,-7.5
watermelon,CRI,0.22297216206789017
watermelon,CUB,-2.347310781478882
watermelon,CYP,-4.156386137008667
watermelon,DOM,-7.5
watermelon,DZA,-0.684612825512886
watermelon,ECU,-2.1012389063835144
watermelon,EGY,-1.6415690779685974
watermelon,ERI,-0.0
watermelon,ESP,-7.5
watermelon,ETH,-0.0
watermelon,FJI,-7.5
watermelon,FRA,0.3642275333404541
watermelon,GAB,-0.0
watermelon,GEO,-1.0506109595298767
watermelon,GHA,-0.0
watermelon,GIN,-5.210670709609985
watermelon,GMB,-0.0
watermelon,GNB,-0.0
watermelon,GRC,-1.0060755014419556
watermelon,GTM,0.013818696141242981
watermelon,GUF,-0.0
watermelon,GUY,-7.5
watermelon,HND,-7.5
watermelon,HRV,-3.0566341876983643
watermelon,HTI,-0.0
watermelon,IDN,1.711447834968567
watermelon,IND,-1.8059841394424438
watermelon,IRN,4.411044597625732
watermelon,IRQ,-0.02883986569941044
watermelon,ISR,-0.8607638776302338
watermelon,ITA,2.4580054581165314
watermelon,JAM,-7.5
watermelon,JOR,-4.485199928283691
watermelon,JPN,-7.5
watermelon,KEN,3.1889833211898804
watermelon,KGZ,-3.8410587310791016
watermelon,KHM,-0.0
watermelon,LAO,-2.5773935317993164
watermelon,LBN,-7.5
watermelon,LBR,-0.0
watermelon,LBY,0.7731034755706787
watermelon,LKA,-0.0
watermelon,LSO,-0.0
watermelon,MAR,-1.6573504209518433
watermelon,MDG,-0.0
watermelon,MEX,-0.009741521440446377
watermelon,MKD,4.329438209533691
watermelon,MLI,2.8873462677001953
watermelon,MLT,-7.5
watermelon,MMR,-0.0
watermelon,MNE,-0.284232497215271
watermelon,MOZ,-0.0
watermelon,MRT,-4.695582866668701
watermelon,MUS,-0.0
watermelon,MWI,-0.07942679524421692
watermelon,MYS,2.954591825604439
watermelon,NAM,-2.3849124908447266
watermelon,NER,-7.5
watermelon,NGA,-0.0
watermelon,NIC,-0.0
watermelon,NPL,-0.0
watermelon,OMN,7.5
watermelon,PAK,0.9780259728431702
watermelon,PER,7.322632312774658
watermelon,PHL,0.35196100175380707
watermelon,PNG,-0.0
watermelon,PRI,-4.772474765777588
watermelon,PRT,-5.849778652191162
watermelon,PRY,2.662295699119568
watermelon,PSE,-7.5
watermelon,RUS,-0.0
watermelon,RWA,-0.0
watermelon,SAU,-1.1535468101501465
watermelon,SDN,-2.4950307607650757
watermelon,SEN,2.8802173137664795
watermelon,SLE,-0.0
watermelon,SLV,4.351362705230713
watermelon,SOM,-2.620112419128418
watermelon,SSD,-0.0
watermelon,SUR,-6.308218479156494
watermelon,SVN,-2.0257100462913513
watermelon,SWZ,-0.0
watermelon,SYR,0.6402029395103455
watermelon,TCD,-0.0
watermelon,TGO,-0.0
watermelon,THA,-5.6217005252838135
watermelon,TJK,-3.1106555461883545
watermelon,TKM,0.7602604627609253
watermelon,TLS,-0.0
watermelon,TTO,-0.33674751222133636
watermelon,TUN,-5.431200742721558
watermelon,TUR,1.4152100086212158
watermelon,TZA,-5.1045966148376465
watermelon,UGA,-0.0
watermelon,UKR,-0.0
watermelon,URY,1.26172935962677
watermelon,USA,0.011349661741405725
watermelon,UZB,1.1910285949707031
watermelon,VEN,0.0397031269967556
watermelon,VNM,-0.3753353953361511
watermelon,VUT,-0.0
watermelon,YEM,1.055442452430725
watermelon,ZAF,7.5
watermelon,ZMB,-0.0
watermelon,ZWE,7.5
wetland-rice,AFG,-1.1377733945846558
wetland-rice,AGO,-1.4956547021865845
wetland-rice,ALB,-0.0
wetland-rice,ARG,-0.9832206070423126
wetland-rice,ARM,-0.0
wetland-rice,AUS,7.5
wetland-rice,AZE,-2.65244460105896
wetland-rice,BDI,-0.37875108420848846
wetland-rice,BEN,-1.1101560592651367
wetland-rice,BFA,-1.3365199565887451
wetland-rice,BGD,-0.3579050600528717
wetland-rice,BGR,-1.4788930416107178
wetland-rice,BLZ,-1.5762442350387573
wetland-rice,BOL,-0.5166022181510925
wetland-rice,BRA,-0.8528877198696136
wetland-rice,BRN,-1.3863388299942017
wetland-rice,BTN,-1.5395273566246033
wetland-rice,BWA,-0.0
wetland-rice,CAF,-1.4892311096191406
wetland-rice,CAN,-0.0
wetland-rice,CHE,-0.0
wetland-rice,CHL,-0.8649837374687195
wetland-rice,CHN,-1.749233603477478
wetland-rice,CIV,-0.140154168009758
wetland-rice,CMR,-1.395967721939087
wetland-rice,COD,-1.5993592739105225
wetland-rice,COG,-1.5960445404052734
wetland-rice,COL,-1.2825867533683777
wetland-rice,COM,-1.6445371508598328
wetland-rice,CRI,-1.2590690851211548
wetland-rice,CUB,-1.1586278080940247
wetland-rice,DOM,-1.462627649307251
wetland-rice,DZA,-1.4678192138671875
wetland-rice,ECU,3.5570971816778183
wetland-rice,EGY,-1.4756566882133484
wetland-rice,ERI,3.0462912917137146
wetland-rice,ESP,-1.7919844388961792
wetland-rice,ETH,-0.834496945142746
wetland-rice,FJI,-0.6966173052787781
wetland-rice,FRA,-0.9372841715812683
wetland-rice,GAB,-1.4538981914520264
wetland-rice,GEO,-1.220700740814209
wetland-rice,GHA,-0.40089084208011627
wetland-rice,GIN,-0.6090733408927917
wetland-rice,GMB,-0.3714677691459656
wetland-rice,GNB,-1.4119527339935303
wetland-rice,GNQ,7.5
wetland-rice,GRC,-1.1495058834552765
wetland-rice,GTM,-1.3716247081756592
wetland-rice,GUF,-1.183885097503662
wetland-rice,GUY,-1.18031907081604
wetland-rice,HND,-1.3890625834465027
wetland-rice,HRV,-0.0
wetland-rice,HTI,-1.4229280948638916
wetland-rice,HUN,-0.24606622010469437
wetland-rice,IDN,-1.3458576202392578
wetland-rice,IND,-1.0833755135536194
wetland-rice,IRN,-3.7405283451080322
wetland-rice,IRQ,-1.664326786994934
wetland-rice,ISR,4.143420159816742
wetland-rice,ITA,-2.161867380142212
wetland-rice,JPN,-3.7706233263015747
wetland-rice,KAZ,-0.33737151324748993
wetland-rice,KEN,-1.4786162376403809
wetland-rice,KGZ,-3.028822898864746
wetland-rice,KHM,-1.319309115409851
wetland-rice,KOR,-6.290514707565308
wetland-rice,LAO,-1.2282145619392395
wetland-rice,LBR,-1.5246670246124268
wetland-rice,LBY,-0.0
wetland-rice,LKA,-0.46194809675216675
wetland-rice,LSO,-0.0
wetland-rice,MAR,-1.5424876809120178
wetland-rice,MDA,3.2719394266605377
wetland-rice,MDG,-0.40330156683921814
wetland-rice,MEX,-0.7674526870250702
wetland-rice,MKD,-1.3085447549819946
wetland-rice,MLI,-0.47094106674194336
wetland-rice,MMR,-1.32318115234375
wetland-rice,MOZ,-0.3917342871427536
wetland-rice,MRT,-0.9925118088722229
wetland-rice,MUS,7.5
wetland-rice,MWI,-1.166255235671997
wetland-rice,MYS,-0.4061439782381058
wetland-rice,NAM,-1.2981454133987427
wetland-rice,NER,-1.3430827856063843
wetland-rice,NGA,-0.31756122410297394
wetland-rice,NIC,0.2534964978694916
wetland-rice,NPL,-0.34543566405773163
wetland-rice,PAK,-1.4586553573608398
wetland-rice,PAN,-1.0214858651161194
wetland-rice,PER,-0.312488853931427
wetland-rice,PHL,-0.6813218891620636
wetland-rice,PNG,-1.456364393234253
wetland-rice,PRI,-2.563137650489807
wetland-rice,PRT,-1.2045292854309082
wetland-rice,PRY,-0.625184029340744
wetland-rice,PSE,-0.9115449786186218
wetland-rice,ROU,-1.3263320922851562
wetland-rice,RUS,-1.0909599661827087
wetland-rice,RWA,-1.994627833366394
wetland-rice,SAU,7.5
wetland-rice,SDN,-1.0391148924827576
wetland-rice,SEN,-0.0926438570022583
wetland-rice,SLB,3.0317147970199585
wetland-rice,SLE,-0.32123398035764694
wetland-rice,SLV,3.1337280869483948
wetland-rice,SOM,-1.322301983833313
wetland-rice,SRB,3.214003622531891
wetland-rice,SSD,-1.4614550471305847
wetland-rice,SUR,-0.17350080609321594
wetland-rice,SVK,-0.0
wetland-rice,SVN,-0.0
wetland-rice,SWZ,7.5
wetland-rice,SYR,-0.8783150315284729
wetland-rice,TCD,-0.8278651833534241
wetland-rice,TGO,-0.21099285036325455
wetland-rice,THA,3.4878990948200226
wetland-rice,TJK,-3.851732015609741
wetland-rice,TKM,-1.0883225202560425
wetland-rice,TLS,-1.8940401673316956
wetland-rice,TTO,-0.18288253992795944
wetland-rice,TUN,-0.0
wetland-rice,TUR,-2.7569422721862793
wetland-rice,TWN,7.5
wetland-rice,TZA,3.6975449211895466
wetland-rice,UGA,-1.4717319011688232
wetland-rice,UKR,-2.1185624599456787
wetland-rice,URY,-0.6817246973514557
wetland-rice,USA,-1.5361440181732178
wetland-rice,UZB,-4.685385704040527
wetland-rice,VEN,-1.1472210884094238
wetland-rice,VNM,-1.0064351856708527
wetland-rice,YEM,-0.0
wetland-rice,ZAF,7.5
wetland-rice,ZMB,-1.1193405389785767
wetland-rice,ZWE,1.6986597776412964
wheat,AFG,-0.6400710046291351
wheat,AGO,-0.7236043512821198
wheat,ALB,-0.7159891426563263
wheat,ARE,3.526002198457718
wheat,ARG,-0.5278496742248535
wheat,ARM,-0.2448463886976242
wheat,AUS,-0.14765777438879013
wheat,AUT,-0.4482613205909729
wheat,AZE,-0.27561064064502716
wheat,BDI,3.3913363814353943
wheat,BEL,-0.3016047924757004
wheat,BGD,3.6075004190206528
wheat,BGR,3.692253276705742
wheat,BIH,-2.862522467970848
wheat,BLR,-2.362257517874241
wheat,BOL,-0.22958648949861526
wheat,BRA,-0.2323022186756134
wheat,BTN,0.5612732172012329
wheat,BWA,-0.58314448595047
wheat,CAN,-0.42156240344047546
wheat,CHE,-1.5730210542678833
wheat,CHL,-0.7883959412574768
wheat,CHN,-1.324593186378479
wheat,CMR,7.5
wheat,COD,7.5
wheat,COL,-0.7710800170898438
wheat,CYP,0.0076416111551225185
wheat,CZE,-0.2530619204044342
wheat,DEU,-0.37039420008659363
wheat,DNK,-0.5933220386505127
wheat,DZA,-0.5064089298248291
wheat,ECU,-0.4429357051849365
wheat,EGY,-0.9226778149604797
wheat,ERI,-0.7214063704013824
wheat,ESP,-0.23026378452777863
wheat,EST,-0.1614505499601364
wheat,ETH,-0.4674183130264282
wheat,FIN,3.6153178066015244
wheat,FRA,-0.4049043506383896
wheat,GBR,-0.8544138967990875
wheat,GEO,-0.24140793085098267
wheat,GRC,-0.3903399258852005
wheat,GTM,7.5
wheat,HND,-0.7650385499000549
wheat,HRV,-4.049261420965195
wheat,HUN,-0.07245011255145073
wheat,IND,-0.20609699189662933
wheat,IRL,-0.47125061601400375
wheat,IRN,-0.5686667263507843
wheat,IRQ,-0.6567665636539459
wheat,ISR,0.4800332188606262
wheat,ITA,-0.5595933496952057
wheat,JOR,-0.6955039501190186
wheat,JPN,2.471884608268738
wheat,KAZ,-0.1905294805765152
wheat,KEN,-0.5892104208469391
wheat,KGZ,-0.33922043442726135
wheat,KOR,0.22569309547543526
wheat,LAO,-0.0
wheat,LBN,-0.43649041652679443
wheat,LBY,-0.9751454591751099
wheat,LSO,0.029857964895199984
wheat,LTU,-0.3192163556814194
wheat,LUX,-0.2687585987150669
wheat,LVA,-0.23623906821012497
wheat,MAR,-0.5638814866542816
wheat,MDA,0.008672159165143967
wheat,MDG,-0.5250643789768219
wheat,MEX,-0.8073040843009949
wheat,MKD,-0.17118040472269058
wheat,MLI,-0.36687830090522766
wheat,MLT,-2.1964946389198303
wheat,MMR,-0.6344854831695557
wheat,MNE,-0.2215459868311882
wheat,MNG,-0.09440966323018074
wheat,MOZ,-0.4062899202108383
wheat,MRT,-0.3269856572151184
wheat,MWI,3.426925539970398
wheat,NAM,-1.1667257845401764
wheat,NER,-0.2316802591085434
wheat,NGA,-0.6158527731895447
wheat,NIC,7.5
wheat,NLD,-1.1907861232757568
wheat,NOR,-1.2169544696807861
wheat,NPL,-0.3483790308237076
wheat,NZL,-1.055016040802002
wheat,OMN,-2.0849472880363464
wheat,PAK,-0.42826616764068604
wheat,PER,-0.15890970081090927
wheat,POL,-0.38078416883945465
wheat,PRT,3.64668882638216
wheat,PRY,-0.088010398671031
wheat,PSE,-0.7409560680389404
wheat,ROU,-0.2969430088996887
wheat,RUS,-0.24522370100021362
wheat,RWA,-0.39301881194114685
wheat,SAU,-2.314112663269043
wheat,SDN,-0.6071117520332336
wheat,SLV,-0.0
wheat,SOM,-0.7189564108848572
wheat,SRB,-0.015068394830450416
wheat,SSD,3.565356880426407
wheat,SVK,-0.22564923018217087
wheat,SVN,-0.20792193710803986
wheat,SWE,-0.8592775464057922
wheat,SWZ,-0.4272804856300354
wheat,SYR,-0.5148733854293823
wheat,TCD,-0.5509229302406311
wheat,THA,7.5
wheat,TJK,-0.3531077355146408
wheat,TKM,-0.5876529812812805
wheat,TUN,-0.2900986224412918
wheat,TUR,-0.0
wheat,TWN,-0.5572365522384644
wheat,TZA,7.5
wheat,UGA,7.5
wheat,UKR,-0.34566497802734375
wheat,URY,-0.09206509729847312
wheat,USA,-0.24983389675617218
wheat,UZB,-0.68333500623703
wheat,VEN,7.5
wheat,VNM,7.5
wheat,YEM,-0.5759216547012329
wheat,ZAF,-0.29593420028686523
wheat,ZMB,0.35237133502960205
wheat,ZWE,2.122489333152771
white-potato,AFG,-6.213093042373657
white-potato,AGO,-6.809276103973389
white-potato,ALB,-7.155296564102173
white-potato,ARE,-6.763257741928101
white-potato,ARG,-7.5
white-potato,ARM,-3.5276830196380615
white-potato,ATG,-7.5
white-potato,AUS,7.5
white-potato,AUT,-4.465771675109863
white-potato,AZE,-3.824681520462036
white-potato,BDI,-2.4572712182998657
white-potato,BEL,-3.7875908613204956
white-potato,BEN,0.0
white-potato,BFA,-6.99705171585083
white-potato,BGD,-2.3285653591156006
white-potato,BGR,-2.456058621406555
white-potato,BHS,-7.283275365829468
white-potato,BIH,-2.6794158220291138
white-potato,BLR,-3.0212865471839905
white-potato,BLZ,-6.694467067718506
white-potato,BOL,-1.3726075887680054
white-potato,BRA,-7.5
white-potato,BRB,-7.5
white-potato,BRN,-7.5
white-potato,BTN,-3.95830500125885
white-potato,BWA,-7.5
white-potato,CAF,-7.5
white-potato,CAN,-6.185366153717041
white-potato,CHE,-7.5
white-potato,CHL,-6.995111703872681
white-potato,CHN,-4.0055084228515625
white-potato,CIV,-7.162189960479736
white-potato,CMR,-6.710994482040405
white-potato,COD,-6.991821527481079
white-potato,COG,-6.770652770996094
white-potato,COL,-4.6888813972473145
white-potato,COM,-7.286339998245239
white-potato,CPV,-7.5
white-potato,CRI,-7.5
white-potato,CUB,-5.9951324462890625
white-potato,CYP,-6.902683258056641
white-potato,CZE,-3.9545416831970215
white-potato,DEU,-4.9919819831848145
white-potato,DNK,-7.5
white-potato,DOM,-7.5
white-potato,DZA,-7.5
white-potato,ECU,-3.0187830924987793
white-potato,EGY,-4.823946952819824
white-potato,ERI,-7.192219257354736
white-potato,ESP,-7.5
white-potato,EST,-2.486936330795288
white-potato,ETH,-0.9187342524528503
white-potato,FIN,-3.650683045387268
white-potato,FRA,-7.5
white-potato,GAB,-7.144109010696411
white-potato,GBR,-6.943241834640503
white-potato,GEO,-1.7907463312149048
white-potato,GHA,-7.155513763427734
white-potato,GIN,-6.875863790512085
white-potato,GMB,0.0
white-potato,GNB,-7.041391611099243
white-potato,GNQ,-7.040611267089844
white-potato,GRC,-7.5
white-potato,GRD,-7.003932476043701
white-potato,GTM,-5.215620040893555
white-potato,GUF,-7.5
white-potato,GUY,3.75
white-potato,HND,-7.5
white-potato,HRV,-5.237760901451111
white-potato,HTI,-6.976298570632935
white-potato,HUN,-5.3568360805511475
white-potato,IDN,-7.5
white-potato,IND,-5.63200044631958
white-potato,IRL,-4.613344669342041
white-potato,IRN,-3.7343138456344604
white-potato,IRQ,-7.5
white-potato,ISR,-7.5
white-potato,ITA,-7.5
white-potato,JAM,-7.5
white-potato,JOR,-7.5
white-potato,JPN,-7.5
white-potato,KAZ,-2.621362566947937
white-potato,KEN,-1.9799830913543701
white-potato,KGZ,-3.162734270095825
white-potato,KHM,-6.884409427642822
white-potato,KOR,-5.9158995151519775
white-potato,LAO,0.6911811828613281
white-potato,LBN,-7.5
white-potato,LBR,-6.510659217834473
white-potato,LBY,-6.351290225982666
white-potato,LKA,-7.5
white-potato,LSO,-5.188141584396362
white-potato,LTU,-2.33146870136261
white-potato,LUX,-6.475336790084839
white-potato,LVA,-1.4120664596557617
white-potato,MAR,-4.632899284362793
white-potato,MDA,-0.551068902015686
white-potato,MDG,-6.8318400382995605
white-potato,MEX,-7.5
white-potato,MKD,-3.3475877046585083
white-potato,MLI,-7.5
white-potato,MLT,-7.5
white-potato,MMR,-6.418303728103638
white-potato,MNE,-6.0210959911346436
white-potato,MNG,-2.632913827896118
white-potato,MOZ,-7.5
white-potato,MRT,-7.5
white-potato,MUS,-7.5
white-potato,MWI,1.1964044570922852
white-potato,MYS,0.7745418548583984
white-potato,NAM,-6.310187339782715
white-potato,NER,-7.5
white-potato,NGA,-7.08243465423584
white-potato,NIC,-7.5
white-potato,NLD,-4.98044490814209
white-potato,NOR,-7.5
white-potato,NPL,-2.9290038347244263
white-potato,NZL,-4.869081497192383
white-potato,OMN,-7.5
white-potato,PAK,-2.4401720762252808
white-potato,PAN,-7.5
white-potato,PER,-3.674652338027954
white-potato,PHL,-7.5
white-potato,PNG,-7.5
white-potato,POL,-1.2768688201904297
white-potato,PRI,-7.5
white-potato,PRT,-4.950338363647461
white-potato,PRY,-3.5879502296447754
white-potato,PSE,-7.5
white-potato,ROU,-4.280599117279053
white-potato,RUS,-2.2353529930114746
white-potato,RWA,-1.8789657354354858
white-potato,SAU,-7.5
white-potato,SDN,-6.3249101638793945
white-potato,SEN,-7.5
white-potato,SLB,-6.289485692977905
white-potato,SLE,0.38858985900878906
white-potato,SLV,0.0
white-potato,SOM,-6.542159557342529
white-potato,SRB,-2.898676037788391
white-potato,SSD,-7.5
white-potato,SUR,-7.5
white-potato,SVK,-5.0372397899627686
white-potato,SVN,-5.8507866859436035
white-potato,SWE,-7.5
white-potato,SWZ,-7.13077974319458
white-potato,SYR,-5.940679550170898
white-potato,TCD,-6.939986228942871
white-potato,TGO,-7.076177358627319
white-potato,THA,-4.586531639099121
white-potato,TJK,-2.986418128013611
white-potato,TKM,-6.418264389038086
white-potato,TLS,-4.068864971399307
white-potato,TTO,-7.5
white-potato,TUN,-2.964531421661377
white-potato,TUR,-5.284412860870361
white-potato,TWN,-5.78894567489624
white-potato,TZA,-0.7854850888252258
white-potato,UGA,-6.979095697402954
white-potato,UKR,-1.5655964612960815
white-potato,URY,-7.5
white-potato,USA,-5.549633026123047
white-potato,UZB,-4.9155473709106445
white-potato,VEN,-6.081583261489868
white-potato,VNM,-6.544616937637329
white-potato,YEM,-7.5
white-potato,ZAF,-6.623506546020508
white-potato,ZMB,-7.5
white-potato,ZWE,-7.5
yam,AFG,-0.0
yam,AGO,-5.157700538635254
yam,ARG,1.8978036642074585
yam,ATG,-4.912666320800781
yam,BDI,-5.216552734375
yam,BEN,-3.116148829460144
yam,BFA,-4.056429386138916
yam,BIH,3.75
yam,BLZ,-2.365925669670105
yam,BOL,-5.49070405960083
yam,BRA,-4.160907983779907
yam,BRB,-7.5
yam,BRN,-5.604625701904297
yam,BTN,-4.504849195480347
yam,BWA,-4.7466137409210205
yam,CAF,-4.986761569976807
yam,CHN,-3.5109779834747314
yam,CIV,-1.388478398323059
yam,CMR,-4.829120397567749
yam,COD,-5.125211715698242
yam,COG,-5.126458168029785
yam,COL,-2.748263359069824
yam,COM,-5.125866651535034
yam,CRI,-7.5
yam,CUB,-4.073669195175171
yam,DOM,-3.076165795326233
yam,ECU,-5.490691184997559
yam,EGY,-2.7477104663848877
yam,ERI,-5.782007217407227
yam,ETH,-3.8784267902374268
yam,FJI,-7.5
yam,GAB,-5.0822975635528564
yam,GHA,-3.5367586612701416
yam,GIN,-3.073531746864319
yam,GMB,-7.5
yam,GNB,-5.031914472579956
yam,GNQ,-5.211895942687988
yam,GRD,-7.5
yam,GTM,1.4513921737670898
yam,GUF,-0.0
yam,GUY,-7.5
yam,HND,-5.0003578662872314
yam,HRV,-0.0
yam,HTI,-5.603606700897217
yam,IDN,-5.3583762645721436
yam,IND,-0.5648080110549927
yam,IRN,-0.0
yam,ISR,2.051328659057617
yam,JAM,-7.5
yam,JOR,7.5
yam,JPN,-7.5
yam,KEN,-2.7736997604370117
yam,KHM,-4.453533411026001
yam,LAO,-2.772740602493286
yam,LBN,-5.710652709007263
yam,LBR,-4.835942506790161
yam,LKA,-4.5872321128845215
yam,LSO,-0.0
yam,MDG,-5.052607536315918
yam,MEX,-0.8537450730800629
yam,MLI,-7.5
yam,MMR,-3.6289167404174805
yam,MNE,-0.0
yam,MOZ,-5.326886177062988
yam,MRT,-5.323676824569702
yam,MUS,-4.774009466171265
yam,MWI,1.29268479347229
yam,MYS,-4.54158353805542
yam,NAM,-4.655564785003662
yam,NER,-5.526208400726318
yam,NGA,-4.90682578086853
yam,NIC,1.954190969467163
yam,NPL,-5.5256898403167725
yam,PAK,-0.991330087184906
yam,PAN,-3.5056945085525513
yam,PER,-4.501397371292114
yam,PHL,-2.333220601081848
yam,PNG,-4.699751138687134
yam,PRI,-7.5
yam,PRY,7.5
yam,PSE,-4.023962616920471
yam,RWA,-1.6877054572105408
yam,SAU,-0.0
yam,SDN,-5.742420196533203
yam,SEN,-3.129746675491333
yam,SLB,-4.2140443325042725
yam,SLE,-5.682390213012695
yam,SLV,1.8981375694274902
yam,SOM,7.5
yam,SSD,-5.571287393569946
yam,STP,-5.32004714012146
yam,SUR,-3.809863328933716
yam,SWZ,-4.980811357498169
yam,SYR,-0.0
yam,TCD,-5.255899906158447
yam,TGO,-2.1954294443130493
yam,THA,-4.221372604370117
yam,TLS,-5.739464044570923
yam,TTO,-7.5
yam,TWN,-4.472727537155151
yam,TZA,-5.297881603240967
yam,UGA,-4.972067594528198
yam,URY,-0.0
yam,USA,7.5
yam,VEN,-3.8165796995162964
yam,VNM,-4.352012395858765
yam,VUT,-4.885324478149414
yam,ZAF,-5.122105836868286
yam,ZMB,-4.6916422843933105
yam,ZWE,-4.663571119308472
